id,country,league,season,date,home_team,away_team,home_team_goal,away_team_goal,FTR
1730,England,England Premier League,2008/2009,2008-08-16,Arsenal,West Bromwich Albion,1,0,H
1731,England,England Premier League,2008/2009,2008-08-16,Sunderland,Liverpool,0,1,A
1732,England,England Premier League,2008/2009,2008-08-16,West Ham United,Wigan Athletic,2,1,H
1734,England,England Premier League,2008/2009,2008-08-16,Everton,Blackburn Rovers,2,3,A
1735,England,England Premier League,2008/2009,2008-08-16,Middlesbrough,Tottenham Hotspur,2,1,H
1736,England,England Premier League,2008/2009,2008-08-16,Bolton Wanderers,Stoke City,3,1,H
1737,England,England Premier League,2008/2009,2008-08-16,Hull City,Fulham,2,1,H
1729,England,England Premier League,2008/2009,2008-08-17,Manchester United,Newcastle United,1,1,D
1733,England,England Premier League,2008/2009,2008-08-17,Aston Villa,Manchester City,4,2,H
1738,England,England Premier League,2008/2009,2008-08-17,Chelsea,Portsmouth,4,0,H
1843,England,England Premier League,2008/2009,2008-08-23,Blackburn Rovers,Hull City,1,1,D
1839,England,England Premier League,2008/2009,2008-08-23,Liverpool,Middlesbrough,2,1,H
1841,England,England Premier League,2008/2009,2008-08-23,Newcastle United,Bolton Wanderers,1,0,H
1845,England,England Premier League,2008/2009,2008-08-23,West Bromwich Albion,Everton,1,2,A
1844,England,England Premier League,2008/2009,2008-08-23,Fulham,Arsenal,1,0,H
1847,England,England Premier League,2008/2009,2008-08-23,Stoke City,Aston Villa,3,2,H
1840,England,England Premier League,2008/2009,2008-08-23,Tottenham Hotspur,Sunderland,1,2,A
1842,England,England Premier League,2008/2009,2008-08-24,Manchester City,West Ham United,3,0,H
1848,England,England Premier League,2008/2009,2008-08-24,Wigan Athletic,Chelsea,0,1,A
1846,England,England Premier League,2008/2009,2008-08-25,Portsmouth,Manchester United,0,1,A
1952,England,England Premier League,2008/2009,2008-08-30,West Ham United,Blackburn Rovers,4,1,H
1950,England,England Premier League,2008/2009,2008-08-30,Arsenal,Newcastle United,3,0,H
1954,England,England Premier League,2008/2009,2008-08-30,Everton,Portsmouth,0,3,A
1955,England,England Premier League,2008/2009,2008-08-30,Middlesbrough,Stoke City,2,1,H
1957,England,England Premier League,2008/2009,2008-08-30,Hull City,Wigan Athletic,0,5,A
1956,England,England Premier League,2008/2009,2008-08-30,Bolton Wanderers,West Bromwich Albion,0,0,D
1951,England,England Premier League,2008/2009,2008-08-31,Sunderland,Manchester City,0,3,A
1953,England,England Premier League,2008/2009,2008-08-31,Aston Villa,Liverpool,0,0,D
1958,England,England Premier League,2008/2009,2008-08-31,Chelsea,Tottenham Hotspur,1,1,D
2053,England,England Premier League,2008/2009,2008-09-13,Blackburn Rovers,Arsenal,0,4,A
2049,England,England Premier League,2008/2009,2008-09-13,Liverpool,Manchester United,2,1,H
2052,England,England Premier League,2008/2009,2008-09-13,Manchester City,Chelsea,1,3,A
2051,England,England Premier League,2008/2009,2008-09-13,Newcastle United,Hull City,1,2,A
2054,England,England Premier League,2008/2009,2008-09-13,Fulham,Bolton Wanderers,2,1,H
2056,England,England Premier League,2008/2009,2008-09-13,Portsmouth,Middlesbrough,2,1,H
2058,England,England Premier League,2008/2009,2008-09-13,Wigan Athletic,Sunderland,1,1,D
2055,England,England Premier League,2008/2009,2008-09-13,West Bromwich Albion,West Ham United,3,2,H
2057,England,England Premier League,2008/2009,2008-09-14,Stoke City,Everton,2,3,A
2050,England,England Premier League,2008/2009,2008-09-15,Tottenham Hotspur,Aston Villa,1,2,A
2059,England,England Premier League,2008/2009,2008-09-20,Liverpool,Stoke City,0,0,D
2060,England,England Premier League,2008/2009,2008-09-20,Sunderland,Middlesbrough,2,0,H
2062,England,England Premier League,2008/2009,2008-09-20,West Ham United,Newcastle United,3,1,H
2064,England,England Premier League,2008/2009,2008-09-20,Blackburn Rovers,Fulham,1,0,H
2065,England,England Premier League,2008/2009,2008-09-20,Bolton Wanderers,Arsenal,1,3,A
2061,England,England Premier League,2008/2009,2008-09-21,Tottenham Hotspur,Wigan Athletic,0,0,D
2063,England,England Premier League,2008/2009,2008-09-21,Manchester City,Portsmouth,6,0,H
2066,England,England Premier League,2008/2009,2008-09-21,West Bromwich Albion,Aston Villa,1,2,A
2067,England,England Premier League,2008/2009,2008-09-21,Hull City,Everton,2,2,D
2068,England,England Premier League,2008/2009,2008-09-21,Chelsea,Manchester United,1,1,D
2069,England,England Premier League,2008/2009,2008-09-27,Manchester United,Bolton Wanderers,2,0,H
2070,England,England Premier League,2008/2009,2008-09-27,Arsenal,Hull City,1,2,A
2071,England,England Premier League,2008/2009,2008-09-27,Aston Villa,Sunderland,2,1,H
2072,England,England Premier League,2008/2009,2008-09-27,Everton,Liverpool,0,2,A
2073,England,England Premier League,2008/2009,2008-09-27,Middlesbrough,West Bromwich Albion,0,1,A
2074,England,England Premier League,2008/2009,2008-09-27,Newcastle United,Blackburn Rovers,1,2,A
2075,England,England Premier League,2008/2009,2008-09-27,Fulham,West Ham United,1,2,A
2077,England,England Premier League,2008/2009,2008-09-27,Stoke City,Chelsea,0,2,A
2076,England,England Premier League,2008/2009,2008-09-28,Portsmouth,Tottenham Hotspur,2,0,H
2078,England,England Premier League,2008/2009,2008-09-28,Wigan Athletic,Manchester City,2,1,H
2084,England,England Premier League,2008/2009,2008-10-04,Blackburn Rovers,Manchester United,0,2,A
2079,England,England Premier League,2008/2009,2008-10-04,Sunderland,Arsenal,1,1,D
2087,England,England Premier League,2008/2009,2008-10-04,Wigan Athletic,Middlesbrough,0,1,A
2085,England,England Premier League,2008/2009,2008-10-04,West Bromwich Albion,Fulham,1,0,H
2080,England,England Premier League,2008/2009,2008-10-05,Tottenham Hotspur,Hull City,0,1,A
2081,England,England Premier League,2008/2009,2008-10-05,West Ham United,Bolton Wanderers,1,3,A
2082,England,England Premier League,2008/2009,2008-10-05,Everton,Newcastle United,2,2,D
2083,England,England Premier League,2008/2009,2008-10-05,Manchester City,Liverpool,2,3,A
2086,England,England Premier League,2008/2009,2008-10-05,Portsmouth,Stoke City,2,1,H
2088,England,England Premier League,2008/2009,2008-10-05,Chelsea,Aston Villa,2,0,H
2089,England,England Premier League,2008/2009,2008-10-18,Manchester United,West Bromwich Albion,4,0,H
2092,England,England Premier League,2008/2009,2008-10-18,Aston Villa,Portsmouth,0,0,D
2091,England,England Premier League,2008/2009,2008-10-18,Liverpool,Wigan Athletic,3,2,H
2096,England,England Premier League,2008/2009,2008-10-18,Bolton Wanderers,Blackburn Rovers,0,0,D
2093,England,England Premier League,2008/2009,2008-10-18,Middlesbrough,Chelsea,0,5,A
2095,England,England Premier League,2008/2009,2008-10-18,Fulham,Sunderland,0,0,D
2090,England,England Premier League,2008/2009,2008-10-18,Arsenal,Everton,3,1,H
2097,England,England Premier League,2008/2009,2008-10-19,Hull City,West Ham United,1,0,H
2098,England,England Premier League,2008/2009,2008-10-19,Stoke City,Tottenham Hotspur,2,1,H
2094,England,England Premier League,2008/2009,2008-10-20,Newcastle United,Manchester City,2,2,D
2099,England,England Premier League,2008/2009,2008-10-25,Sunderland,Newcastle United,2,1,H
2102,England,England Premier League,2008/2009,2008-10-25,Everton,Manchester United,1,1,D
2104,England,England Premier League,2008/2009,2008-10-25,Blackburn Rovers,Middlesbrough,1,1,D
2105,England,England Premier League,2008/2009,2008-10-25,West Bromwich Albion,Hull City,0,3,A
2103,England,England Premier League,2008/2009,2008-10-26,Manchester City,Stoke City,3,0,H
2101,England,England Premier League,2008/2009,2008-10-26,West Ham United,Arsenal,0,2,A
2100,England,England Premier League,2008/2009,2008-10-26,Tottenham Hotspur,Bolton Wanderers,2,0,H
2108,England,England Premier League,2008/2009,2008-10-26,Chelsea,Liverpool,0,1,A
2107,England,England Premier League,2008/2009,2008-10-26,Wigan Athletic,Aston Villa,0,4,A
2106,England,England Premier League,2008/2009,2008-10-26,Portsmouth,Fulham,1,1,D
1747,England,England Premier League,2008/2009,2008-10-28,Newcastle United,West Bromwich Albion,2,1,H
1741,England,England Premier League,2008/2009,2008-10-29,Middlesbrough,Manchester City,2,0,H
1743,England,England Premier League,2008/2009,2008-10-29,Hull City,Chelsea,0,3,A
1740,England,England Premier League,2008/2009,2008-10-29,Arsenal,Tottenham Hotspur,4,4,D
1742,England,England Premier League,2008/2009,2008-10-29,Bolton Wanderers,Everton,0,1,A
1745,England,England Premier League,2008/2009,2008-10-29,Liverpool,Portsmouth,1,0,H
1744,England,England Premier League,2008/2009,2008-10-29,Stoke City,Sunderland,1,0,H
1746,England,England Premier League,2008/2009,2008-10-29,Aston Villa,Blackburn Rovers,3,2,H
1748,England,England Premier League,2008/2009,2008-10-29,Fulham,Wigan Athletic,2,0,H
1739,England,England Premier League,2008/2009,2008-10-29,Manchester United,West Ham United,2,0,H
1752,England,England Premier League,2008/2009,2008-11-01,Middlesbrough,West Ham United,1,1,D
1750,England,England Premier League,2008/2009,2008-11-01,Tottenham Hotspur,Liverpool,2,1,H
1751,England,England Premier League,2008/2009,2008-11-01,Everton,Fulham,1,0,H
1749,England,England Premier League,2008/2009,2008-11-01,Manchester United,Hull City,4,3,H
1755,England,England Premier League,2008/2009,2008-11-01,West Bromwich Albion,Blackburn Rovers,2,2,D
1756,England,England Premier League,2008/2009,2008-11-01,Portsmouth,Wigan Athletic,1,2,A
1758,England,England Premier League,2008/2009,2008-11-01,Chelsea,Sunderland,5,0,H
1757,England,England Premier League,2008/2009,2008-11-01,Stoke City,Arsenal,2,1,H
1754,England,England Premier League,2008/2009,2008-11-02,Bolton Wanderers,Manchester City,2,0,H
1753,England,England Premier League,2008/2009,2008-11-03,Newcastle United,Aston Villa,2,0,H
1759,England,England Premier League,2008/2009,2008-11-08,Arsenal,Manchester United,2,1,H
1760,England,England Premier League,2008/2009,2008-11-08,Liverpool,West Bromwich Albion,3,0,H
1761,England,England Premier League,2008/2009,2008-11-08,Sunderland,Portsmouth,1,2,A
1762,England,England Premier League,2008/2009,2008-11-08,West Ham United,Everton,1,3,A
1767,England,England Premier League,2008/2009,2008-11-08,Hull City,Bolton Wanderers,0,1,A
1768,England,England Premier League,2008/2009,2008-11-08,Wigan Athletic,Stoke City,0,0,D
1763,England,England Premier League,2008/2009,2008-11-09,Aston Villa,Middlesbrough,1,2,A
1764,England,England Premier League,2008/2009,2008-11-09,Manchester City,Tottenham Hotspur,1,2,A
1765,England,England Premier League,2008/2009,2008-11-09,Blackburn Rovers,Chelsea,0,2,A
1766,England,England Premier League,2008/2009,2008-11-09,Fulham,Newcastle United,2,1,H
1769,England,England Premier League,2008/2009,2008-11-15,Manchester United,Stoke City,5,0,H
1770,England,England Premier League,2008/2009,2008-11-15,Arsenal,Aston Villa,0,2,A
1771,England,England Premier League,2008/2009,2008-11-15,West Ham United,Portsmouth,0,0,D
1773,England,England Premier League,2008/2009,2008-11-15,Newcastle United,Wigan Athletic,2,2,D
1774,England,England Premier League,2008/2009,2008-11-15,Blackburn Rovers,Sunderland,1,2,A
1775,England,England Premier League,2008/2009,2008-11-15,Fulham,Tottenham Hotspur,2,1,H
1776,England,England Premier League,2008/2009,2008-11-15,Bolton Wanderers,Liverpool,0,2,A
1777,England,England Premier League,2008/2009,2008-11-15,West Bromwich Albion,Chelsea,0,3,A
1772,England,England Premier League,2008/2009,2008-11-16,Everton,Middlesbrough,1,1,D
1778,England,England Premier League,2008/2009,2008-11-16,Hull City,Manchester City,2,2,D
1779,England,England Premier League,2008/2009,2008-11-22,Liverpool,Fulham,0,0,D
1782,England,England Premier League,2008/2009,2008-11-22,Aston Villa,Manchester United,0,0,D
1783,England,England Premier League,2008/2009,2008-11-22,Middlesbrough,Bolton Wanderers,1,3,A
1784,England,England Premier League,2008/2009,2008-11-22,Manchester City,Arsenal,3,0,H
1785,England,England Premier League,2008/2009,2008-11-22,Portsmouth,Hull City,2,2,D
1786,England,England Premier League,2008/2009,2008-11-22,Stoke City,West Bromwich Albion,1,0,H
1788,England,England Premier League,2008/2009,2008-11-22,Chelsea,Newcastle United,0,0,D
1780,England,England Premier League,2008/2009,2008-11-23,Sunderland,West Ham United,0,1,A
1781,England,England Premier League,2008/2009,2008-11-23,Tottenham Hotspur,Blackburn Rovers,1,0,H
1787,England,England Premier League,2008/2009,2008-11-24,Wigan Athletic,Everton,1,0,H
1790,England,England Premier League,2008/2009,2008-11-29,Sunderland,Bolton Wanderers,1,4,A
1792,England,England Premier League,2008/2009,2008-11-29,Aston Villa,Fulham,0,0,D
1793,England,England Premier League,2008/2009,2008-11-29,Middlesbrough,Newcastle United,0,0,D
1796,England,England Premier League,2008/2009,2008-11-29,Stoke City,Hull City,1,1,D
1797,England,England Premier League,2008/2009,2008-11-29,Wigan Athletic,West Bromwich Albion,2,1,H
1791,England,England Premier League,2008/2009,2008-11-30,Tottenham Hotspur,Everton,0,1,A
1794,England,England Premier League,2008/2009,2008-11-30,Manchester City,Manchester United,0,1,A
1795,England,England Premier League,2008/2009,2008-11-30,Portsmouth,Blackburn Rovers,3,2,H
1798,England,England Premier League,2008/2009,2008-11-30,Chelsea,Arsenal,1,2,A
1789,England,England Premier League,2008/2009,2008-12-01,Liverpool,West Ham United,0,0,D
1804,England,England Premier League,2008/2009,2008-12-06,Blackburn Rovers,Liverpool,1,3,A
1799,England,England Premier League,2008/2009,2008-12-06,Manchester United,Sunderland,1,0,H
1803,England,England Premier League,2008/2009,2008-12-06,Newcastle United,Stoke City,2,2,D
1806,England,England Premier League,2008/2009,2008-12-06,Bolton Wanderers,Chelsea,0,2,A
1805,England,England Premier League,2008/2009,2008-12-06,Fulham,Manchester City,1,1,D
1808,England,England Premier League,2008/2009,2008-12-06,Hull City,Middlesbrough,2,1,H
1800,England,England Premier League,2008/2009,2008-12-06,Arsenal,Wigan Athletic,1,0,H
1802,England,England Premier League,2008/2009,2008-12-07,Everton,Aston Villa,2,3,A
1807,England,England Premier League,2008/2009,2008-12-07,West Bromwich Albion,Portsmouth,1,1,D
1801,England,England Premier League,2008/2009,2008-12-08,West Ham United,Tottenham Hotspur,0,2,A
1811,England,England Premier League,2008/2009,2008-12-13,Tottenham Hotspur,Manchester United,0,0,D
1812,England,England Premier League,2008/2009,2008-12-13,Aston Villa,Bolton Wanderers,4,2,H
1809,England,England Premier League,2008/2009,2008-12-13,Liverpool,Hull City,2,2,D
1810,England,England Premier League,2008/2009,2008-12-13,Sunderland,West Bromwich Albion,4,0,H
1817,England,England Premier League,2008/2009,2008-12-13,Wigan Athletic,Blackburn Rovers,3,0,H
1816,England,England Premier League,2008/2009,2008-12-13,Stoke City,Fulham,0,0,D
1814,England,England Premier League,2008/2009,2008-12-13,Manchester City,Everton,0,1,A
1813,England,England Premier League,2008/2009,2008-12-13,Middlesbrough,Arsenal,1,1,D
1815,England,England Premier League,2008/2009,2008-12-14,Portsmouth,Newcastle United,0,3,A
1818,England,England Premier League,2008/2009,2008-12-14,Chelsea,West Ham United,1,1,D
1824,England,England Premier League,2008/2009,2008-12-20,Blackburn Rovers,Stoke City,3,0,H
1826,England,England Premier League,2008/2009,2008-12-20,Bolton Wanderers,Portsmouth,2,1,H
1821,England,England Premier League,2008/2009,2008-12-20,West Ham United,Aston Villa,0,1,A
1828,England,England Premier League,2008/2009,2008-12-20,Hull City,Sunderland,1,4,A
1825,England,England Premier League,2008/2009,2008-12-20,Fulham,Middlesbrough,3,0,H
1820,England,England Premier League,2008/2009,2008-12-21,Arsenal,Liverpool,1,1,D
1823,England,England Premier League,2008/2009,2008-12-21,Newcastle United,Tottenham Hotspur,2,1,H
1827,England,England Premier League,2008/2009,2008-12-21,West Bromwich Albion,Manchester City,2,1,H
1822,England,England Premier League,2008/2009,2008-12-22,Everton,Chelsea,0,0,D
1831,England,England Premier League,2008/2009,2008-12-26,Tottenham Hotspur,Fulham,0,0,D
1829,England,England Premier League,2008/2009,2008-12-26,Liverpool,Bolton Wanderers,3,0,H
1830,England,England Premier League,2008/2009,2008-12-26,Sunderland,Blackburn Rovers,0,0,D
1832,England,England Premier League,2008/2009,2008-12-26,Aston Villa,Arsenal,2,2,D
1833,England,England Premier League,2008/2009,2008-12-26,Middlesbrough,Everton,0,1,A
1834,England,England Premier League,2008/2009,2008-12-26,Manchester City,Hull City,5,1,H
1836,England,England Premier League,2008/2009,2008-12-26,Stoke City,Manchester United,0,1,A
1838,England,England Premier League,2008/2009,2008-12-26,Chelsea,West Bromwich Albion,2,0,H
1837,England,England Premier League,2008/2009,2008-12-26,Wigan Athletic,Newcastle United,2,1,H
1835,England,England Premier League,2008/2009,2008-12-26,Portsmouth,West Ham United,1,4,A
1853,England,England Premier League,2008/2009,2008-12-28,Newcastle United,Liverpool,1,5,A
1851,England,England Premier League,2008/2009,2008-12-28,West Ham United,Stoke City,2,1,H
1852,England,England Premier League,2008/2009,2008-12-28,Everton,Sunderland,3,0,H
1850,England,England Premier League,2008/2009,2008-12-28,Arsenal,Portsmouth,1,0,H
1854,England,England Premier League,2008/2009,2008-12-28,Blackburn Rovers,Manchester City,2,2,D
1855,England,England Premier League,2008/2009,2008-12-28,Fulham,Chelsea,2,2,D
1857,England,England Premier League,2008/2009,2008-12-28,West Bromwich Albion,Tottenham Hotspur,2,0,H
1856,England,England Premier League,2008/2009,2008-12-28,Bolton Wanderers,Wigan Athletic,0,1,A
1849,England,England Premier League,2008/2009,2008-12-29,Manchester United,Middlesbrough,1,0,H
1858,England,England Premier League,2008/2009,2008-12-30,Hull City,Aston Villa,0,1,A
1860,England,England Premier League,2008/2009,2009-01-10,Arsenal,Bolton Wanderers,1,0,H
1861,England,England Premier League,2008/2009,2009-01-10,Aston Villa,West Bromwich Albion,2,1,H
1862,England,England Premier League,2008/2009,2009-01-10,Everton,Hull City,2,0,H
1863,England,England Premier League,2008/2009,2009-01-10,Middlesbrough,Sunderland,1,1,D
1864,England,England Premier League,2008/2009,2009-01-10,Newcastle United,West Ham United,2,2,D
1867,England,England Premier League,2008/2009,2009-01-10,Stoke City,Liverpool,0,0,D
1859,England,England Premier League,2008/2009,2009-01-11,Manchester United,Chelsea,3,0,H
1868,England,England Premier League,2008/2009,2009-01-11,Wigan Athletic,Tottenham Hotspur,1,0,H
1819,England,England Premier League,2008/2009,2009-01-14,Manchester United,Wigan Athletic,1,0,H
1870,England,England Premier League,2008/2009,2009-01-17,Sunderland,Aston Villa,1,2,A
1873,England,England Premier League,2008/2009,2009-01-17,Manchester City,Wigan Athletic,1,0,H
1874,England,England Premier League,2008/2009,2009-01-17,Blackburn Rovers,Newcastle United,3,0,H
1875,England,England Premier League,2008/2009,2009-01-17,Bolton Wanderers,Manchester United,0,1,A
1876,England,England Premier League,2008/2009,2009-01-17,West Bromwich Albion,Middlesbrough,3,0,H
1877,England,England Premier League,2008/2009,2009-01-17,Hull City,Arsenal,1,3,A
1878,England,England Premier League,2008/2009,2009-01-17,Chelsea,Stoke City,2,1,H
1871,England,England Premier League,2008/2009,2009-01-18,Tottenham Hotspur,Portsmouth,1,1,D
1872,England,England Premier League,2008/2009,2009-01-18,West Ham United,Fulham,3,1,H
1869,England,England Premier League,2008/2009,2009-01-19,Liverpool,Everton,1,1,D
1879,England,England Premier League,2008/2009,2009-01-27,Sunderland,Fulham,1,0,H
1880,England,England Premier League,2008/2009,2009-01-27,Tottenham Hotspur,Stoke City,3,1,H
1882,England,England Premier League,2008/2009,2009-01-27,West Bromwich Albion,Manchester United,0,5,A
1883,England,England Premier League,2008/2009,2009-01-27,Portsmouth,Aston Villa,0,1,A
1881,England,England Premier League,2008/2009,2009-01-28,West Ham United,Hull City,2,0,H
1884,England,England Premier League,2008/2009,2009-01-28,Wigan Athletic,Liverpool,1,1,D
1885,England,England Premier League,2008/2009,2009-01-28,Everton,Arsenal,1,1,D
1886,England,England Premier League,2008/2009,2009-01-28,Manchester City,Newcastle United,2,1,H
1887,England,England Premier League,2008/2009,2009-01-28,Blackburn Rovers,Bolton Wanderers,2,2,D
1888,England,England Premier League,2008/2009,2009-01-28,Chelsea,Middlesbrough,2,0,H
1889,England,England Premier League,2008/2009,2009-01-31,Manchester United,Everton,1,0,H
1890,England,England Premier League,2008/2009,2009-01-31,Arsenal,West Ham United,0,0,D
1892,England,England Premier League,2008/2009,2009-01-31,Aston Villa,Wigan Athletic,0,0,D
1893,England,England Premier League,2008/2009,2009-01-31,Middlesbrough,Blackburn Rovers,0,0,D
1895,England,England Premier League,2008/2009,2009-01-31,Fulham,Portsmouth,3,1,H
1896,England,England Premier League,2008/2009,2009-01-31,Bolton Wanderers,Tottenham Hotspur,3,2,H
1897,England,England Premier League,2008/2009,2009-01-31,Hull City,West Bromwich Albion,2,2,D
1898,England,England Premier League,2008/2009,2009-01-31,Stoke City,Manchester City,1,0,H
1891,England,England Premier League,2008/2009,2009-02-01,Liverpool,Chelsea,2,0,H
1894,England,England Premier League,2008/2009,2009-02-01,Newcastle United,Sunderland,1,1,D
1904,England,England Premier League,2008/2009,2009-02-07,Blackburn Rovers,Aston Villa,0,2,A
1899,England,England Premier League,2008/2009,2009-02-07,Sunderland,Stoke City,2,0,H
1902,England,England Premier League,2008/2009,2009-02-07,Everton,Bolton Wanderers,3,0,H
1903,England,England Premier League,2008/2009,2009-02-07,Manchester City,Middlesbrough,1,0,H
1906,England,England Premier League,2008/2009,2009-02-07,Portsmouth,Liverpool,2,3,A
1907,England,England Premier League,2008/2009,2009-02-07,Wigan Athletic,Fulham,0,0,D
1908,England,England Premier League,2008/2009,2009-02-07,Chelsea,Hull City,0,0,D
1905,England,England Premier League,2008/2009,2009-02-07,West Bromwich Albion,Newcastle United,2,3,A
1900,England,England Premier League,2008/2009,2009-02-08,Tottenham Hotspur,Arsenal,0,0,D
1901,England,England Premier League,2008/2009,2009-02-08,West Ham United,Manchester United,0,1,A
1866,England,England Premier League,2008/2009,2009-02-14,Portsmouth,Manchester City,2,0,H
1949,England,England Premier League,2008/2009,2009-02-18,Manchester United,Fulham,3,0,H
1909,England,England Premier League,2008/2009,2009-02-21,Manchester United,Blackburn Rovers,2,1,H
1910,England,England Premier League,2008/2009,2009-02-21,Arsenal,Sunderland,0,0,D
1912,England,England Premier League,2008/2009,2009-02-21,Aston Villa,Chelsea,0,1,A
1913,England,England Premier League,2008/2009,2009-02-21,Middlesbrough,Wigan Athletic,0,0,D
1916,England,England Premier League,2008/2009,2009-02-21,Bolton Wanderers,West Ham United,2,1,H
1918,England,England Premier League,2008/2009,2009-02-21,Stoke City,Portsmouth,2,2,D
1911,England,England Premier League,2008/2009,2009-02-22,Liverpool,Manchester City,1,1,D
1914,England,England Premier League,2008/2009,2009-02-22,Newcastle United,Everton,0,0,D
1915,England,England Premier League,2008/2009,2009-02-22,Fulham,West Bromwich Albion,2,0,H
1917,England,England Premier League,2008/2009,2009-02-23,Hull City,Tottenham Hotspur,1,2,A
1920,England,England Premier League,2008/2009,2009-02-28,Arsenal,Fulham,0,0,D
1924,England,England Premier League,2008/2009,2009-02-28,Everton,West Bromwich Albion,2,0,H
1925,England,England Premier League,2008/2009,2009-02-28,Middlesbrough,Liverpool,2,0,H
1928,England,England Premier League,2008/2009,2009-02-28,Chelsea,Wigan Athletic,2,1,H
1922,England,England Premier League,2008/2009,2009-03-01,West Ham United,Manchester City,1,0,H
1923,England,England Premier League,2008/2009,2009-03-01,Aston Villa,Stoke City,2,2,D
1926,England,England Premier League,2008/2009,2009-03-01,Bolton Wanderers,Newcastle United,1,0,H
1927,England,England Premier League,2008/2009,2009-03-01,Hull City,Blackburn Rovers,1,2,A
1930,England,England Premier League,2008/2009,2009-03-03,West Bromwich Albion,Arsenal,1,3,A
1931,England,England Premier League,2008/2009,2009-03-03,Portsmouth,Chelsea,0,1,A
1934,England,England Premier League,2008/2009,2009-03-03,Liverpool,Sunderland,2,0,H
1937,England,England Premier League,2008/2009,2009-03-04,Blackburn Rovers,Everton,0,0,D
1938,England,England Premier League,2008/2009,2009-03-04,Fulham,Hull City,0,1,A
1929,England,England Premier League,2008/2009,2009-03-04,Tottenham Hotspur,Middlesbrough,4,0,H
1932,England,England Premier League,2008/2009,2009-03-04,Stoke City,Bolton Wanderers,2,0,H
1933,England,England Premier League,2008/2009,2009-03-04,Wigan Athletic,West Ham United,0,1,A
1935,England,England Premier League,2008/2009,2009-03-04,Newcastle United,Manchester United,1,2,A
1936,England,England Premier League,2008/2009,2009-03-04,Manchester City,Aston Villa,2,0,H
1921,England,England Premier League,2008/2009,2009-03-07,Sunderland,Tottenham Hotspur,1,1,D
1865,England,England Premier League,2008/2009,2009-03-11,Fulham,Blackburn Rovers,1,2,A
1939,England,England Premier League,2008/2009,2009-03-14,Manchester United,Liverpool,1,4,A
1940,England,England Premier League,2008/2009,2009-03-14,Arsenal,Blackburn Rovers,4,0,H
1941,England,England Premier League,2008/2009,2009-03-14,Sunderland,Wigan Athletic,1,2,A
1944,England,England Premier League,2008/2009,2009-03-14,Everton,Stoke City,3,1,H
1945,England,England Premier League,2008/2009,2009-03-14,Middlesbrough,Portsmouth,1,1,D
1946,England,England Premier League,2008/2009,2009-03-14,Bolton Wanderers,Fulham,1,3,A
1947,England,England Premier League,2008/2009,2009-03-14,Hull City,Newcastle United,1,1,D
1943,England,England Premier League,2008/2009,2009-03-15,Aston Villa,Tottenham Hotspur,1,2,A
1948,England,England Premier League,2008/2009,2009-03-15,Chelsea,Manchester City,1,0,H
1942,England,England Premier League,2008/2009,2009-03-16,West Ham United,West Bromwich Albion,0,0,D
1964,England,England Premier League,2008/2009,2009-03-21,Fulham,Manchester United,2,0,H
1960,England,England Premier League,2008/2009,2009-03-21,Tottenham Hotspur,Chelsea,1,0,H
1963,England,England Premier League,2008/2009,2009-03-21,Blackburn Rovers,West Ham United,1,1,D
1966,England,England Premier League,2008/2009,2009-03-21,Portsmouth,Everton,2,1,H
1965,England,England Premier League,2008/2009,2009-03-21,West Bromwich Albion,Bolton Wanderers,1,1,D
1967,England,England Premier League,2008/2009,2009-03-21,Stoke City,Middlesbrough,1,0,H
1961,England,England Premier League,2008/2009,2009-03-21,Newcastle United,Arsenal,1,3,A
1959,England,England Premier League,2008/2009,2009-03-22,Liverpool,Aston Villa,5,0,H
1962,England,England Premier League,2008/2009,2009-03-22,Manchester City,Sunderland,1,0,H
1968,England,England Premier League,2008/2009,2009-03-22,Wigan Athletic,Hull City,1,0,H
1973,England,England Premier League,2008/2009,2009-04-04,Newcastle United,Chelsea,0,2,A
1970,England,England Premier League,2008/2009,2009-04-04,Arsenal,Manchester City,2,0,H
1971,England,England Premier League,2008/2009,2009-04-04,West Ham United,Sunderland,2,0,H
1974,England,England Premier League,2008/2009,2009-04-04,Blackburn Rovers,Tottenham Hotspur,2,1,H
1975,England,England Premier League,2008/2009,2009-04-04,Fulham,Liverpool,0,1,A
1977,England,England Premier League,2008/2009,2009-04-04,West Bromwich Albion,Stoke City,0,2,A
1978,England,England Premier League,2008/2009,2009-04-04,Hull City,Portsmouth,0,0,D
1976,England,England Premier League,2008/2009,2009-04-04,Bolton Wanderers,Middlesbrough,4,1,H
1969,England,England Premier League,2008/2009,2009-04-05,Manchester United,Aston Villa,3,2,H
1972,England,England Premier League,2008/2009,2009-04-05,Everton,Wigan Athletic,4,0,H
1983,England,England Premier League,2008/2009,2009-04-11,Middlesbrough,Hull City,3,1,H
1979,England,England Premier League,2008/2009,2009-04-11,Liverpool,Blackburn Rovers,4,0,H
1981,England,England Premier League,2008/2009,2009-04-11,Tottenham Hotspur,West Ham United,1,0,H
1980,England,England Premier League,2008/2009,2009-04-11,Sunderland,Manchester United,1,2,A
1985,England,England Premier League,2008/2009,2009-04-11,Portsmouth,West Bromwich Albion,2,2,D
1987,England,England Premier League,2008/2009,2009-04-11,Wigan Athletic,Arsenal,1,4,A
1988,England,England Premier League,2008/2009,2009-04-11,Chelsea,Bolton Wanderers,4,3,H
1986,England,England Premier League,2008/2009,2009-04-11,Stoke City,Newcastle United,1,1,D
1982,England,England Premier League,2008/2009,2009-04-12,Aston Villa,Everton,3,3,D
1984,England,England Premier League,2008/2009,2009-04-12,Manchester City,Fulham,1,3,A
1990,England,England Premier League,2008/2009,2009-04-18,Sunderland,Hull City,1,0,H
1992,England,England Premier League,2008/2009,2009-04-18,Aston Villa,West Ham United,1,1,D
1993,England,England Premier League,2008/2009,2009-04-18,Middlesbrough,Fulham,0,0,D
1995,England,England Premier League,2008/2009,2009-04-18,Portsmouth,Bolton Wanderers,1,0,H
1996,England,England Premier League,2008/2009,2009-04-18,Stoke City,Blackburn Rovers,1,0,H
1991,England,England Premier League,2008/2009,2009-04-19,Tottenham Hotspur,Newcastle United,1,0,H
1994,England,England Premier League,2008/2009,2009-04-19,Manchester City,West Bromwich Albion,4,2,H
1989,England,England Premier League,2008/2009,2009-04-21,Liverpool,Arsenal,4,4,D
1919,England,England Premier League,2008/2009,2009-04-22,Manchester United,Portsmouth,2,0,H
1998,England,England Premier League,2008/2009,2009-04-22,Chelsea,Everton,0,0,D
1999,England,England Premier League,2008/2009,2009-04-25,Manchester United,Tottenham Hotspur,5,2,H
2001,England,England Premier League,2008/2009,2009-04-25,West Ham United,Chelsea,0,1,A
2002,England,England Premier League,2008/2009,2009-04-25,Everton,Manchester City,1,2,A
2005,England,England Premier League,2008/2009,2009-04-25,Fulham,Stoke City,1,0,H
2006,England,England Premier League,2008/2009,2009-04-25,Bolton Wanderers,Aston Villa,1,1,D
2007,England,England Premier League,2008/2009,2009-04-25,West Bromwich Albion,Sunderland,3,0,H
2008,England,England Premier League,2008/2009,2009-04-25,Hull City,Liverpool,1,3,A
2000,England,England Premier League,2008/2009,2009-04-26,Arsenal,Middlesbrough,2,0,H
2004,England,England Premier League,2008/2009,2009-04-26,Blackburn Rovers,Wigan Athletic,2,0,H
2003,England,England Premier League,2008/2009,2009-04-27,Newcastle United,Portsmouth,0,0,D
2015,England,England Premier League,2008/2009,2009-05-02,Portsmouth,Arsenal,0,3,A
2013,England,England Premier League,2008/2009,2009-05-02,Middlesbrough,Manchester United,0,2,A
2014,England,England Premier League,2008/2009,2009-05-02,Manchester City,Blackburn Rovers,3,1,H
2018,England,England Premier League,2008/2009,2009-05-02,Chelsea,Fulham,3,1,H
2016,England,England Premier League,2008/2009,2009-05-02,Stoke City,West Ham United,0,1,A
2017,England,England Premier League,2008/2009,2009-05-02,Wigan Athletic,Bolton Wanderers,0,0,D
2011,England,England Premier League,2008/2009,2009-05-02,Tottenham Hotspur,West Bromwich Albion,1,0,H
2009,England,England Premier League,2008/2009,2009-05-03,Liverpool,Newcastle United,3,0,H
2010,England,England Premier League,2008/2009,2009-05-03,Sunderland,Everton,0,2,A
2012,England,England Premier League,2008/2009,2009-05-04,Aston Villa,Hull City,1,0,H
2021,England,England Premier League,2008/2009,2009-05-09,West Ham United,Liverpool,0,3,A
2025,England,England Premier League,2008/2009,2009-05-09,Fulham,Aston Villa,3,1,H
2024,England,England Premier League,2008/2009,2009-05-09,Blackburn Rovers,Portsmouth,2,0,H
2028,England,England Premier League,2008/2009,2009-05-09,Hull City,Stoke City,1,2,A
2026,England,England Premier League,2008/2009,2009-05-09,Bolton Wanderers,Sunderland,0,0,D
2027,England,England Premier League,2008/2009,2009-05-09,West Bromwich Albion,Wigan Athletic,3,1,H
2022,England,England Premier League,2008/2009,2009-05-09,Everton,Tottenham Hotspur,0,0,D
2019,England,England Premier League,2008/2009,2009-05-10,Manchester United,Manchester City,2,0,H
2020,England,England Premier League,2008/2009,2009-05-10,Arsenal,Chelsea,1,4,A
2023,England,England Premier League,2008/2009,2009-05-11,Newcastle United,Middlesbrough,3,1,H
1997,England,England Premier League,2008/2009,2009-05-13,Wigan Athletic,Manchester United,1,2,A
2031,England,England Premier League,2008/2009,2009-05-16,Everton,West Ham United,3,1,H
2029,England,England Premier League,2008/2009,2009-05-16,Manchester United,Arsenal,0,0,D
2030,England,England Premier League,2008/2009,2009-05-16,Tottenham Hotspur,Manchester City,2,1,H
2032,England,England Premier League,2008/2009,2009-05-16,Middlesbrough,Aston Villa,1,1,D
2034,England,England Premier League,2008/2009,2009-05-16,Bolton Wanderers,Hull City,1,1,D
2037,England,England Premier League,2008/2009,2009-05-16,Stoke City,Wigan Athletic,2,0,H
2033,England,England Premier League,2008/2009,2009-05-16,Newcastle United,Fulham,0,1,A
2035,England,England Premier League,2008/2009,2009-05-17,West Bromwich Albion,Liverpool,0,2,A
2038,England,England Premier League,2008/2009,2009-05-17,Chelsea,Blackburn Rovers,2,0,H
2036,England,England Premier League,2008/2009,2009-05-18,Portsmouth,Sunderland,3,1,H
2040,England,England Premier League,2008/2009,2009-05-24,Liverpool,Tottenham Hotspur,3,1,H
2041,England,England Premier League,2008/2009,2009-05-24,Sunderland,Chelsea,2,3,A
2043,England,England Premier League,2008/2009,2009-05-24,Aston Villa,Newcastle United,1,0,H
2042,England,England Premier League,2008/2009,2009-05-24,West Ham United,Middlesbrough,2,1,H
2039,England,England Premier League,2008/2009,2009-05-24,Arsenal,Stoke City,4,1,H
2044,England,England Premier League,2008/2009,2009-05-24,Manchester City,Bolton Wanderers,1,0,H
2046,England,England Premier League,2008/2009,2009-05-24,Fulham,Everton,0,2,A
2048,England,England Premier League,2008/2009,2009-05-24,Wigan Athletic,Portsmouth,1,0,H
2045,England,England Premier League,2008/2009,2009-05-24,Blackburn Rovers,West Bromwich Albion,0,0,D
2047,England,England Premier League,2008/2009,2009-05-24,Hull City,Manchester United,0,1,A
2111,England,England Premier League,2009/2010,2009-08-15,Aston Villa,Wigan Athletic,0,2,A
2112,England,England Premier League,2009/2010,2009-08-15,Everton,Arsenal,1,6,A
2113,England,England Premier League,2009/2010,2009-08-15,Wolverhampton Wanderers,West Ham United,0,2,A
2114,England,England Premier League,2009/2010,2009-08-15,Blackburn Rovers,Manchester City,0,2,A
2115,England,England Premier League,2009/2010,2009-08-15,Bolton Wanderers,Sunderland,0,1,A
2116,England,England Premier League,2009/2010,2009-08-15,Portsmouth,Fulham,0,1,A
2117,England,England Premier League,2009/2010,2009-08-15,Stoke City,Burnley,2,0,H
2118,England,England Premier League,2009/2010,2009-08-15,Chelsea,Hull City,2,1,H
2109,England,England Premier League,2009/2010,2009-08-16,Manchester United,Birmingham City,1,0,H
2110,England,England Premier League,2009/2010,2009-08-16,Tottenham Hotspur,Liverpool,2,1,H
2220,England,England Premier League,2009/2010,2009-08-18,Sunderland,Chelsea,1,3,A
2226,England,England Premier League,2009/2010,2009-08-18,Wigan Athletic,Wolverhampton Wanderers,0,1,A
2223,England,England Premier League,2009/2010,2009-08-19,Birmingham City,Portsmouth,1,0,H
2224,England,England Premier League,2009/2010,2009-08-19,Hull City,Tottenham Hotspur,1,5,A
2225,England,England Premier League,2009/2010,2009-08-19,Burnley,Manchester United,1,0,H
2227,England,England Premier League,2009/2010,2009-08-19,Liverpool,Stoke City,4,0,H
2335,England,England Premier League,2009/2010,2009-08-22,Birmingham City,Stoke City,0,0,D
2329,England,England Premier League,2009/2010,2009-08-22,Arsenal,Portsmouth,4,1,H
2333,England,England Premier League,2009/2010,2009-08-22,Manchester City,Wolverhampton Wanderers,1,0,H
2336,England,England Premier League,2009/2010,2009-08-22,Hull City,Bolton Wanderers,1,0,H
2338,England,England Premier League,2009/2010,2009-08-22,Wigan Athletic,Manchester United,0,5,A
2331,England,England Premier League,2009/2010,2009-08-22,Sunderland,Blackburn Rovers,2,1,H
2332,England,England Premier League,2009/2010,2009-08-23,West Ham United,Tottenham Hotspur,1,2,A
2334,England,England Premier League,2009/2010,2009-08-23,Fulham,Chelsea,0,2,A
2337,England,England Premier League,2009/2010,2009-08-23,Burnley,Everton,1,0,H
2330,England,England Premier League,2009/2010,2009-08-24,Liverpool,Aston Villa,1,3,A
2429,England,England Premier League,2009/2010,2009-08-29,Manchester United,Arsenal,2,1,H
2430,England,England Premier League,2009/2010,2009-08-29,Tottenham Hotspur,Birmingham City,2,1,H
2433,England,England Premier League,2009/2010,2009-08-29,Wolverhampton Wanderers,Hull City,1,1,D
2434,England,England Premier League,2009/2010,2009-08-29,Blackburn Rovers,West Ham United,0,0,D
2435,England,England Premier League,2009/2010,2009-08-29,Bolton Wanderers,Liverpool,2,3,A
2437,England,England Premier League,2009/2010,2009-08-29,Stoke City,Sunderland,1,0,H
2438,England,England Premier League,2009/2010,2009-08-29,Chelsea,Burnley,3,0,H
2431,England,England Premier League,2009/2010,2009-08-30,Aston Villa,Fulham,2,0,H
2432,England,England Premier League,2009/2010,2009-08-30,Everton,Wigan Athletic,2,1,H
2436,England,England Premier League,2009/2010,2009-08-30,Portsmouth,Manchester City,0,1,A
2439,England,England Premier League,2009/2010,2009-09-12,Liverpool,Burnley,4,0,H
2440,England,England Premier League,2009/2010,2009-09-12,Sunderland,Hull City,4,1,H
2441,England,England Premier League,2009/2010,2009-09-12,Tottenham Hotspur,Manchester United,1,3,A
2442,England,England Premier League,2009/2010,2009-09-12,Manchester City,Arsenal,4,2,H
2443,England,England Premier League,2009/2010,2009-09-12,Blackburn Rovers,Wolverhampton Wanderers,3,1,H
2446,England,England Premier League,2009/2010,2009-09-12,Portsmouth,Bolton Wanderers,2,3,A
2447,England,England Premier League,2009/2010,2009-09-12,Stoke City,Chelsea,1,2,A
2448,England,England Premier League,2009/2010,2009-09-12,Wigan Athletic,West Ham United,1,0,H
2444,England,England Premier League,2009/2010,2009-09-13,Fulham,Everton,2,1,H
2445,England,England Premier League,2009/2010,2009-09-13,Birmingham City,Aston Villa,0,1,A
2452,England,England Premier League,2009/2010,2009-09-19,Aston Villa,Portsmouth,2,0,H
2450,England,England Premier League,2009/2010,2009-09-19,Arsenal,Wigan Athletic,4,0,H
2451,England,England Premier League,2009/2010,2009-09-19,West Ham United,Liverpool,2,3,A
2456,England,England Premier League,2009/2010,2009-09-19,Hull City,Birmingham City,0,1,A
2457,England,England Premier League,2009/2010,2009-09-19,Burnley,Sunderland,3,1,H
2455,England,England Premier League,2009/2010,2009-09-19,Bolton Wanderers,Stoke City,1,1,D
2449,England,England Premier League,2009/2010,2009-09-20,Manchester United,Manchester City,4,3,H
2453,England,England Premier League,2009/2010,2009-09-20,Everton,Blackburn Rovers,3,0,H
2454,England,England Premier League,2009/2010,2009-09-20,Wolverhampton Wanderers,Fulham,2,1,H
2458,England,England Premier League,2009/2010,2009-09-20,Chelsea,Tottenham Hotspur,3,0,H
2460,England,England Premier League,2009/2010,2009-09-26,Tottenham Hotspur,Burnley,5,0,H
2463,England,England Premier League,2009/2010,2009-09-26,Stoke City,Manchester United,0,2,A
2461,England,England Premier League,2009/2010,2009-09-26,Wigan Athletic,Chelsea,3,1,H
2459,England,England Premier League,2009/2010,2009-09-26,Liverpool,Hull City,6,1,H
2464,England,England Premier League,2009/2010,2009-09-26,Portsmouth,Everton,0,1,A
2468,England,England Premier League,2009/2010,2009-09-26,Birmingham City,Bolton Wanderers,1,2,A
2466,England,England Premier League,2009/2010,2009-09-26,Fulham,Arsenal,0,1,A
2467,England,England Premier League,2009/2010,2009-09-26,Blackburn Rovers,Aston Villa,2,1,H
2462,England,England Premier League,2009/2010,2009-09-27,Sunderland,Wolverhampton Wanderers,5,2,H
2465,England,England Premier League,2009/2010,2009-09-28,Manchester City,West Ham United,3,1,H
2469,England,England Premier League,2009/2010,2009-10-03,Manchester United,Sunderland,2,2,D
2470,England,England Premier League,2009/2010,2009-10-03,Wolverhampton Wanderers,Portsmouth,0,1,A
2474,England,England Premier League,2009/2010,2009-10-03,Burnley,Birmingham City,2,1,H
2475,England,England Premier League,2009/2010,2009-10-03,Bolton Wanderers,Tottenham Hotspur,2,2,D
2476,England,England Premier League,2009/2010,2009-10-03,Hull City,Wigan Athletic,2,1,H
2471,England,England Premier League,2009/2010,2009-10-04,West Ham United,Fulham,2,2,D
2472,England,England Premier League,2009/2010,2009-10-04,Everton,Stoke City,1,1,D
2473,England,England Premier League,2009/2010,2009-10-04,Chelsea,Liverpool,2,0,H
2478,England,England Premier League,2009/2010,2009-10-04,Arsenal,Blackburn Rovers,6,2,H
2477,England,England Premier League,2009/2010,2009-10-05,Aston Villa,Manchester City,1,1,D
2479,England,England Premier League,2009/2010,2009-10-17,Stoke City,West Ham United,2,1,H
2480,England,England Premier League,2009/2010,2009-10-17,Manchester United,Bolton Wanderers,2,1,H
2482,England,England Premier League,2009/2010,2009-10-17,Everton,Wolverhampton Wanderers,1,1,D
2484,England,England Premier League,2009/2010,2009-10-17,Aston Villa,Chelsea,2,1,H
2485,England,England Premier League,2009/2010,2009-10-17,Sunderland,Liverpool,1,0,H
2487,England,England Premier League,2009/2010,2009-10-17,Portsmouth,Tottenham Hotspur,1,2,A
2488,England,England Premier League,2009/2010,2009-10-17,Arsenal,Birmingham City,3,1,H
2483,England,England Premier League,2009/2010,2009-10-18,Blackburn Rovers,Burnley,3,2,H
2486,England,England Premier League,2009/2010,2009-10-18,Wigan Athletic,Manchester City,1,1,D
2481,England,England Premier League,2009/2010,2009-10-19,Fulham,Hull City,2,0,H
2119,England,England Premier League,2009/2010,2009-10-24,Burnley,Wigan Athletic,1,3,A
2120,England,England Premier League,2009/2010,2009-10-24,Chelsea,Blackburn Rovers,5,0,H
2122,England,England Premier League,2009/2010,2009-10-24,Birmingham City,Sunderland,2,1,H
2123,England,England Premier League,2009/2010,2009-10-24,Tottenham Hotspur,Stoke City,0,1,A
2125,England,England Premier League,2009/2010,2009-10-24,Wolverhampton Wanderers,Aston Villa,1,1,D
2126,England,England Premier League,2009/2010,2009-10-24,Hull City,Portsmouth,0,0,D
2121,England,England Premier League,2009/2010,2009-10-25,Bolton Wanderers,Everton,3,2,H
2124,England,England Premier League,2009/2010,2009-10-25,West Ham United,Arsenal,2,2,D
2127,England,England Premier League,2009/2010,2009-10-25,Liverpool,Manchester United,2,0,H
2128,England,England Premier League,2009/2010,2009-10-25,Manchester City,Fulham,2,2,D
2132,England,England Premier League,2009/2010,2009-10-31,Everton,Aston Villa,1,1,D
2129,England,England Premier League,2009/2010,2009-10-31,Portsmouth,Wigan Athletic,4,0,H
2130,England,England Premier League,2009/2010,2009-10-31,Manchester United,Blackburn Rovers,2,0,H
2134,England,England Premier League,2009/2010,2009-10-31,Bolton Wanderers,Chelsea,0,4,A
2131,England,England Premier League,2009/2010,2009-10-31,Fulham,Liverpool,3,1,H
2136,England,England Premier League,2009/2010,2009-10-31,Arsenal,Tottenham Hotspur,3,0,H
2137,England,England Premier League,2009/2010,2009-10-31,Stoke City,Wolverhampton Wanderers,2,2,D
2138,England,England Premier League,2009/2010,2009-10-31,Sunderland,West Ham United,2,2,D
2133,England,England Premier League,2009/2010,2009-10-31,Burnley,Hull City,2,0,H
2135,England,England Premier League,2009/2010,2009-11-01,Birmingham City,Manchester City,0,0,D
2221,England,England Premier League,2009/2010,2009-11-04,West Ham United,Aston Villa,2,1,H
2141,England,England Premier League,2009/2010,2009-11-07,Wolverhampton Wanderers,Arsenal,1,4,A
2143,England,England Premier League,2009/2010,2009-11-07,Tottenham Hotspur,Sunderland,2,0,H
2144,England,England Premier League,2009/2010,2009-11-07,Manchester City,Burnley,3,3,D
2146,England,England Premier League,2009/2010,2009-11-07,Aston Villa,Bolton Wanderers,5,1,H
2147,England,England Premier League,2009/2010,2009-11-07,Blackburn Rovers,Portsmouth,3,1,H
2140,England,England Premier League,2009/2010,2009-11-08,Hull City,Stoke City,2,1,H
2139,England,England Premier League,2009/2010,2009-11-08,Wigan Athletic,Fulham,1,1,D
2148,England,England Premier League,2009/2010,2009-11-08,Chelsea,Manchester United,1,0,H
2142,England,England Premier League,2009/2010,2009-11-08,West Ham United,Everton,1,2,A
2145,England,England Premier League,2009/2010,2009-11-09,Liverpool,Birmingham City,2,2,D
2149,England,England Premier League,2009/2010,2009-11-21,Birmingham City,Fulham,1,0,H
2150,England,England Premier League,2009/2010,2009-11-21,Sunderland,Arsenal,1,0,H
2152,England,England Premier League,2009/2010,2009-11-21,Burnley,Aston Villa,1,1,D
2153,England,England Premier League,2009/2010,2009-11-21,Chelsea,Wolverhampton Wanderers,4,0,H
2154,England,England Premier League,2009/2010,2009-11-21,Hull City,West Ham United,3,3,D
2155,England,England Premier League,2009/2010,2009-11-21,Liverpool,Manchester City,2,2,D
2156,England,England Premier League,2009/2010,2009-11-21,Manchester United,Everton,3,0,H
2151,England,England Premier League,2009/2010,2009-11-22,Stoke City,Portsmouth,1,0,H
2157,England,England Premier League,2009/2010,2009-11-22,Tottenham Hotspur,Wigan Athletic,9,1,H
2158,England,England Premier League,2009/2010,2009-11-22,Bolton Wanderers,Blackburn Rovers,0,2,A
2193,England,England Premier League,2009/2010,2009-11-25,Hull City,Everton,3,2,H
2222,England,England Premier League,2009/2010,2009-11-25,Fulham,Blackburn Rovers,3,0,H
2162,England,England Premier League,2009/2010,2009-11-28,Manchester City,Hull City,1,1,D
2160,England,England Premier League,2009/2010,2009-11-28,West Ham United,Burnley,5,3,H
2165,England,England Premier League,2009/2010,2009-11-28,Blackburn Rovers,Stoke City,0,0,D
2163,England,England Premier League,2009/2010,2009-11-28,Fulham,Bolton Wanderers,1,1,D
2166,England,England Premier League,2009/2010,2009-11-28,Aston Villa,Tottenham Hotspur,1,1,D
2168,England,England Premier League,2009/2010,2009-11-28,Wigan Athletic,Sunderland,1,0,H
2159,England,England Premier League,2009/2010,2009-11-28,Portsmouth,Manchester United,1,4,A
2164,England,England Premier League,2009/2010,2009-11-29,Everton,Liverpool,0,2,A
2167,England,England Premier League,2009/2010,2009-11-29,Arsenal,Chelsea,0,3,A
2161,England,England Premier League,2009/2010,2009-11-29,Wolverhampton Wanderers,Birmingham City,0,1,A
2169,England,England Premier League,2009/2010,2009-12-05,Portsmouth,Burnley,2,0,H
2170,England,England Premier League,2009/2010,2009-12-05,West Ham United,Manchester United,0,4,A
2171,England,England Premier League,2009/2010,2009-12-05,Wigan Athletic,Birmingham City,2,3,A
2172,England,England Premier League,2009/2010,2009-12-05,Wolverhampton Wanderers,Bolton Wanderers,2,1,H
2173,England,England Premier League,2009/2010,2009-12-05,Manchester City,Chelsea,2,1,H
2176,England,England Premier League,2009/2010,2009-12-05,Blackburn Rovers,Liverpool,0,0,D
2177,England,England Premier League,2009/2010,2009-12-05,Aston Villa,Hull City,3,0,H
2178,England,England Premier League,2009/2010,2009-12-05,Arsenal,Stoke City,2,0,H
2174,England,England Premier League,2009/2010,2009-12-06,Fulham,Sunderland,1,0,H
2175,England,England Premier League,2009/2010,2009-12-06,Everton,Tottenham Hotspur,2,2,D
2179,England,England Premier League,2009/2010,2009-12-12,Manchester United,Aston Villa,0,1,A
2180,England,England Premier League,2009/2010,2009-12-12,Stoke City,Wigan Athletic,2,2,D
2181,England,England Premier League,2009/2010,2009-12-12,Sunderland,Portsmouth,1,1,D
2182,England,England Premier League,2009/2010,2009-12-12,Tottenham Hotspur,Wolverhampton Wanderers,0,1,A
2184,England,England Premier League,2009/2010,2009-12-12,Hull City,Blackburn Rovers,0,0,D
2185,England,England Premier League,2009/2010,2009-12-12,Chelsea,Everton,3,3,D
2186,England,England Premier League,2009/2010,2009-12-12,Burnley,Fulham,1,1,D
2187,England,England Premier League,2009/2010,2009-12-12,Bolton Wanderers,Manchester City,3,3,D
2188,England,England Premier League,2009/2010,2009-12-12,Birmingham City,West Ham United,1,0,H
2183,England,England Premier League,2009/2010,2009-12-13,Liverpool,Arsenal,1,2,A
2190,England,England Premier League,2009/2010,2009-12-15,Sunderland,Aston Villa,0,2,A
2192,England,England Premier League,2009/2010,2009-12-15,Manchester United,Wolverhampton Wanderers,3,0,H
2195,England,England Premier League,2009/2010,2009-12-15,Bolton Wanderers,West Ham United,3,1,H
2196,England,England Premier League,2009/2010,2009-12-15,Birmingham City,Blackburn Rovers,2,1,H
2189,England,England Premier League,2009/2010,2009-12-16,Tottenham Hotspur,Manchester City,3,0,H
2194,England,England Premier League,2009/2010,2009-12-16,Burnley,Arsenal,1,1,D
2197,England,England Premier League,2009/2010,2009-12-16,Liverpool,Wigan Athletic,2,1,H
2198,England,England Premier League,2009/2010,2009-12-16,Chelsea,Portsmouth,2,1,H
2204,England,England Premier League,2009/2010,2009-12-19,Manchester City,Sunderland,4,3,H
2203,England,England Premier League,2009/2010,2009-12-19,Portsmouth,Liverpool,2,0,H
2199,England,England Premier League,2009/2010,2009-12-19,Arsenal,Hull City,3,0,H
2208,England,England Premier League,2009/2010,2009-12-19,Aston Villa,Stoke City,1,0,H
2207,England,England Premier League,2009/2010,2009-12-19,Blackburn Rovers,Tottenham Hotspur,0,2,A
2205,England,England Premier League,2009/2010,2009-12-19,Fulham,Manchester United,3,0,H
2200,England,England Premier League,2009/2010,2009-12-20,Wolverhampton Wanderers,Burnley,2,0,H
2202,England,England Premier League,2009/2010,2009-12-20,West Ham United,Chelsea,1,1,D
2206,England,England Premier League,2009/2010,2009-12-20,Everton,Birmingham City,1,1,D
2210,England,England Premier League,2009/2010,2009-12-26,West Ham United,Portsmouth,2,0,H
2209,England,England Premier League,2009/2010,2009-12-26,Wigan Athletic,Blackburn Rovers,1,1,D
2211,England,England Premier League,2009/2010,2009-12-26,Sunderland,Everton,1,1,D
2212,England,England Premier League,2009/2010,2009-12-26,Manchester City,Stoke City,2,0,H
2213,England,England Premier League,2009/2010,2009-12-26,Liverpool,Wolverhampton Wanderers,2,0,H
2216,England,England Premier League,2009/2010,2009-12-26,Burnley,Bolton Wanderers,1,1,D
2215,England,England Premier League,2009/2010,2009-12-26,Fulham,Tottenham Hotspur,0,0,D
2217,England,England Premier League,2009/2010,2009-12-26,Birmingham City,Chelsea,0,0,D
2214,England,England Premier League,2009/2010,2009-12-27,Hull City,Manchester United,1,3,A
2218,England,England Premier League,2009/2010,2009-12-27,Arsenal,Aston Villa,3,0,H
2229,England,England Premier League,2009/2010,2009-12-28,Wolverhampton Wanderers,Manchester City,0,3,A
2230,England,England Premier League,2009/2010,2009-12-28,Tottenham Hotspur,West Ham United,2,0,H
2231,England,England Premier League,2009/2010,2009-12-28,Stoke City,Birmingham City,0,1,A
2233,England,England Premier League,2009/2010,2009-12-28,Everton,Burnley,2,0,H
2234,England,England Premier League,2009/2010,2009-12-28,Chelsea,Fulham,2,1,H
2236,England,England Premier League,2009/2010,2009-12-28,Blackburn Rovers,Sunderland,2,2,D
2235,England,England Premier League,2009/2010,2009-12-29,Bolton Wanderers,Hull City,2,2,D
2237,England,England Premier League,2009/2010,2009-12-29,Aston Villa,Liverpool,0,1,A
2232,England,England Premier League,2009/2010,2009-12-30,Portsmouth,Arsenal,1,4,A
2238,England,England Premier League,2009/2010,2009-12-30,Manchester United,Wigan Athletic,5,0,H
2191,England,England Premier League,2009/2010,2010-01-05,Stoke City,Fulham,3,2,H
2247,England,England Premier League,2009/2010,2010-01-09,Birmingham City,Manchester United,1,1,D
2248,England,England Premier League,2009/2010,2010-01-09,Arsenal,Everton,2,2,D
2241,England,England Premier League,2009/2010,2010-01-11,Manchester City,Blackburn Rovers,4,1,H
2250,England,England Premier League,2009/2010,2010-01-16,Stoke City,Liverpool,1,1,D
2251,England,England Premier League,2009/2010,2010-01-16,Tottenham Hotspur,Hull City,0,0,D
2252,England,England Premier League,2009/2010,2010-01-16,Wolverhampton Wanderers,Wigan Athletic,0,2,A
2253,England,England Premier League,2009/2010,2010-01-16,Manchester United,Burnley,3,0,H
2254,England,England Premier League,2009/2010,2010-01-16,Everton,Manchester City,2,0,H
2255,England,England Premier League,2009/2010,2010-01-16,Chelsea,Sunderland,7,2,H
2258,England,England Premier League,2009/2010,2010-01-17,Aston Villa,West Ham United,0,0,D
2256,England,England Premier League,2009/2010,2010-01-17,Bolton Wanderers,Arsenal,0,2,A
2257,England,England Premier League,2009/2010,2010-01-17,Blackburn Rovers,Fulham,2,0,H
2219,England,England Premier League,2009/2010,2010-01-20,Arsenal,Bolton Wanderers,4,2,H
2242,England,England Premier League,2009/2010,2010-01-20,Liverpool,Tottenham Hotspur,2,0,H
2263,England,England Premier League,2009/2010,2010-01-23,Manchester United,Hull City,4,0,H
2259,England,England Premier League,2009/2010,2010-01-26,Wolverhampton Wanderers,Liverpool,0,0,D
2260,England,England Premier League,2009/2010,2010-01-26,Tottenham Hotspur,Fulham,2,0,H
2262,England,England Premier League,2009/2010,2010-01-26,Portsmouth,West Ham United,1,1,D
2264,England,England Premier League,2009/2010,2010-01-26,Bolton Wanderers,Burnley,1,0,H
2266,England,England Premier League,2009/2010,2010-01-27,Chelsea,Birmingham City,3,0,H
2265,England,England Premier League,2009/2010,2010-01-27,Everton,Sunderland,2,0,H
2268,England,England Premier League,2009/2010,2010-01-27,Aston Villa,Arsenal,0,0,D
2267,England,England Premier League,2009/2010,2010-01-27,Blackburn Rovers,Wigan Athletic,2,1,H
2269,England,England Premier League,2009/2010,2010-01-30,West Ham United,Blackburn Rovers,0,0,D
2270,England,England Premier League,2009/2010,2010-01-30,Wigan Athletic,Everton,0,1,A
2273,England,England Premier League,2009/2010,2010-01-30,Liverpool,Bolton Wanderers,2,0,H
2274,England,England Premier League,2009/2010,2010-01-30,Hull City,Wolverhampton Wanderers,2,2,D
2275,England,England Premier League,2009/2010,2010-01-30,Fulham,Aston Villa,0,2,A
2276,England,England Premier League,2009/2010,2010-01-30,Burnley,Chelsea,1,2,A
2278,England,England Premier League,2009/2010,2010-01-30,Birmingham City,Tottenham Hotspur,1,1,D
2272,England,England Premier League,2009/2010,2010-01-31,Manchester City,Portsmouth,2,0,H
2277,England,England Premier League,2009/2010,2010-01-31,Arsenal,Manchester United,1,3,A
2271,England,England Premier League,2009/2010,2010-02-01,Sunderland,Stoke City,0,0,D
2243,England,England Premier League,2009/2010,2010-02-02,Hull City,Chelsea,1,1,D
2244,England,England Premier League,2009/2010,2010-02-03,Fulham,Portsmouth,1,0,H
2279,England,England Premier League,2009/2010,2010-02-06,Manchester United,Portsmouth,5,0,H
2280,England,England Premier League,2009/2010,2010-02-06,Stoke City,Blackburn Rovers,3,0,H
2281,England,England Premier League,2009/2010,2010-02-06,Sunderland,Wigan Athletic,1,1,D
2282,England,England Premier League,2009/2010,2010-02-06,Tottenham Hotspur,Aston Villa,0,0,D
2283,England,England Premier League,2009/2010,2010-02-06,Burnley,West Ham United,2,1,H
2285,England,England Premier League,2009/2010,2010-02-06,Bolton Wanderers,Fulham,0,0,D
2286,England,England Premier League,2009/2010,2010-02-06,Hull City,Manchester City,2,1,H
2287,England,England Premier League,2009/2010,2010-02-06,Liverpool,Everton,1,0,H
2284,England,England Premier League,2009/2010,2010-02-07,Chelsea,Arsenal,2,0,H
2288,England,England Premier League,2009/2010,2010-02-07,Birmingham City,Wolverhampton Wanderers,2,1,H
2290,England,England Premier League,2009/2010,2010-02-09,Fulham,Burnley,3,0,H
2293,England,England Premier League,2009/2010,2010-02-09,Wigan Athletic,Stoke City,1,1,D
2294,England,England Premier League,2009/2010,2010-02-09,Portsmouth,Sunderland,1,1,D
2298,England,England Premier League,2009/2010,2010-02-09,Manchester City,Bolton Wanderers,2,0,H
2289,England,England Premier League,2009/2010,2010-02-10,Arsenal,Liverpool,1,0,H
2291,England,England Premier League,2009/2010,2010-02-10,West Ham United,Birmingham City,2,0,H
2292,England,England Premier League,2009/2010,2010-02-10,Wolverhampton Wanderers,Tottenham Hotspur,1,0,H
2295,England,England Premier League,2009/2010,2010-02-10,Blackburn Rovers,Hull City,1,0,H
2296,England,England Premier League,2009/2010,2010-02-10,Aston Villa,Manchester United,1,1,D
2297,England,England Premier League,2009/2010,2010-02-10,Everton,Chelsea,2,1,H
2261,England,England Premier League,2009/2010,2010-02-16,Stoke City,Manchester City,1,1,D
2201,England,England Premier League,2009/2010,2010-02-17,Wigan Athletic,Bolton Wanderers,0,0,D
2303,England,England Premier League,2009/2010,2010-02-20,Everton,Manchester United,3,1,H
2301,England,England Premier League,2009/2010,2010-02-20,West Ham United,Hull City,3,0,H
2306,England,England Premier League,2009/2010,2010-02-20,Wolverhampton Wanderers,Chelsea,0,2,A
2304,England,England Premier League,2009/2010,2010-02-20,Arsenal,Sunderland,2,0,H
2300,England,England Premier League,2009/2010,2010-02-20,Portsmouth,Stoke City,1,2,A
2299,England,England Premier League,2009/2010,2010-02-21,Fulham,Birmingham City,2,1,H
2302,England,England Premier League,2009/2010,2010-02-21,Blackburn Rovers,Bolton Wanderers,3,0,H
2305,England,England Premier League,2009/2010,2010-02-21,Wigan Athletic,Tottenham Hotspur,0,3,A
2307,England,England Premier League,2009/2010,2010-02-21,Manchester City,Liverpool,0,0,D
2308,England,England Premier League,2009/2010,2010-02-21,Aston Villa,Burnley,5,2,H
2312,England,England Premier League,2009/2010,2010-02-23,Manchester United,West Ham United,3,0,H
2315,England,England Premier League,2009/2010,2010-02-27,Chelsea,Manchester City,2,4,A
2311,England,England Premier League,2009/2010,2010-02-27,Stoke City,Arsenal,1,3,A
2316,England,England Premier League,2009/2010,2010-02-27,Birmingham City,Wigan Athletic,1,0,H
2318,England,England Premier League,2009/2010,2010-02-27,Bolton Wanderers,Wolverhampton Wanderers,1,0,H
2317,England,England Premier League,2009/2010,2010-02-27,Burnley,Portsmouth,1,2,A
2309,England,England Premier League,2009/2010,2010-02-28,Sunderland,Fulham,0,0,D
2310,England,England Premier League,2009/2010,2010-02-28,Tottenham Hotspur,Everton,2,1,H
2313,England,England Premier League,2009/2010,2010-02-28,Liverpool,Blackburn Rovers,2,1,H
2320,England,England Premier League,2009/2010,2010-03-06,West Ham United,Bolton Wanderers,1,2,A
2326,England,England Premier League,2009/2010,2010-03-06,Arsenal,Burnley,3,1,H
2327,England,England Premier League,2009/2010,2010-03-06,Wolverhampton Wanderers,Manchester United,0,1,A
2323,England,England Premier League,2009/2010,2010-03-07,Everton,Hull City,5,1,H
2319,England,England Premier League,2009/2010,2010-03-08,Wigan Athletic,Liverpool,1,0,H
2246,England,England Premier League,2009/2010,2010-03-09,Sunderland,Bolton Wanderers,4,0,H
2249,England,England Premier League,2009/2010,2010-03-09,Portsmouth,Birmingham City,1,2,A
2245,England,England Premier League,2009/2010,2010-03-10,Burnley,Stoke City,1,1,D
2339,England,England Premier League,2009/2010,2010-03-13,Tottenham Hotspur,Blackburn Rovers,3,1,H
2341,England,England Premier League,2009/2010,2010-03-13,Stoke City,Aston Villa,0,0,D
2344,England,England Premier League,2009/2010,2010-03-13,Hull City,Arsenal,1,2,A
2345,England,England Premier League,2009/2010,2010-03-13,Birmingham City,Everton,2,2,D
2346,England,England Premier League,2009/2010,2010-03-13,Bolton Wanderers,Wigan Athletic,4,0,H
2347,England,England Premier League,2009/2010,2010-03-13,Burnley,Wolverhampton Wanderers,1,2,A
2348,England,England Premier League,2009/2010,2010-03-13,Chelsea,West Ham United,4,1,H
2340,England,England Premier League,2009/2010,2010-03-14,Sunderland,Manchester City,1,1,D
2342,England,England Premier League,2009/2010,2010-03-14,Manchester United,Fulham,3,0,H
2343,England,England Premier League,2009/2010,2010-03-15,Liverpool,Portsmouth,4,1,H
2239,England,England Premier League,2009/2010,2010-03-16,Wigan Athletic,Aston Villa,1,2,A
2355,England,England Premier League,2009/2010,2010-03-20,Everton,Bolton Wanderers,2,0,H
2358,England,England Premier League,2009/2010,2010-03-20,Stoke City,Tottenham Hotspur,1,2,A
2349,England,England Premier League,2009/2010,2010-03-20,Wigan Athletic,Burnley,1,0,H
2350,England,England Premier League,2009/2010,2010-03-20,Sunderland,Birmingham City,3,1,H
2351,England,England Premier League,2009/2010,2010-03-20,Arsenal,West Ham United,2,0,H
2352,England,England Premier League,2009/2010,2010-03-20,Aston Villa,Wolverhampton Wanderers,2,2,D
2354,England,England Premier League,2009/2010,2010-03-20,Portsmouth,Hull City,3,2,H
2357,England,England Premier League,2009/2010,2010-03-21,Manchester United,Liverpool,2,1,H
2353,England,England Premier League,2009/2010,2010-03-21,Blackburn Rovers,Chelsea,1,1,D
2356,England,England Premier League,2009/2010,2010-03-21,Fulham,Manchester City,1,2,A
2240,England,England Premier League,2009/2010,2010-03-23,West Ham United,Wolverhampton Wanderers,1,3,A
2228,England,England Premier League,2009/2010,2010-03-24,Manchester City,Everton,0,2,A
2322,England,England Premier League,2009/2010,2010-03-24,Portsmouth,Chelsea,0,5,A
2324,England,England Premier League,2009/2010,2010-03-24,Blackburn Rovers,Birmingham City,2,1,H
2325,England,England Premier League,2009/2010,2010-03-24,Aston Villa,Sunderland,1,1,D
2362,England,England Premier League,2009/2010,2010-03-27,Bolton Wanderers,Manchester United,0,4,A
2361,England,England Premier League,2009/2010,2010-03-27,Tottenham Hotspur,Portsmouth,2,0,H
2363,England,England Premier League,2009/2010,2010-03-27,West Ham United,Stoke City,0,1,A
2364,England,England Premier League,2009/2010,2010-03-27,Wolverhampton Wanderers,Everton,0,0,D
2365,England,England Premier League,2009/2010,2010-03-27,Hull City,Fulham,2,0,H
2368,England,England Premier League,2009/2010,2010-03-27,Birmingham City,Arsenal,1,1,D
2366,England,England Premier League,2009/2010,2010-03-27,Chelsea,Aston Villa,7,1,H
2359,England,England Premier League,2009/2010,2010-03-28,Liverpool,Sunderland,3,0,H
2367,England,England Premier League,2009/2010,2010-03-28,Burnley,Blackburn Rovers,0,1,A
2360,England,England Premier League,2009/2010,2010-03-29,Manchester City,Wigan Athletic,3,0,H
2369,England,England Premier League,2009/2010,2010-04-03,Sunderland,Tottenham Hotspur,3,1,H
2370,England,England Premier League,2009/2010,2010-04-03,Stoke City,Hull City,2,0,H
2378,England,England Premier League,2009/2010,2010-04-03,Arsenal,Wolverhampton Wanderers,1,0,H
2371,England,England Premier League,2009/2010,2010-04-03,Portsmouth,Blackburn Rovers,0,0,D
2375,England,England Premier League,2009/2010,2010-04-03,Burnley,Manchester City,1,6,A
2376,England,England Premier League,2009/2010,2010-04-03,Bolton Wanderers,Aston Villa,0,1,A
2372,England,England Premier League,2009/2010,2010-04-03,Manchester United,Chelsea,1,2,A
2374,England,England Premier League,2009/2010,2010-04-04,Everton,West Ham United,2,2,D
2377,England,England Premier League,2009/2010,2010-04-04,Birmingham City,Liverpool,1,1,D
2373,England,England Premier League,2009/2010,2010-04-04,Fulham,Wigan Athletic,2,1,H
2379,England,England Premier League,2009/2010,2010-04-10,West Ham United,Sunderland,1,0,H
2385,England,England Premier League,2009/2010,2010-04-10,Hull City,Burnley,1,4,A
2380,England,England Premier League,2009/2010,2010-04-11,Wolverhampton Wanderers,Stoke City,0,0,D
2383,England,England Premier League,2009/2010,2010-04-11,Manchester City,Birmingham City,5,1,H
2384,England,England Premier League,2009/2010,2010-04-11,Liverpool,Fulham,0,0,D
2387,England,England Premier League,2009/2010,2010-04-11,Blackburn Rovers,Manchester United,0,0,D
2386,England,England Premier League,2009/2010,2010-04-13,Chelsea,Bolton Wanderers,1,0,H
2381,England,England Premier League,2009/2010,2010-04-14,Wigan Athletic,Portsmouth,0,0,D
2382,England,England Premier League,2009/2010,2010-04-14,Tottenham Hotspur,Arsenal,2,1,H
2388,England,England Premier League,2009/2010,2010-04-14,Aston Villa,Everton,2,2,D
2395,England,England Premier League,2009/2010,2010-04-17,Fulham,Wolverhampton Wanderers,0,0,D
2390,England,England Premier League,2009/2010,2010-04-17,Tottenham Hotspur,Chelsea,2,1,H
2392,England,England Premier League,2009/2010,2010-04-17,Stoke City,Bolton Wanderers,1,2,A
2397,England,England Premier League,2009/2010,2010-04-17,Birmingham City,Hull City,0,0,D
2396,England,England Premier League,2009/2010,2010-04-17,Blackburn Rovers,Everton,2,3,A
2398,England,England Premier League,2009/2010,2010-04-17,Manchester City,Manchester United,0,1,A
2391,England,England Premier League,2009/2010,2010-04-17,Sunderland,Burnley,2,1,H
2389,England,England Premier League,2009/2010,2010-04-18,Wigan Athletic,Arsenal,3,2,H
2393,England,England Premier League,2009/2010,2010-04-18,Portsmouth,Aston Villa,1,2,A
2394,England,England Premier League,2009/2010,2010-04-19,Liverpool,West Ham United,3,0,H
2314,England,England Premier League,2009/2010,2010-04-21,Hull City,Aston Villa,0,2,A
2401,England,England Premier League,2009/2010,2010-04-24,Wolverhampton Wanderers,Blackburn Rovers,1,1,D
2402,England,England Premier League,2009/2010,2010-04-24,West Ham United,Wigan Athletic,3,2,H
2400,England,England Premier League,2009/2010,2010-04-24,Hull City,Sunderland,0,1,A
2406,England,England Premier League,2009/2010,2010-04-24,Bolton Wanderers,Portsmouth,2,2,D
2408,England,England Premier League,2009/2010,2010-04-24,Arsenal,Manchester City,0,0,D
2403,England,England Premier League,2009/2010,2010-04-24,Manchester United,Tottenham Hotspur,3,1,H
2399,England,England Premier League,2009/2010,2010-04-25,Everton,Fulham,2,1,H
2404,England,England Premier League,2009/2010,2010-04-25,Chelsea,Stoke City,7,0,H
2405,England,England Premier League,2009/2010,2010-04-25,Burnley,Liverpool,0,4,A
2407,England,England Premier League,2009/2010,2010-04-25,Aston Villa,Birmingham City,1,0,H
2410,England,England Premier League,2009/2010,2010-05-01,Tottenham Hotspur,Bolton Wanderers,1,0,H
2412,England,England Premier League,2009/2010,2010-05-01,Stoke City,Everton,0,0,D
2413,England,England Premier League,2009/2010,2010-05-01,Portsmouth,Wolverhampton Wanderers,3,1,H
2414,England,England Premier League,2009/2010,2010-05-01,Manchester City,Aston Villa,3,1,H
2415,England,England Premier League,2009/2010,2010-05-01,Birmingham City,Burnley,2,1,H
2411,England,England Premier League,2009/2010,2010-05-02,Sunderland,Manchester United,0,1,A
2417,England,England Premier League,2009/2010,2010-05-02,Fulham,West Ham United,3,2,H
2418,England,England Premier League,2009/2010,2010-05-02,Liverpool,Chelsea,0,2,A
2409,England,England Premier League,2009/2010,2010-05-03,Wigan Athletic,Hull City,2,2,D
2416,England,England Premier League,2009/2010,2010-05-03,Blackburn Rovers,Arsenal,2,1,H
2321,England,England Premier League,2009/2010,2010-05-05,Manchester City,Tottenham Hotspur,0,1,A
2328,England,England Premier League,2009/2010,2010-05-05,Fulham,Stoke City,0,1,A
2423,England,England Premier League,2009/2010,2010-05-09,Bolton Wanderers,Birmingham City,2,1,H
2420,England,England Premier League,2009/2010,2010-05-09,Everton,Portsmouth,1,0,H
2421,England,England Premier League,2009/2010,2010-05-09,Chelsea,Wigan Athletic,8,0,H
2422,England,England Premier League,2009/2010,2010-05-09,Burnley,Tottenham Hotspur,4,2,H
2419,England,England Premier League,2009/2010,2010-05-09,Wolverhampton Wanderers,Sunderland,2,1,H
2424,England,England Premier League,2009/2010,2010-05-09,Aston Villa,Blackburn Rovers,0,1,A
2427,England,England Premier League,2009/2010,2010-05-09,West Ham United,Manchester City,1,1,D
2426,England,England Premier League,2009/2010,2010-05-09,Manchester United,Stoke City,4,0,H
2425,England,England Premier League,2009/2010,2010-05-09,Arsenal,Fulham,4,0,H
2428,England,England Premier League,2009/2010,2010-05-09,Hull City,Liverpool,0,0,D
2489,England,England Premier League,2010/2011,2010-08-14,Aston Villa,West Ham United,3,0,H
2490,England,England Premier League,2010/2011,2010-08-14,Blackburn Rovers,Everton,1,0,H
2491,England,England Premier League,2010/2011,2010-08-14,Bolton Wanderers,Fulham,0,0,D
2492,England,England Premier League,2010/2011,2010-08-14,Chelsea,West Bromwich Albion,6,0,H
2495,England,England Premier League,2010/2011,2010-08-14,Sunderland,Birmingham City,2,2,D
2496,England,England Premier League,2010/2011,2010-08-14,Tottenham Hotspur,Manchester City,0,0,D
2497,England,England Premier League,2010/2011,2010-08-14,Wolverhampton Wanderers,Stoke City,2,1,H
2498,England,England Premier League,2010/2011,2010-08-14,Wigan Athletic,Blackpool,0,4,A
2493,England,England Premier League,2010/2011,2010-08-15,Liverpool,Arsenal,1,1,D
2494,England,England Premier League,2010/2011,2010-08-16,Manchester United,Newcastle United,3,0,H
2605,England,England Premier League,2010/2011,2010-08-21,Birmingham City,Blackburn Rovers,2,1,H
2600,England,England Premier League,2010/2011,2010-08-21,West Ham United,Bolton Wanderers,1,3,A
2601,England,England Premier League,2010/2011,2010-08-21,Everton,Wolverhampton Wanderers,1,1,D
2608,England,England Premier League,2010/2011,2010-08-21,Wigan Athletic,Chelsea,0,6,A
2606,England,England Premier League,2010/2011,2010-08-21,West Bromwich Albion,Sunderland,1,0,H
2607,England,England Premier League,2010/2011,2010-08-21,Stoke City,Tottenham Hotspur,1,2,A
2599,England,England Premier League,2010/2011,2010-08-21,Arsenal,Blackpool,6,0,H
2602,England,England Premier League,2010/2011,2010-08-22,Newcastle United,Aston Villa,6,0,H
2604,England,England Premier League,2010/2011,2010-08-22,Fulham,Manchester United,2,2,D
2603,England,England Premier League,2010/2011,2010-08-23,Manchester City,Liverpool,3,0,H
2712,England,England Premier League,2010/2011,2010-08-28,Tottenham Hotspur,Wigan Athletic,0,1,A
2714,England,England Premier League,2010/2011,2010-08-28,Wolverhampton Wanderers,Newcastle United,1,1,D
2709,England,England Premier League,2010/2011,2010-08-28,Manchester United,West Ham United,3,0,H
2717,England,England Premier League,2010/2011,2010-08-28,Blackpool,Fulham,2,2,D
2718,England,England Premier League,2010/2011,2010-08-28,Chelsea,Stoke City,2,0,H
2715,England,England Premier League,2010/2011,2010-08-28,Blackburn Rovers,Arsenal,1,2,A
2710,England,England Premier League,2010/2011,2010-08-29,Liverpool,West Bromwich Albion,1,0,H
2711,England,England Premier League,2010/2011,2010-08-29,Sunderland,Manchester City,1,0,H
2713,England,England Premier League,2010/2011,2010-08-29,Aston Villa,Everton,1,0,H
2716,England,England Premier League,2010/2011,2010-08-29,Bolton Wanderers,Birmingham City,2,2,D
2809,England,England Premier League,2010/2011,2010-09-11,Arsenal,Bolton Wanderers,4,1,H
2810,England,England Premier League,2010/2011,2010-09-11,West Ham United,Chelsea,1,3,A
2811,England,England Premier League,2010/2011,2010-09-11,Everton,Manchester United,3,3,D
2812,England,England Premier League,2010/2011,2010-09-11,Newcastle United,Blackpool,0,2,A
2813,England,England Premier League,2010/2011,2010-09-11,Manchester City,Blackburn Rovers,1,1,D
2814,England,England Premier League,2010/2011,2010-09-11,Fulham,Wolverhampton Wanderers,2,1,H
2816,England,England Premier League,2010/2011,2010-09-11,West Bromwich Albion,Tottenham Hotspur,1,1,D
2818,England,England Premier League,2010/2011,2010-09-11,Wigan Athletic,Sunderland,1,1,D
2815,England,England Premier League,2010/2011,2010-09-12,Birmingham City,Liverpool,0,0,D
2817,England,England Premier League,2010/2011,2010-09-13,Stoke City,Aston Villa,2,1,H
2821,England,England Premier League,2010/2011,2010-09-18,Tottenham Hotspur,Wolverhampton Wanderers,3,1,H
2820,England,England Premier League,2010/2011,2010-09-18,Sunderland,Arsenal,1,1,D
2822,England,England Premier League,2010/2011,2010-09-18,Aston Villa,Bolton Wanderers,1,1,D
2823,England,England Premier League,2010/2011,2010-09-18,Everton,Newcastle United,0,1,A
2824,England,England Premier League,2010/2011,2010-09-18,Blackburn Rovers,Fulham,1,1,D
2826,England,England Premier League,2010/2011,2010-09-18,Stoke City,West Ham United,1,1,D
2825,England,England Premier League,2010/2011,2010-09-18,West Bromwich Albion,Birmingham City,3,1,H
2819,England,England Premier League,2010/2011,2010-09-19,Manchester United,Liverpool,3,2,H
2827,England,England Premier League,2010/2011,2010-09-19,Wigan Athletic,Manchester City,0,2,A
2828,England,England Premier League,2010/2011,2010-09-19,Chelsea,Blackpool,4,0,H
2829,England,England Premier League,2010/2011,2010-09-25,Arsenal,West Bromwich Albion,2,3,A
2830,England,England Premier League,2010/2011,2010-09-25,Liverpool,Sunderland,2,2,D
2831,England,England Premier League,2010/2011,2010-09-25,West Ham United,Tottenham Hotspur,1,0,H
2833,England,England Premier League,2010/2011,2010-09-25,Manchester City,Chelsea,1,0,H
2835,England,England Premier League,2010/2011,2010-09-25,Fulham,Everton,0,0,D
2836,England,England Premier League,2010/2011,2010-09-25,Birmingham City,Wigan Athletic,0,0,D
2838,England,England Premier League,2010/2011,2010-09-25,Blackpool,Blackburn Rovers,1,2,A
2832,England,England Premier League,2010/2011,2010-09-26,Newcastle United,Stoke City,1,2,A
2834,England,England Premier League,2010/2011,2010-09-26,Wolverhampton Wanderers,Aston Villa,1,2,A
2837,England,England Premier League,2010/2011,2010-09-26,Bolton Wanderers,Manchester United,2,2,D
2842,England,England Premier League,2010/2011,2010-10-02,West Ham United,Fulham,1,1,D
2841,England,England Premier League,2010/2011,2010-10-02,Tottenham Hotspur,Aston Villa,2,1,H
2846,England,England Premier League,2010/2011,2010-10-02,Stoke City,Blackburn Rovers,1,0,H
2840,England,England Premier League,2010/2011,2010-10-02,Sunderland,Manchester United,0,0,D
2845,England,England Premier League,2010/2011,2010-10-02,West Bromwich Albion,Bolton Wanderers,1,1,D
2847,England,England Premier League,2010/2011,2010-10-02,Wigan Athletic,Wolverhampton Wanderers,2,0,H
2844,England,England Premier League,2010/2011,2010-10-02,Birmingham City,Everton,0,2,A
2839,England,England Premier League,2010/2011,2010-10-03,Liverpool,Blackpool,1,2,A
2843,England,England Premier League,2010/2011,2010-10-03,Manchester City,Newcastle United,2,1,H
2848,England,England Premier League,2010/2011,2010-10-03,Chelsea,Arsenal,2,0,H
2851,England,England Premier League,2010/2011,2010-10-16,Aston Villa,Chelsea,0,0,D
2850,England,England Premier League,2010/2011,2010-10-16,Arsenal,Birmingham City,2,1,H
2856,England,England Premier League,2010/2011,2010-10-16,Fulham,Tottenham Hotspur,1,2,A
2849,England,England Premier League,2010/2011,2010-10-16,Manchester United,West Bromwich Albion,2,2,D
2854,England,England Premier League,2010/2011,2010-10-16,Wolverhampton Wanderers,West Ham United,1,1,D
2857,England,England Premier League,2010/2011,2010-10-16,Bolton Wanderers,Stoke City,2,1,H
2853,England,England Premier League,2010/2011,2010-10-16,Newcastle United,Wigan Athletic,2,2,D
2852,England,England Premier League,2010/2011,2010-10-17,Everton,Liverpool,2,0,H
2858,England,England Premier League,2010/2011,2010-10-17,Blackpool,Manchester City,2,3,A
2855,England,England Premier League,2010/2011,2010-10-18,Blackburn Rovers,Sunderland,0,0,D
2867,England,England Premier League,2010/2011,2010-10-23,Wigan Athletic,Bolton Wanderers,1,1,D
2868,England,England Premier League,2010/2011,2010-10-23,Chelsea,Wolverhampton Wanderers,2,0,H
2860,England,England Premier League,2010/2011,2010-10-23,Sunderland,Aston Villa,1,0,H
2861,England,England Premier League,2010/2011,2010-10-23,Tottenham Hotspur,Everton,1,1,D
2862,England,England Premier League,2010/2011,2010-10-23,West Ham United,Newcastle United,1,2,A
2864,England,England Premier League,2010/2011,2010-10-23,Birmingham City,Blackpool,2,0,H
2865,England,England Premier League,2010/2011,2010-10-23,West Bromwich Albion,Fulham,2,1,H
2866,England,England Premier League,2010/2011,2010-10-24,Stoke City,Manchester United,1,2,A
2859,England,England Premier League,2010/2011,2010-10-24,Liverpool,Blackburn Rovers,2,1,H
2863,England,England Premier League,2010/2011,2010-10-24,Manchester City,Arsenal,0,3,A
2502,England,England Premier League,2010/2011,2010-10-30,Everton,Stoke City,1,0,H
2500,England,England Premier League,2010/2011,2010-10-30,Arsenal,West Ham United,1,0,H
2499,England,England Premier League,2010/2011,2010-10-30,Manchester United,Tottenham Hotspur,2,0,H
2506,England,England Premier League,2010/2011,2010-10-30,Fulham,Wigan Athletic,2,0,H
2505,England,England Premier League,2010/2011,2010-10-30,Blackburn Rovers,Chelsea,1,2,A
2504,England,England Premier League,2010/2011,2010-10-30,Wolverhampton Wanderers,Manchester City,2,1,H
2501,England,England Premier League,2010/2011,2010-10-31,Aston Villa,Birmingham City,0,0,D
2503,England,England Premier League,2010/2011,2010-10-31,Newcastle United,Sunderland,5,1,H
2507,England,England Premier League,2010/2011,2010-10-31,Bolton Wanderers,Liverpool,0,1,A
2508,England,England Premier League,2010/2011,2010-11-01,Blackpool,West Bromwich Albion,2,1,H
2513,England,England Premier League,2010/2011,2010-11-06,Blackburn Rovers,Wigan Athletic,2,1,H
2509,England,England Premier League,2010/2011,2010-11-06,Manchester United,Wolverhampton Wanderers,2,1,H
2515,England,England Premier League,2010/2011,2010-11-06,Birmingham City,West Ham United,2,2,D
2512,England,England Premier League,2010/2011,2010-11-06,Sunderland,Stoke City,2,0,H
2516,England,England Premier League,2010/2011,2010-11-06,Bolton Wanderers,Tottenham Hotspur,4,2,H
2518,England,England Premier League,2010/2011,2010-11-06,Blackpool,Everton,2,2,D
2514,England,England Premier League,2010/2011,2010-11-06,Fulham,Aston Villa,1,1,D
2510,England,England Premier League,2010/2011,2010-11-07,Arsenal,Newcastle United,0,1,A
2511,England,England Premier League,2010/2011,2010-11-07,Liverpool,Chelsea,2,0,H
2517,England,England Premier League,2010/2011,2010-11-07,West Bromwich Albion,Manchester City,0,2,A
2519,England,England Premier League,2010/2011,2010-11-09,Tottenham Hotspur,Sunderland,1,1,D
2522,England,England Premier League,2010/2011,2010-11-09,Stoke City,Birmingham City,3,2,H
2523,England,England Premier League,2010/2011,2010-11-10,Wigan Athletic,Liverpool,1,1,D
2524,England,England Premier League,2010/2011,2010-11-10,Aston Villa,Blackpool,3,2,H
2520,England,England Premier League,2010/2011,2010-11-10,West Ham United,West Bromwich Albion,2,2,D
2521,England,England Premier League,2010/2011,2010-11-10,Wolverhampton Wanderers,Arsenal,0,2,A
2528,England,England Premier League,2010/2011,2010-11-10,Chelsea,Fulham,1,0,H
2527,England,England Premier League,2010/2011,2010-11-10,Manchester City,Manchester United,0,0,D
2526,England,England Premier League,2010/2011,2010-11-10,Newcastle United,Blackburn Rovers,1,2,A
2525,England,England Premier League,2010/2011,2010-11-10,Everton,Bolton Wanderers,1,1,D
2529,England,England Premier League,2010/2011,2010-11-13,Tottenham Hotspur,Blackburn Rovers,4,2,H
2530,England,England Premier League,2010/2011,2010-11-13,West Ham United,Blackpool,0,0,D
2531,England,England Premier League,2010/2011,2010-11-13,Aston Villa,Manchester United,2,2,D
2533,England,England Premier League,2010/2011,2010-11-13,Newcastle United,Fulham,0,0,D
2534,England,England Premier League,2010/2011,2010-11-13,Manchester City,Birmingham City,0,0,D
2535,England,England Premier League,2010/2011,2010-11-13,Wolverhampton Wanderers,Bolton Wanderers,2,3,A
2536,England,England Premier League,2010/2011,2010-11-13,Stoke City,Liverpool,2,0,H
2537,England,England Premier League,2010/2011,2010-11-13,Wigan Athletic,West Bromwich Albion,1,0,H
2532,England,England Premier League,2010/2011,2010-11-14,Everton,Arsenal,1,2,A
2538,England,England Premier League,2010/2011,2010-11-14,Chelsea,Sunderland,0,3,A
2540,England,England Premier League,2010/2011,2010-11-20,Arsenal,Tottenham Hotspur,2,3,A
2541,England,England Premier League,2010/2011,2010-11-20,Liverpool,West Ham United,3,0,H
2548,England,England Premier League,2010/2011,2010-11-20,Blackpool,Wolverhampton Wanderers,2,1,H
2539,England,England Premier League,2010/2011,2010-11-20,Manchester United,Wigan Athletic,2,0,H
2547,England,England Premier League,2010/2011,2010-11-20,West Bromwich Albion,Stoke City,0,3,A
2545,England,England Premier League,2010/2011,2010-11-20,Birmingham City,Chelsea,1,0,H
2546,England,England Premier League,2010/2011,2010-11-20,Bolton Wanderers,Newcastle United,5,1,H
2543,England,England Premier League,2010/2011,2010-11-21,Blackburn Rovers,Aston Villa,2,0,H
2544,England,England Premier League,2010/2011,2010-11-21,Fulham,Manchester City,1,4,A
2542,England,England Premier League,2010/2011,2010-11-22,Sunderland,Everton,2,2,D
2549,England,England Premier League,2010/2011,2010-11-27,Manchester United,Blackburn Rovers,7,1,H
2553,England,England Premier League,2010/2011,2010-11-27,Everton,West Bromwich Albion,1,4,A
2552,England,England Premier League,2010/2011,2010-11-27,Aston Villa,Arsenal,2,4,A
2551,England,England Premier League,2010/2011,2010-11-27,West Ham United,Wigan Athletic,3,1,H
2555,England,England Premier League,2010/2011,2010-11-27,Wolverhampton Wanderers,Sunderland,3,2,H
2558,England,England Premier League,2010/2011,2010-11-27,Stoke City,Manchester City,1,1,D
2557,England,England Premier League,2010/2011,2010-11-27,Bolton Wanderers,Blackpool,2,2,D
2556,England,England Premier League,2010/2011,2010-11-27,Fulham,Birmingham City,1,1,D
2550,England,England Premier League,2010/2011,2010-11-28,Tottenham Hotspur,Liverpool,2,1,H
2554,England,England Premier League,2010/2011,2010-11-28,Newcastle United,Chelsea,1,1,D
2567,England,England Premier League,2010/2011,2010-12-04,Wigan Athletic,Stoke City,2,2,D
2568,England,England Premier League,2010/2011,2010-12-04,Chelsea,Everton,1,1,D
2559,England,England Premier League,2010/2011,2010-12-04,Arsenal,Fulham,2,1,H
2562,England,England Premier League,2010/2011,2010-12-04,Manchester City,Bolton Wanderers,1,0,H
2563,England,England Premier League,2010/2011,2010-12-04,Blackburn Rovers,Wolverhampton Wanderers,3,0,H
2564,England,England Premier League,2010/2011,2010-12-04,Birmingham City,Tottenham Hotspur,1,1,D
2561,England,England Premier League,2010/2011,2010-12-05,Sunderland,West Ham United,1,0,H
2565,England,England Premier League,2010/2011,2010-12-05,West Bromwich Albion,Newcastle United,3,1,H
2560,England,England Premier League,2010/2011,2010-12-06,Liverpool,Aston Villa,3,0,H
2571,England,England Premier League,2010/2011,2010-12-11,West Ham United,Manchester City,1,3,A
2572,England,England Premier League,2010/2011,2010-12-11,Aston Villa,West Bromwich Albion,2,1,H
2573,England,England Premier League,2010/2011,2010-12-11,Everton,Wigan Athletic,0,0,D
2574,England,England Premier League,2010/2011,2010-12-11,Newcastle United,Liverpool,3,1,H
2576,England,England Premier League,2010/2011,2010-12-11,Fulham,Sunderland,0,0,D
2578,England,England Premier League,2010/2011,2010-12-11,Stoke City,Blackpool,0,1,A
2570,England,England Premier League,2010/2011,2010-12-12,Tottenham Hotspur,Chelsea,1,1,D
2575,England,England Premier League,2010/2011,2010-12-12,Wolverhampton Wanderers,Birmingham City,1,0,H
2577,England,England Premier League,2010/2011,2010-12-12,Bolton Wanderers,Blackburn Rovers,2,1,H
2569,England,England Premier League,2010/2011,2010-12-13,Manchester United,Arsenal,1,0,H
2581,England,England Premier League,2010/2011,2010-12-18,Sunderland,Bolton Wanderers,1,0,H
2583,England,England Premier League,2010/2011,2010-12-18,Blackburn Rovers,West Ham United,1,1,D
2582,England,England Premier League,2010/2011,2010-12-20,Manchester City,Everton,1,2,A
2589,England,England Premier League,2010/2011,2010-12-26,Manchester United,Sunderland,2,0,H
2591,England,England Premier League,2010/2011,2010-12-26,Aston Villa,Tottenham Hotspur,1,2,A
2593,England,England Premier League,2010/2011,2010-12-26,Newcastle United,Manchester City,1,3,A
2594,England,England Premier League,2010/2011,2010-12-26,Wolverhampton Wanderers,Wigan Athletic,1,2,A
2595,England,England Premier League,2010/2011,2010-12-26,Blackburn Rovers,Stoke City,0,2,A
2596,England,England Premier League,2010/2011,2010-12-26,Fulham,West Ham United,1,3,A
2597,England,England Premier League,2010/2011,2010-12-26,Bolton Wanderers,West Bromwich Albion,2,0,H
2590,England,England Premier League,2010/2011,2010-12-27,Arsenal,Chelsea,3,1,H
2610,England,England Premier League,2010/2011,2010-12-28,Sunderland,Blackpool,0,2,A
2611,England,England Premier League,2010/2011,2010-12-28,Tottenham Hotspur,Newcastle United,2,0,H
2614,England,England Premier League,2010/2011,2010-12-28,Birmingham City,Manchester United,1,1,D
2612,England,England Premier League,2010/2011,2010-12-28,West Ham United,Everton,1,1,D
2613,England,England Premier League,2010/2011,2010-12-28,Manchester City,Aston Villa,4,0,H
2615,England,England Premier League,2010/2011,2010-12-28,West Bromwich Albion,Blackburn Rovers,1,3,A
2616,England,England Premier League,2010/2011,2010-12-28,Stoke City,Fulham,0,2,A
2609,England,England Premier League,2010/2011,2010-12-29,Liverpool,Wolverhampton Wanderers,0,1,A
2617,England,England Premier League,2010/2011,2010-12-29,Wigan Athletic,Arsenal,2,2,D
2618,England,England Premier League,2010/2011,2010-12-29,Chelsea,Bolton Wanderers,1,0,H
2622,England,England Premier League,2010/2011,2011-01-01,West Ham United,Wolverhampton Wanderers,2,0,H
2619,England,England Premier League,2010/2011,2011-01-01,Liverpool,Bolton Wanderers,2,1,H
2620,England,England Premier League,2010/2011,2011-01-01,Sunderland,Blackburn Rovers,3,0,H
2621,England,England Premier League,2010/2011,2011-01-01,Tottenham Hotspur,Fulham,1,0,H
2624,England,England Premier League,2010/2011,2011-01-01,Birmingham City,Arsenal,0,3,A
2625,England,England Premier League,2010/2011,2011-01-01,West Bromwich Albion,Manchester United,1,2,A
2626,England,England Premier League,2010/2011,2011-01-01,Stoke City,Everton,2,0,H
2623,England,England Premier League,2010/2011,2011-01-01,Manchester City,Blackpool,1,0,H
2627,England,England Premier League,2010/2011,2011-01-02,Wigan Athletic,Newcastle United,0,1,A
2628,England,England Premier League,2010/2011,2011-01-02,Chelsea,Aston Villa,3,3,D
2629,England,England Premier League,2010/2011,2011-01-04,Manchester United,Stoke City,2,1,H
2633,England,England Premier League,2010/2011,2011-01-04,Blackpool,Birmingham City,1,2,A
2638,England,England Premier League,2010/2011,2011-01-04,Fulham,West Bromwich Albion,3,0,H
2630,England,England Premier League,2010/2011,2011-01-05,Arsenal,Manchester City,0,0,D
2632,England,England Premier League,2010/2011,2011-01-05,Bolton Wanderers,Wigan Athletic,1,1,D
2635,England,England Premier League,2010/2011,2011-01-05,Everton,Tottenham Hotspur,2,1,H
2631,England,England Premier League,2010/2011,2011-01-05,Wolverhampton Wanderers,Chelsea,1,0,H
2637,England,England Premier League,2010/2011,2011-01-05,Blackburn Rovers,Liverpool,3,1,H
2636,England,England Premier League,2010/2011,2011-01-05,Newcastle United,West Ham United,5,0,H
2634,England,England Premier League,2010/2011,2011-01-05,Aston Villa,Sunderland,0,1,A
2598,England,England Premier League,2010/2011,2011-01-12,Blackpool,Liverpool,2,1,H
2642,England,England Premier League,2010/2011,2011-01-15,West Ham United,Arsenal,0,3,A
2643,England,England Premier League,2010/2011,2011-01-15,Manchester City,Wolverhampton Wanderers,4,3,H
2645,England,England Premier League,2010/2011,2011-01-15,West Bromwich Albion,Blackpool,3,2,H
2646,England,England Premier League,2010/2011,2011-01-15,Stoke City,Bolton Wanderers,2,0,H
2647,England,England Premier League,2010/2011,2011-01-15,Wigan Athletic,Fulham,1,1,D
2648,England,England Premier League,2010/2011,2011-01-15,Chelsea,Blackburn Rovers,2,0,H
2644,England,England Premier League,2010/2011,2011-01-16,Birmingham City,Aston Villa,1,1,D
2641,England,England Premier League,2010/2011,2011-01-16,Tottenham Hotspur,Manchester United,0,0,D
2640,England,England Premier League,2010/2011,2011-01-16,Sunderland,Newcastle United,1,1,D
2639,England,England Premier League,2010/2011,2011-01-16,Liverpool,Everton,2,2,D
2654,England,England Premier League,2010/2011,2011-01-22,Wolverhampton Wanderers,Liverpool,0,3,A
2656,England,England Premier League,2010/2011,2011-01-22,Fulham,Stoke City,2,0,H
2649,England,England Premier League,2010/2011,2011-01-22,Manchester United,Birmingham City,5,0,H
2650,England,England Premier League,2010/2011,2011-01-22,Arsenal,Wigan Athletic,3,0,H
2651,England,England Premier League,2010/2011,2011-01-22,Aston Villa,Manchester City,1,0,H
2652,England,England Premier League,2010/2011,2011-01-22,Everton,West Ham United,2,2,D
2653,England,England Premier League,2010/2011,2011-01-22,Newcastle United,Tottenham Hotspur,1,1,D
2658,England,England Premier League,2010/2011,2011-01-22,Blackpool,Sunderland,1,2,A
2655,England,England Premier League,2010/2011,2011-01-23,Blackburn Rovers,West Bromwich Albion,2,0,H
2657,England,England Premier League,2010/2011,2011-01-24,Bolton Wanderers,Chelsea,0,4,A
2566,England,England Premier League,2010/2011,2011-01-25,Blackpool,Manchester United,2,3,A
2587,England,England Premier League,2010/2011,2011-01-25,Wigan Athletic,Aston Villa,1,2,A
2580,England,England Premier League,2010/2011,2011-01-26,Liverpool,Fulham,1,0,H
2659,England,England Premier League,2010/2011,2011-02-01,Manchester United,Aston Villa,3,1,H
2660,England,England Premier League,2010/2011,2011-02-01,Arsenal,Everton,2,1,H
2661,England,England Premier League,2010/2011,2011-02-01,Sunderland,Chelsea,2,4,A
2664,England,England Premier League,2010/2011,2011-02-01,West Bromwich Albion,Wigan Athletic,2,2,D
2665,England,England Premier League,2010/2011,2011-02-02,Blackpool,West Ham United,1,3,A
2666,England,England Premier League,2010/2011,2011-02-02,Liverpool,Stoke City,2,0,H
2662,England,England Premier League,2010/2011,2011-02-02,Birmingham City,Manchester City,2,2,D
2663,England,England Premier League,2010/2011,2011-02-02,Bolton Wanderers,Wolverhampton Wanderers,1,0,H
2667,England,England Premier League,2010/2011,2011-02-02,Blackburn Rovers,Tottenham Hotspur,0,1,A
2668,England,England Premier League,2010/2011,2011-02-02,Fulham,Newcastle United,1,0,H
2676,England,England Premier League,2010/2011,2011-02-05,Stoke City,Sunderland,3,2,H
2671,England,England Premier League,2010/2011,2011-02-05,Aston Villa,Fulham,2,2,D
2669,England,England Premier League,2010/2011,2011-02-05,Tottenham Hotspur,Bolton Wanderers,2,1,H
2675,England,England Premier League,2010/2011,2011-02-05,Wolverhampton Wanderers,Manchester United,2,1,H
2674,England,England Premier League,2010/2011,2011-02-05,Manchester City,West Bromwich Albion,3,0,H
2672,England,England Premier League,2010/2011,2011-02-05,Everton,Blackpool,5,3,H
2673,England,England Premier League,2010/2011,2011-02-05,Newcastle United,Arsenal,4,4,D
2677,England,England Premier League,2010/2011,2011-02-05,Wigan Athletic,Blackburn Rovers,4,3,H
2670,England,England Premier League,2010/2011,2011-02-06,West Ham United,Birmingham City,0,1,A
2678,England,England Premier League,2010/2011,2011-02-06,Chelsea,Liverpool,0,1,A
2682,England,England Premier League,2010/2011,2011-02-12,Sunderland,Tottenham Hotspur,1,2,A
2681,England,England Premier League,2010/2011,2011-02-12,Liverpool,Wigan Athletic,1,1,D
2680,England,England Premier League,2010/2011,2011-02-12,Arsenal,Wolverhampton Wanderers,2,0,H
2679,England,England Premier League,2010/2011,2011-02-12,Manchester United,Manchester City,2,1,H
2688,England,England Premier League,2010/2011,2011-02-12,Blackpool,Aston Villa,1,1,D
2687,England,England Premier League,2010/2011,2011-02-12,West Bromwich Albion,West Ham United,3,3,D
2685,England,England Premier League,2010/2011,2011-02-12,Birmingham City,Stoke City,1,0,H
2683,England,England Premier League,2010/2011,2011-02-12,Blackburn Rovers,Newcastle United,0,0,D
2686,England,England Premier League,2010/2011,2011-02-13,Bolton Wanderers,Everton,2,0,H
2684,England,England Premier League,2010/2011,2011-02-14,Fulham,Chelsea,0,0,D
2584,England,England Premier League,2010/2011,2011-02-15,Birmingham City,Newcastle United,0,2,A
2585,England,England Premier League,2010/2011,2011-02-20,West Bromwich Albion,Wolverhampton Wanderers,1,1,D
2586,England,England Premier League,2010/2011,2011-02-22,Blackpool,Tottenham Hotspur,3,1,H
2579,England,England Premier League,2010/2011,2011-02-23,Arsenal,Stoke City,1,0,H
2691,England,England Premier League,2010/2011,2011-02-26,Aston Villa,Blackburn Rovers,4,1,H
2692,England,England Premier League,2010/2011,2011-02-26,Everton,Sunderland,2,0,H
2693,England,England Premier League,2010/2011,2011-02-26,Newcastle United,Bolton Wanderers,1,1,D
2695,England,England Premier League,2010/2011,2011-02-26,Wolverhampton Wanderers,Blackpool,4,0,H
2697,England,England Premier League,2010/2011,2011-02-26,Wigan Athletic,Manchester United,0,4,A
2690,England,England Premier League,2010/2011,2011-02-27,West Ham United,Liverpool,3,1,H
2694,England,England Premier League,2010/2011,2011-02-27,Manchester City,Fulham,1,1,D
2696,England,England Premier League,2010/2011,2011-02-28,Stoke City,West Bromwich Albion,1,1,D
2588,England,England Premier League,2010/2011,2011-03-01,Chelsea,Manchester United,2,1,H
2701,England,England Premier League,2010/2011,2011-03-05,West Ham United,Stoke City,3,0,H
2707,England,England Premier League,2010/2011,2011-03-05,Bolton Wanderers,Aston Villa,3,2,H
2703,England,England Premier League,2010/2011,2011-03-05,Manchester City,Wigan Athletic,1,0,H
2699,England,England Premier League,2010/2011,2011-03-05,Arsenal,Sunderland,0,0,D
2706,England,England Premier League,2010/2011,2011-03-05,Birmingham City,West Bromwich Albion,1,3,A
2702,England,England Premier League,2010/2011,2011-03-05,Newcastle United,Everton,1,2,A
2705,England,England Premier League,2010/2011,2011-03-05,Fulham,Blackburn Rovers,3,2,H
2700,England,England Premier League,2010/2011,2011-03-06,Liverpool,Manchester United,3,1,H
2704,England,England Premier League,2010/2011,2011-03-06,Wolverhampton Wanderers,Tottenham Hotspur,3,3,D
2708,England,England Premier League,2010/2011,2011-03-07,Blackpool,Chelsea,1,3,A
2592,England,England Premier League,2010/2011,2011-03-09,Everton,Birmingham City,1,1,D
2719,England,England Premier League,2010/2011,2011-03-19,Manchester United,Bolton Wanderers,1,0,H
2721,England,England Premier League,2010/2011,2011-03-19,Tottenham Hotspur,West Ham United,0,0,D
2722,England,England Premier League,2010/2011,2011-03-19,Aston Villa,Wolverhampton Wanderers,0,1,A
2723,England,England Premier League,2010/2011,2011-03-19,Everton,Fulham,2,1,H
2724,England,England Premier League,2010/2011,2011-03-19,Blackburn Rovers,Blackpool,2,2,D
2725,England,England Premier League,2010/2011,2011-03-19,West Bromwich Albion,Arsenal,2,2,D
2726,England,England Premier League,2010/2011,2011-03-19,Stoke City,Newcastle United,4,0,H
2727,England,England Premier League,2010/2011,2011-03-19,Wigan Athletic,Birmingham City,2,1,H
2720,England,England Premier League,2010/2011,2011-03-20,Sunderland,Liverpool,0,2,A
2728,England,England Premier League,2010/2011,2011-03-20,Chelsea,Manchester City,2,0,H
2732,England,England Premier League,2010/2011,2011-04-02,Newcastle United,Wolverhampton Wanderers,4,1,H
2729,England,England Premier League,2010/2011,2011-04-02,Arsenal,Blackburn Rovers,0,0,D
2731,England,England Premier League,2010/2011,2011-04-02,Everton,Aston Villa,2,2,D
2730,England,England Premier League,2010/2011,2011-04-02,West Ham United,Manchester United,2,4,A
2735,England,England Premier League,2010/2011,2011-04-02,Birmingham City,Bolton Wanderers,2,1,H
2737,England,England Premier League,2010/2011,2011-04-02,Stoke City,Chelsea,1,1,D
2738,England,England Premier League,2010/2011,2011-04-02,Wigan Athletic,Tottenham Hotspur,0,0,D
2736,England,England Premier League,2010/2011,2011-04-02,West Bromwich Albion,Liverpool,2,1,H
2733,England,England Premier League,2010/2011,2011-04-03,Manchester City,Sunderland,5,0,H
2734,England,England Premier League,2010/2011,2011-04-03,Fulham,Blackpool,3,0,H
2742,England,England Premier League,2010/2011,2011-04-09,Tottenham Hotspur,Stoke City,3,2,H
2741,England,England Premier League,2010/2011,2011-04-09,Sunderland,West Bromwich Albion,2,3,A
2746,England,England Premier League,2010/2011,2011-04-09,Bolton Wanderers,West Ham United,3,0,H
2739,England,England Premier League,2010/2011,2011-04-09,Manchester United,Fulham,2,0,H
2745,England,England Premier League,2010/2011,2011-04-09,Blackburn Rovers,Birmingham City,1,1,D
2748,England,England Premier League,2010/2011,2011-04-09,Chelsea,Wigan Athletic,1,0,H
2744,England,England Premier League,2010/2011,2011-04-09,Wolverhampton Wanderers,Everton,0,3,A
2743,England,England Premier League,2010/2011,2011-04-10,Aston Villa,Newcastle United,1,0,H
2747,England,England Premier League,2010/2011,2011-04-10,Blackpool,Arsenal,1,3,A
2740,England,England Premier League,2010/2011,2011-04-11,Liverpool,Manchester City,3,0,H
2749,England,England Premier League,2010/2011,2011-04-16,Blackpool,Wigan Athletic,1,3,A
2751,England,England Premier League,2010/2011,2011-04-16,West Ham United,Aston Villa,1,2,A
2752,England,England Premier League,2010/2011,2011-04-16,Everton,Blackburn Rovers,2,0,H
2756,England,England Premier League,2010/2011,2011-04-16,Birmingham City,Sunderland,2,0,H
2757,England,England Premier League,2010/2011,2011-04-16,West Bromwich Albion,Chelsea,1,3,A
2750,England,England Premier League,2010/2011,2011-04-17,Arsenal,Liverpool,1,1,D
2753,England,England Premier League,2010/2011,2011-04-19,Newcastle United,Manchester United,0,0,D
2689,England,England Premier League,2010/2011,2011-04-20,Tottenham Hotspur,Arsenal,3,3,D
2698,England,England Premier League,2010/2011,2011-04-20,Chelsea,Birmingham City,3,1,H
2759,England,England Premier League,2010/2011,2011-04-23,Manchester United,Everton,1,0,H
2760,England,England Premier League,2010/2011,2011-04-23,Liverpool,Birmingham City,5,0,H
2761,England,England Premier League,2010/2011,2011-04-23,Sunderland,Wigan Athletic,4,2,H
2762,England,England Premier League,2010/2011,2011-04-23,Tottenham Hotspur,West Bromwich Albion,2,2,D
2763,England,England Premier League,2010/2011,2011-04-23,Aston Villa,Stoke City,1,1,D
2764,England,England Premier League,2010/2011,2011-04-23,Wolverhampton Wanderers,Fulham,1,1,D
2767,England,England Premier League,2010/2011,2011-04-23,Blackpool,Newcastle United,1,1,D
2768,England,England Premier League,2010/2011,2011-04-23,Chelsea,West Ham United,3,0,H
2766,England,England Premier League,2010/2011,2011-04-24,Bolton Wanderers,Arsenal,2,1,H
2765,England,England Premier League,2010/2011,2011-04-25,Blackburn Rovers,Manchester City,0,1,A
2758,England,England Premier League,2010/2011,2011-04-26,Stoke City,Wolverhampton Wanderers,3,0,H
2755,England,England Premier League,2010/2011,2011-04-27,Fulham,Bolton Wanderers,3,0,H
2771,England,England Premier League,2010/2011,2011-04-30,Sunderland,Fulham,0,3,A
2773,England,England Premier League,2010/2011,2011-04-30,Blackburn Rovers,Bolton Wanderers,1,0,H
2775,England,England Premier League,2010/2011,2011-04-30,West Bromwich Albion,Aston Villa,2,1,H
2776,England,England Premier League,2010/2011,2011-04-30,Blackpool,Stoke City,0,0,D
2777,England,England Premier League,2010/2011,2011-04-30,Wigan Athletic,Everton,1,1,D
2778,England,England Premier League,2010/2011,2011-04-30,Chelsea,Tottenham Hotspur,2,1,H
2770,England,England Premier League,2010/2011,2011-05-01,Liverpool,Newcastle United,3,0,H
2769,England,England Premier League,2010/2011,2011-05-01,Arsenal,Manchester United,1,0,H
2774,England,England Premier League,2010/2011,2011-05-01,Birmingham City,Wolverhampton Wanderers,1,1,D
2772,England,England Premier League,2010/2011,2011-05-01,Manchester City,West Ham United,2,1,H
2780,England,England Premier League,2010/2011,2011-05-07,Tottenham Hotspur,Blackpool,1,1,D
2781,England,England Premier League,2010/2011,2011-05-07,West Ham United,Blackburn Rovers,1,1,D
2782,England,England Premier League,2010/2011,2011-05-07,Aston Villa,Wigan Athletic,1,1,D
2783,England,England Premier League,2010/2011,2011-05-07,Everton,Manchester City,2,1,H
2784,England,England Premier League,2010/2011,2011-05-07,Newcastle United,Birmingham City,2,1,H
2787,England,England Premier League,2010/2011,2011-05-07,Bolton Wanderers,Sunderland,1,2,A
2785,England,England Premier League,2010/2011,2011-05-08,Wolverhampton Wanderers,West Bromwich Albion,3,1,H
2788,England,England Premier League,2010/2011,2011-05-08,Stoke City,Arsenal,3,1,H
2779,England,England Premier League,2010/2011,2011-05-08,Manchester United,Chelsea,2,1,H
2786,England,England Premier League,2010/2011,2011-05-09,Fulham,Liverpool,2,5,A
2754,England,England Premier League,2010/2011,2011-05-10,Manchester City,Tottenham Hotspur,1,0,H
2795,England,England Premier League,2010/2011,2011-05-14,West Bromwich Albion,Everton,1,0,H
2796,England,England Premier League,2010/2011,2011-05-14,Blackpool,Bolton Wanderers,4,3,H
2791,England,England Premier League,2010/2011,2011-05-14,Sunderland,Wolverhampton Wanderers,1,3,A
2793,England,England Premier League,2010/2011,2011-05-14,Blackburn Rovers,Manchester United,1,1,D
2789,England,England Premier League,2010/2011,2011-05-15,Arsenal,Aston Villa,1,2,A
2790,England,England Premier League,2010/2011,2011-05-15,Liverpool,Tottenham Hotspur,0,2,A
2794,England,England Premier League,2010/2011,2011-05-15,Birmingham City,Fulham,0,2,A
2797,England,England Premier League,2010/2011,2011-05-15,Wigan Athletic,West Ham United,3,2,H
2798,England,England Premier League,2010/2011,2011-05-15,Chelsea,Newcastle United,2,2,D
2792,England,England Premier League,2010/2011,2011-05-17,Manchester City,Stoke City,3,0,H
2801,England,England Premier League,2010/2011,2011-05-22,West Ham United,Sunderland,0,3,A
2803,England,England Premier League,2010/2011,2011-05-22,Everton,Chelsea,1,0,H
2799,England,England Premier League,2010/2011,2011-05-22,Manchester United,Blackpool,4,2,H
2800,England,England Premier League,2010/2011,2011-05-22,Tottenham Hotspur,Birmingham City,2,1,H
2802,England,England Premier League,2010/2011,2011-05-22,Aston Villa,Liverpool,1,0,H
2808,England,England Premier League,2010/2011,2011-05-22,Stoke City,Wigan Athletic,0,1,A
2807,England,England Premier League,2010/2011,2011-05-22,Bolton Wanderers,Manchester City,0,2,A
2804,England,England Premier League,2010/2011,2011-05-22,Newcastle United,West Bromwich Albion,3,3,D
2805,England,England Premier League,2010/2011,2011-05-22,Wolverhampton Wanderers,Blackburn Rovers,2,3,A
2806,England,England Premier League,2010/2011,2011-05-22,Fulham,Arsenal,2,2,D
2869,England,England Premier League,2011/2012,2011-08-13,Blackburn Rovers,Wolverhampton Wanderers,1,2,A
2870,England,England Premier League,2011/2012,2011-08-13,Fulham,Aston Villa,0,0,D
2871,England,England Premier League,2011/2012,2011-08-13,Liverpool,Sunderland,1,1,D
2873,England,England Premier League,2011/2012,2011-08-13,Newcastle United,Arsenal,0,0,D
2874,England,England Premier League,2011/2012,2011-08-13,Queens Park Rangers,Bolton Wanderers,0,4,A
2878,England,England Premier League,2011/2012,2011-08-13,Wigan Athletic,Norwich City,1,1,D
2875,England,England Premier League,2011/2012,2011-08-14,Stoke City,Chelsea,0,0,D
2877,England,England Premier League,2011/2012,2011-08-14,West Bromwich Albion,Manchester United,1,2,A
2872,England,England Premier League,2011/2012,2011-08-15,Manchester City,Swansea City,4,0,H
2979,England,England Premier League,2011/2012,2011-08-20,Arsenal,Liverpool,0,2,A
2980,England,England Premier League,2011/2012,2011-08-20,Aston Villa,Blackburn Rovers,3,1,H
2982,England,England Premier League,2011/2012,2011-08-20,Chelsea,West Bromwich Albion,2,1,H
2983,England,England Premier League,2011/2012,2011-08-20,Everton,Queens Park Rangers,0,1,A
2986,England,England Premier League,2011/2012,2011-08-20,Sunderland,Newcastle United,0,1,A
2987,England,England Premier League,2011/2012,2011-08-20,Swansea City,Wigan Athletic,0,0,D
2981,England,England Premier League,2011/2012,2011-08-21,Bolton Wanderers,Manchester City,2,3,A
2985,England,England Premier League,2011/2012,2011-08-21,Norwich City,Stoke City,1,1,D
2988,England,England Premier League,2011/2012,2011-08-21,Wolverhampton Wanderers,Fulham,2,0,H
2984,England,England Premier League,2011/2012,2011-08-22,Manchester United,Tottenham Hotspur,3,0,H
3089,England,England Premier League,2011/2012,2011-08-27,Aston Villa,Wolverhampton Wanderers,0,0,D
3090,England,England Premier League,2011/2012,2011-08-27,Blackburn Rovers,Everton,0,1,A
3091,England,England Premier League,2011/2012,2011-08-27,Chelsea,Norwich City,3,1,H
3092,England,England Premier League,2011/2012,2011-08-27,Liverpool,Bolton Wanderers,3,1,H
3095,England,England Premier League,2011/2012,2011-08-27,Swansea City,Sunderland,0,0,D
3098,England,England Premier League,2011/2012,2011-08-27,Wigan Athletic,Queens Park Rangers,2,0,H
3093,England,England Premier League,2011/2012,2011-08-28,Manchester United,Arsenal,8,2,H
3094,England,England Premier League,2011/2012,2011-08-28,Newcastle United,Fulham,2,1,H
3096,England,England Premier League,2011/2012,2011-08-28,Tottenham Hotspur,Manchester City,1,5,A
3097,England,England Premier League,2011/2012,2011-08-28,West Bromwich Albion,Stoke City,0,1,A
3193,England,England Premier League,2011/2012,2011-09-10,Manchester City,Wigan Athletic,3,0,H
3190,England,England Premier League,2011/2012,2011-09-10,Bolton Wanderers,Manchester United,0,5,A
3191,England,England Premier League,2011/2012,2011-09-10,Everton,Aston Villa,2,2,D
3198,England,England Premier League,2011/2012,2011-09-10,Wolverhampton Wanderers,Tottenham Hotspur,0,2,A
3196,England,England Premier League,2011/2012,2011-09-10,Stoke City,Liverpool,1,0,H
3197,England,England Premier League,2011/2012,2011-09-10,Sunderland,Chelsea,1,2,A
3189,England,England Premier League,2011/2012,2011-09-10,Arsenal,Swansea City,1,0,H
3192,England,England Premier League,2011/2012,2011-09-11,Fulham,Blackburn Rovers,1,1,D
3194,England,England Premier League,2011/2012,2011-09-11,Norwich City,West Bromwich Albion,0,1,A
3195,England,England Premier League,2011/2012,2011-09-12,Queens Park Rangers,Newcastle United,0,0,D
3201,England,England Premier League,2011/2012,2011-09-17,Bolton Wanderers,Norwich City,1,2,A
3200,England,England Premier League,2011/2012,2011-09-17,Blackburn Rovers,Arsenal,4,3,H
3199,England,England Premier League,2011/2012,2011-09-17,Aston Villa,Newcastle United,1,1,D
3202,England,England Premier League,2011/2012,2011-09-17,Everton,Wigan Athletic,3,1,H
3208,England,England Premier League,2011/2012,2011-09-17,Wolverhampton Wanderers,Queens Park Rangers,0,3,A
3206,England,England Premier League,2011/2012,2011-09-17,Swansea City,West Bromwich Albion,3,0,H
3203,England,England Premier League,2011/2012,2011-09-18,Fulham,Manchester City,2,2,D
3204,England,England Premier League,2011/2012,2011-09-18,Manchester United,Chelsea,3,1,H
3205,England,England Premier League,2011/2012,2011-09-18,Sunderland,Stoke City,4,0,H
3207,England,England Premier League,2011/2012,2011-09-18,Tottenham Hotspur,Liverpool,4,0,H
3210,England,England Premier League,2011/2012,2011-09-24,Chelsea,Swansea City,4,1,H
3212,England,England Premier League,2011/2012,2011-09-24,Manchester City,Everton,2,0,H
3209,England,England Premier League,2011/2012,2011-09-24,Arsenal,Bolton Wanderers,3,0,H
3211,England,England Premier League,2011/2012,2011-09-24,Liverpool,Wolverhampton Wanderers,2,1,H
3217,England,England Premier League,2011/2012,2011-09-24,West Bromwich Albion,Fulham,0,0,D
3218,England,England Premier League,2011/2012,2011-09-24,Wigan Athletic,Tottenham Hotspur,1,2,A
3216,England,England Premier League,2011/2012,2011-09-24,Stoke City,Manchester United,1,1,D
3213,England,England Premier League,2011/2012,2011-09-24,Newcastle United,Blackburn Rovers,3,1,H
3215,England,England Premier League,2011/2012,2011-09-25,Queens Park Rangers,Aston Villa,1,1,D
3214,England,England Premier League,2011/2012,2011-09-26,Norwich City,Sunderland,2,1,H
3225,England,England Premier League,2011/2012,2011-10-01,Sunderland,West Bromwich Albion,2,2,D
3228,England,England Premier League,2011/2012,2011-10-01,Wolverhampton Wanderers,Newcastle United,1,2,A
3219,England,England Premier League,2011/2012,2011-10-01,Aston Villa,Wigan Athletic,2,0,H
3220,England,England Premier League,2011/2012,2011-10-01,Blackburn Rovers,Manchester City,0,4,A
3222,England,England Premier League,2011/2012,2011-10-01,Everton,Liverpool,0,2,A
3224,England,England Premier League,2011/2012,2011-10-01,Manchester United,Norwich City,2,0,H
3223,England,England Premier League,2011/2012,2011-10-02,Fulham,Queens Park Rangers,6,0,H
3221,England,England Premier League,2011/2012,2011-10-02,Bolton Wanderers,Chelsea,1,5,A
3227,England,England Premier League,2011/2012,2011-10-02,Tottenham Hotspur,Arsenal,2,1,H
3226,England,England Premier League,2011/2012,2011-10-02,Swansea City,Stoke City,2,0,H
3230,England,England Premier League,2011/2012,2011-10-15,Chelsea,Everton,3,1,H
3231,England,England Premier League,2011/2012,2011-10-15,Liverpool,Manchester United,1,1,D
3232,England,England Premier League,2011/2012,2011-10-15,Manchester City,Aston Villa,4,1,H
3234,England,England Premier League,2011/2012,2011-10-15,Norwich City,Swansea City,3,1,H
3235,England,England Premier League,2011/2012,2011-10-15,Queens Park Rangers,Blackburn Rovers,1,1,D
3236,England,England Premier League,2011/2012,2011-10-15,Stoke City,Fulham,2,0,H
3238,England,England Premier League,2011/2012,2011-10-15,Wigan Athletic,Bolton Wanderers,1,3,A
3229,England,England Premier League,2011/2012,2011-10-16,Arsenal,Sunderland,2,1,H
3233,England,England Premier League,2011/2012,2011-10-16,Newcastle United,Tottenham Hotspur,2,2,D
3237,England,England Premier League,2011/2012,2011-10-16,West Bromwich Albion,Wolverhampton Wanderers,2,0,H
3244,England,England Premier League,2011/2012,2011-10-22,Liverpool,Norwich City,1,1,D
3242,England,England Premier League,2011/2012,2011-10-22,Bolton Wanderers,Sunderland,0,2,A
3248,England,England Premier League,2011/2012,2011-10-22,Wolverhampton Wanderers,Swansea City,2,2,D
3246,England,England Premier League,2011/2012,2011-10-22,Newcastle United,Wigan Athletic,1,0,H
3240,England,England Premier League,2011/2012,2011-10-22,Aston Villa,West Bromwich Albion,1,2,A
3239,England,England Premier League,2011/2012,2011-10-23,Arsenal,Stoke City,3,1,H
3241,England,England Premier League,2011/2012,2011-10-23,Blackburn Rovers,Tottenham Hotspur,1,2,A
3243,England,England Premier League,2011/2012,2011-10-23,Fulham,Everton,1,3,A
3245,England,England Premier League,2011/2012,2011-10-23,Manchester United,Manchester City,1,6,A
3247,England,England Premier League,2011/2012,2011-10-23,Queens Park Rangers,Chelsea,1,0,H
2881,England,England Premier League,2011/2012,2011-10-29,Manchester City,Wolverhampton Wanderers,3,1,H
2882,England,England Premier League,2011/2012,2011-10-29,Norwich City,Blackburn Rovers,3,3,D
2880,England,England Premier League,2011/2012,2011-10-29,Everton,Manchester United,0,1,A
2879,England,England Premier League,2011/2012,2011-10-29,Chelsea,Arsenal,3,5,A
2885,England,England Premier League,2011/2012,2011-10-29,Swansea City,Bolton Wanderers,3,1,H
2887,England,England Premier League,2011/2012,2011-10-29,West Bromwich Albion,Liverpool,0,2,A
2888,England,England Premier League,2011/2012,2011-10-29,Wigan Athletic,Fulham,0,2,A
2884,England,England Premier League,2011/2012,2011-10-29,Sunderland,Aston Villa,2,2,D
2886,England,England Premier League,2011/2012,2011-10-30,Tottenham Hotspur,Queens Park Rangers,3,1,H
2883,England,England Premier League,2011/2012,2011-10-31,Stoke City,Newcastle United,1,3,A
2889,England,England Premier League,2011/2012,2011-11-05,Arsenal,West Bromwich Albion,3,0,H
2890,England,England Premier League,2011/2012,2011-11-05,Aston Villa,Norwich City,3,2,H
2891,England,England Premier League,2011/2012,2011-11-05,Blackburn Rovers,Chelsea,0,1,A
2894,England,England Premier League,2011/2012,2011-11-05,Liverpool,Swansea City,0,0,D
2895,England,England Premier League,2011/2012,2011-11-05,Manchester United,Sunderland,1,0,H
2896,England,England Premier League,2011/2012,2011-11-05,Newcastle United,Everton,2,1,H
2897,England,England Premier League,2011/2012,2011-11-05,Queens Park Rangers,Manchester City,2,3,A
2892,England,England Premier League,2011/2012,2011-11-06,Bolton Wanderers,Stoke City,5,0,H
2893,England,England Premier League,2011/2012,2011-11-06,Fulham,Tottenham Hotspur,1,3,A
2898,England,England Premier League,2011/2012,2011-11-06,Wolverhampton Wanderers,Wigan Athletic,3,1,H
2903,England,England Premier League,2011/2012,2011-11-19,Stoke City,Queens Park Rangers,2,3,A
2901,England,England Premier League,2011/2012,2011-11-19,Manchester City,Newcastle United,3,1,H
2902,England,England Premier League,2011/2012,2011-11-19,Norwich City,Arsenal,1,2,A
2900,England,England Premier League,2011/2012,2011-11-19,Everton,Wolverhampton Wanderers,2,1,H
2904,England,England Premier League,2011/2012,2011-11-19,Sunderland,Fulham,0,0,D
2905,England,England Premier League,2011/2012,2011-11-19,Swansea City,Manchester United,0,1,A
2908,England,England Premier League,2011/2012,2011-11-19,Wigan Athletic,Blackburn Rovers,3,3,D
2907,England,England Premier League,2011/2012,2011-11-19,West Bromwich Albion,Bolton Wanderers,2,1,H
2899,England,England Premier League,2011/2012,2011-11-20,Chelsea,Liverpool,1,2,A
2906,England,England Premier League,2011/2012,2011-11-21,Tottenham Hotspur,Aston Villa,2,0,H
2913,England,England Premier League,2011/2012,2011-11-26,Manchester United,Newcastle United,1,1,D
2910,England,England Premier League,2011/2012,2011-11-26,Bolton Wanderers,Everton,0,2,A
2911,England,England Premier League,2011/2012,2011-11-26,Chelsea,Wolverhampton Wanderers,3,0,H
2909,England,England Premier League,2011/2012,2011-11-26,Arsenal,Fulham,1,1,D
2914,England,England Premier League,2011/2012,2011-11-26,Norwich City,Queens Park Rangers,2,1,H
2915,England,England Premier League,2011/2012,2011-11-26,Stoke City,Blackburn Rovers,3,1,H
2918,England,England Premier League,2011/2012,2011-11-26,West Bromwich Albion,Tottenham Hotspur,1,3,A
2916,England,England Premier League,2011/2012,2011-11-26,Sunderland,Wigan Athletic,1,2,A
2912,England,England Premier League,2011/2012,2011-11-27,Liverpool,Manchester City,1,1,D
2917,England,England Premier League,2011/2012,2011-11-27,Swansea City,Aston Villa,0,0,D
2919,England,England Premier League,2011/2012,2011-12-03,Aston Villa,Manchester United,0,1,A
2920,England,England Premier League,2011/2012,2011-12-03,Blackburn Rovers,Swansea City,4,2,H
2923,England,England Premier League,2011/2012,2011-12-03,Manchester City,Norwich City,5,1,H
2924,England,England Premier League,2011/2012,2011-12-03,Newcastle United,Chelsea,0,3,A
2925,England,England Premier League,2011/2012,2011-12-03,Queens Park Rangers,West Bromwich Albion,1,1,D
2926,England,England Premier League,2011/2012,2011-12-03,Tottenham Hotspur,Bolton Wanderers,3,0,H
2927,England,England Premier League,2011/2012,2011-12-03,Wigan Athletic,Arsenal,0,4,A
2921,England,England Premier League,2011/2012,2011-12-04,Everton,Stoke City,0,1,A
2928,England,England Premier League,2011/2012,2011-12-04,Wolverhampton Wanderers,Sunderland,2,1,H
2922,England,England Premier League,2011/2012,2011-12-05,Fulham,Liverpool,1,0,H
2929,England,England Premier League,2011/2012,2011-12-10,Arsenal,Everton,1,0,H
2930,England,England Premier League,2011/2012,2011-12-10,Bolton Wanderers,Aston Villa,1,2,A
2932,England,England Premier League,2011/2012,2011-12-10,Liverpool,Queens Park Rangers,1,0,H
2933,England,England Premier League,2011/2012,2011-12-10,Manchester United,Wolverhampton Wanderers,4,1,H
2934,England,England Premier League,2011/2012,2011-12-10,Norwich City,Newcastle United,4,2,H
2937,England,England Premier League,2011/2012,2011-12-10,Swansea City,Fulham,2,0,H
2938,England,England Premier League,2011/2012,2011-12-10,West Bromwich Albion,Wigan Athletic,1,2,A
2935,England,England Premier League,2011/2012,2011-12-11,Stoke City,Tottenham Hotspur,2,1,H
2936,England,England Premier League,2011/2012,2011-12-11,Sunderland,Blackburn Rovers,2,1,H
2931,England,England Premier League,2011/2012,2011-12-12,Chelsea,Manchester City,2,1,H
2940,England,England Premier League,2011/2012,2011-12-17,Blackburn Rovers,West Bromwich Albion,1,2,A
2941,England,England Premier League,2011/2012,2011-12-17,Everton,Norwich City,1,1,D
2942,England,England Premier League,2011/2012,2011-12-17,Fulham,Bolton Wanderers,2,0,H
2944,England,England Premier League,2011/2012,2011-12-17,Newcastle United,Swansea City,0,0,D
2947,England,England Premier League,2011/2012,2011-12-17,Wigan Athletic,Chelsea,1,1,D
2948,England,England Premier League,2011/2012,2011-12-17,Wolverhampton Wanderers,Stoke City,1,2,A
2939,England,England Premier League,2011/2012,2011-12-18,Aston Villa,Liverpool,0,2,A
2943,England,England Premier League,2011/2012,2011-12-18,Manchester City,Arsenal,1,0,H
2945,England,England Premier League,2011/2012,2011-12-18,Queens Park Rangers,Manchester United,0,2,A
2946,England,England Premier League,2011/2012,2011-12-18,Tottenham Hotspur,Sunderland,1,0,H
2952,England,England Premier League,2011/2012,2011-12-20,Wolverhampton Wanderers,Norwich City,2,2,D
2954,England,England Premier League,2011/2012,2011-12-20,Blackburn Rovers,Bolton Wanderers,1,2,A
2949,England,England Premier League,2011/2012,2011-12-21,Queens Park Rangers,Sunderland,2,3,A
2951,England,England Premier League,2011/2012,2011-12-21,Wigan Athletic,Liverpool,0,0,D
2953,England,England Premier League,2011/2012,2011-12-21,Aston Villa,Arsenal,1,2,A
2955,England,England Premier League,2011/2012,2011-12-21,Everton,Swansea City,1,0,H
2956,England,England Premier League,2011/2012,2011-12-21,Fulham,Manchester United,0,5,A
2957,England,England Premier League,2011/2012,2011-12-21,Manchester City,Stoke City,3,0,H
2958,England,England Premier League,2011/2012,2011-12-21,Newcastle United,West Bromwich Albion,2,3,A
2950,England,England Premier League,2011/2012,2011-12-22,Tottenham Hotspur,Chelsea,1,1,D
2966,England,England Premier League,2011/2012,2011-12-26,Sunderland,Everton,1,1,D
2963,England,England Premier League,2011/2012,2011-12-26,Manchester United,Wigan Athletic,5,0,H
2961,England,England Premier League,2011/2012,2011-12-26,Chelsea,Fulham,1,1,D
2960,England,England Premier League,2011/2012,2011-12-26,Bolton Wanderers,Newcastle United,0,2,A
2962,England,England Premier League,2011/2012,2011-12-26,Liverpool,Blackburn Rovers,1,1,D
2968,England,England Premier League,2011/2012,2011-12-26,West Bromwich Albion,Manchester City,0,0,D
2965,England,England Premier League,2011/2012,2011-12-26,Stoke City,Aston Villa,0,0,D
2964,England,England Premier League,2011/2012,2011-12-27,Norwich City,Tottenham Hotspur,0,2,A
2967,England,England Premier League,2011/2012,2011-12-27,Swansea City,Queens Park Rangers,1,1,D
2959,England,England Premier League,2011/2012,2011-12-27,Arsenal,Wolverhampton Wanderers,1,1,D
2972,England,England Premier League,2011/2012,2011-12-30,Liverpool,Newcastle United,3,1,H
2971,England,England Premier League,2011/2012,2011-12-31,Chelsea,Aston Villa,1,3,A
2969,England,England Premier League,2011/2012,2011-12-31,Arsenal,Queens Park Rangers,1,0,H
2974,England,England Premier League,2011/2012,2011-12-31,Norwich City,Fulham,1,1,D
2970,England,England Premier League,2011/2012,2011-12-31,Bolton Wanderers,Wolverhampton Wanderers,1,1,D
2975,England,England Premier League,2011/2012,2011-12-31,Stoke City,Wigan Athletic,2,2,D
2977,England,England Premier League,2011/2012,2011-12-31,Swansea City,Tottenham Hotspur,1,1,D
2973,England,England Premier League,2011/2012,2011-12-31,Manchester United,Blackburn Rovers,2,3,A
2976,England,England Premier League,2011/2012,2012-01-01,Sunderland,Manchester City,1,0,H
2978,England,England Premier League,2011/2012,2012-01-01,West Bromwich Albion,Everton,0,1,A
2989,England,England Premier League,2011/2012,2012-01-02,Aston Villa,Swansea City,0,2,A
2990,England,England Premier League,2011/2012,2012-01-02,Blackburn Rovers,Stoke City,1,2,A
2992,England,England Premier League,2011/2012,2012-01-02,Fulham,Arsenal,2,1,H
2995,England,England Premier League,2011/2012,2012-01-02,Queens Park Rangers,Norwich City,1,2,A
2998,England,England Premier League,2011/2012,2012-01-02,Wolverhampton Wanderers,Chelsea,1,2,A
2993,England,England Premier League,2011/2012,2012-01-03,Manchester City,Liverpool,3,0,H
2996,England,England Premier League,2011/2012,2012-01-03,Tottenham Hotspur,West Bromwich Albion,1,0,H
2997,England,England Premier League,2011/2012,2012-01-03,Wigan Athletic,Sunderland,1,4,A
2991,England,England Premier League,2011/2012,2012-01-04,Everton,Bolton Wanderers,1,2,A
2994,England,England Premier League,2011/2012,2012-01-04,Newcastle United,Manchester United,3,0,H
2876,England,England Premier League,2011/2012,2012-01-11,Tottenham Hotspur,Everton,2,0,H
2999,England,England Premier League,2011/2012,2012-01-14,Aston Villa,Everton,1,1,D
3000,England,England Premier League,2011/2012,2012-01-14,Blackburn Rovers,Fulham,3,1,H
3001,England,England Premier League,2011/2012,2012-01-14,Chelsea,Sunderland,1,0,H
3002,England,England Premier League,2011/2012,2012-01-14,Liverpool,Stoke City,0,0,D
3003,England,England Premier League,2011/2012,2012-01-14,Manchester United,Bolton Wanderers,3,0,H
3006,England,England Premier League,2011/2012,2012-01-14,Tottenham Hotspur,Wolverhampton Wanderers,1,1,D
3007,England,England Premier League,2011/2012,2012-01-14,West Bromwich Albion,Norwich City,1,2,A
3004,England,England Premier League,2011/2012,2012-01-15,Newcastle United,Queens Park Rangers,1,0,H
3005,England,England Premier League,2011/2012,2012-01-15,Swansea City,Arsenal,3,2,H
3008,England,England Premier League,2011/2012,2012-01-16,Wigan Athletic,Manchester City,0,1,A
3010,England,England Premier League,2011/2012,2012-01-21,Bolton Wanderers,Liverpool,3,1,H
3011,England,England Premier League,2011/2012,2012-01-21,Everton,Blackburn Rovers,1,1,D
3012,England,England Premier League,2011/2012,2012-01-21,Fulham,Newcastle United,5,2,H
3014,England,England Premier League,2011/2012,2012-01-21,Norwich City,Chelsea,0,0,D
3015,England,England Premier League,2011/2012,2012-01-21,Queens Park Rangers,Wigan Athletic,3,1,H
3016,England,England Premier League,2011/2012,2012-01-21,Stoke City,West Bromwich Albion,1,2,A
3017,England,England Premier League,2011/2012,2012-01-21,Sunderland,Swansea City,2,0,H
3018,England,England Premier League,2011/2012,2012-01-21,Wolverhampton Wanderers,Aston Villa,2,3,A
3009,England,England Premier League,2011/2012,2012-01-22,Arsenal,Manchester United,1,2,A
3013,England,England Premier League,2011/2012,2012-01-22,Manchester City,Tottenham Hotspur,3,2,H
3023,England,England Premier League,2011/2012,2012-01-31,Tottenham Hotspur,Wigan Athletic,3,1,H
3022,England,England Premier League,2011/2012,2012-01-31,Swansea City,Chelsea,1,1,D
3027,England,England Premier League,2011/2012,2012-01-31,Everton,Manchester City,1,0,H
3024,England,England Premier League,2011/2012,2012-01-31,Wolverhampton Wanderers,Liverpool,0,3,A
3020,England,England Premier League,2011/2012,2012-01-31,Manchester United,Stoke City,2,0,H
3025,England,England Premier League,2011/2012,2012-02-01,Aston Villa,Queens Park Rangers,2,2,D
3026,England,England Premier League,2011/2012,2012-02-01,Blackburn Rovers,Newcastle United,0,2,A
3019,England,England Premier League,2011/2012,2012-02-01,Bolton Wanderers,Arsenal,0,0,D
3021,England,England Premier League,2011/2012,2012-02-01,Sunderland,Norwich City,3,0,H
3028,England,England Premier League,2011/2012,2012-02-01,Fulham,West Bromwich Albion,1,1,D
3032,England,England Premier League,2011/2012,2012-02-04,Manchester City,Fulham,3,0,H
3035,England,England Premier League,2011/2012,2012-02-04,Queens Park Rangers,Wolverhampton Wanderers,1,2,A
3034,England,England Premier League,2011/2012,2012-02-04,Norwich City,Bolton Wanderers,2,0,H
3037,England,England Premier League,2011/2012,2012-02-04,West Bromwich Albion,Swansea City,1,2,A
3036,England,England Premier League,2011/2012,2012-02-04,Stoke City,Sunderland,0,1,A
3038,England,England Premier League,2011/2012,2012-02-04,Wigan Athletic,Everton,1,1,D
3029,England,England Premier League,2011/2012,2012-02-04,Arsenal,Blackburn Rovers,7,1,H
3030,England,England Premier League,2011/2012,2012-02-05,Chelsea,Manchester United,3,3,D
3033,England,England Premier League,2011/2012,2012-02-05,Newcastle United,Aston Villa,2,1,H
3031,England,England Premier League,2011/2012,2012-02-06,Liverpool,Tottenham Hotspur,0,0,D
3043,England,England Premier League,2011/2012,2012-02-11,Fulham,Stoke City,2,1,H
3040,England,England Premier League,2011/2012,2012-02-11,Blackburn Rovers,Queens Park Rangers,3,2,H
3041,England,England Premier League,2011/2012,2012-02-11,Bolton Wanderers,Wigan Athletic,1,2,A
3042,England,England Premier League,2011/2012,2012-02-11,Everton,Chelsea,2,0,H
3045,England,England Premier League,2011/2012,2012-02-11,Sunderland,Arsenal,1,2,A
3046,England,England Premier League,2011/2012,2012-02-11,Swansea City,Norwich City,2,3,A
3047,England,England Premier League,2011/2012,2012-02-11,Tottenham Hotspur,Newcastle United,5,0,H
3044,England,England Premier League,2011/2012,2012-02-11,Manchester United,Liverpool,2,1,H
3039,England,England Premier League,2011/2012,2012-02-12,Aston Villa,Manchester City,0,1,A
3048,England,England Premier League,2011/2012,2012-02-12,Wolverhampton Wanderers,West Bromwich Albion,1,5,A
3050,England,England Premier League,2011/2012,2012-02-25,Chelsea,Bolton Wanderers,3,0,H
3052,England,England Premier League,2011/2012,2012-02-25,Manchester City,Blackburn Rovers,3,0,H
3053,England,England Premier League,2011/2012,2012-02-25,Newcastle United,Wolverhampton Wanderers,2,2,D
3055,England,England Premier League,2011/2012,2012-02-25,Queens Park Rangers,Fulham,0,1,A
3057,England,England Premier League,2011/2012,2012-02-25,West Bromwich Albion,Sunderland,4,0,H
3058,England,England Premier League,2011/2012,2012-02-25,Wigan Athletic,Aston Villa,0,0,D
3049,England,England Premier League,2011/2012,2012-02-26,Arsenal,Tottenham Hotspur,5,2,H
3054,England,England Premier League,2011/2012,2012-02-26,Norwich City,Manchester United,1,2,A
3056,England,England Premier League,2011/2012,2012-02-26,Stoke City,Swansea City,2,0,H
3059,England,England Premier League,2011/2012,2012-03-03,Blackburn Rovers,Aston Villa,1,1,D
3061,England,England Premier League,2011/2012,2012-03-03,Liverpool,Arsenal,1,2,A
3068,England,England Premier League,2011/2012,2012-03-03,Wigan Athletic,Swansea City,0,2,A
3062,England,England Premier League,2011/2012,2012-03-03,Manchester City,Bolton Wanderers,2,0,H
3065,England,England Premier League,2011/2012,2012-03-03,Stoke City,Norwich City,1,0,H
3067,England,England Premier League,2011/2012,2012-03-03,West Bromwich Albion,Chelsea,1,0,H
3064,England,England Premier League,2011/2012,2012-03-03,Queens Park Rangers,Everton,1,1,D
3060,England,England Premier League,2011/2012,2012-03-04,Fulham,Wolverhampton Wanderers,5,0,H
3063,England,England Premier League,2011/2012,2012-03-04,Newcastle United,Sunderland,1,1,D
3066,England,England Premier League,2011/2012,2012-03-04,Tottenham Hotspur,Manchester United,1,3,A
3070,England,England Premier League,2011/2012,2012-03-10,Aston Villa,Fulham,1,0,H
3071,England,England Premier League,2011/2012,2012-03-10,Bolton Wanderers,Queens Park Rangers,2,1,H
3072,England,England Premier League,2011/2012,2012-03-10,Chelsea,Stoke City,1,0,H
3073,England,England Premier League,2011/2012,2012-03-10,Everton,Tottenham Hotspur,1,0,H
3076,England,England Premier League,2011/2012,2012-03-10,Sunderland,Liverpool,1,0,H
3078,England,England Premier League,2011/2012,2012-03-10,Wolverhampton Wanderers,Blackburn Rovers,0,2,A
3074,England,England Premier League,2011/2012,2012-03-11,Manchester United,West Bromwich Albion,2,0,H
3075,England,England Premier League,2011/2012,2012-03-11,Norwich City,Wigan Athletic,1,1,D
3077,England,England Premier League,2011/2012,2012-03-11,Swansea City,Manchester City,1,0,H
3069,England,England Premier League,2011/2012,2012-03-12,Arsenal,Newcastle United,2,1,H
3051,England,England Premier League,2011/2012,2012-03-13,Liverpool,Everton,3,0,H
3082,England,England Premier League,2011/2012,2012-03-17,Fulham,Swansea City,0,3,A
3087,England,England Premier League,2011/2012,2012-03-17,Wigan Athletic,West Bromwich Albion,1,1,D
3084,England,England Premier League,2011/2012,2012-03-18,Newcastle United,Norwich City,1,0,H
3088,England,England Premier League,2011/2012,2012-03-18,Wolverhampton Wanderers,Manchester United,0,5,A
3080,England,England Premier League,2011/2012,2012-03-20,Blackburn Rovers,Sunderland,2,0,H
3081,England,England Premier League,2011/2012,2012-03-21,Everton,Arsenal,0,1,A
3083,England,England Premier League,2011/2012,2012-03-21,Manchester City,Chelsea,2,1,H
3085,England,England Premier League,2011/2012,2012-03-21,Queens Park Rangers,Liverpool,3,2,H
3086,England,England Premier League,2011/2012,2012-03-21,Tottenham Hotspur,Stoke City,1,1,D
3102,England,England Premier League,2011/2012,2012-03-24,Liverpool,Wigan Athletic,1,2,A
3099,England,England Premier League,2011/2012,2012-03-24,Arsenal,Aston Villa,3,0,H
3101,England,England Premier League,2011/2012,2012-03-24,Chelsea,Tottenham Hotspur,0,0,D
3100,England,England Premier League,2011/2012,2012-03-24,Bolton Wanderers,Blackburn Rovers,2,1,H
3106,England,England Premier League,2011/2012,2012-03-24,Sunderland,Queens Park Rangers,3,1,H
3105,England,England Premier League,2011/2012,2012-03-24,Stoke City,Manchester City,1,1,D
3107,England,England Premier League,2011/2012,2012-03-24,Swansea City,Everton,0,2,A
3104,England,England Premier League,2011/2012,2012-03-24,Norwich City,Wolverhampton Wanderers,2,1,H
3108,England,England Premier League,2011/2012,2012-03-25,West Bromwich Albion,Newcastle United,1,3,A
3103,England,England Premier League,2011/2012,2012-03-26,Manchester United,Fulham,1,0,H
3111,England,England Premier League,2011/2012,2012-03-31,Everton,West Bromwich Albion,2,0,H
3109,England,England Premier League,2011/2012,2012-03-31,Aston Villa,Chelsea,2,4,A
3112,England,England Premier League,2011/2012,2012-03-31,Fulham,Norwich City,2,1,H
3113,England,England Premier League,2011/2012,2012-03-31,Manchester City,Sunderland,3,3,D
3115,England,England Premier League,2011/2012,2012-03-31,Queens Park Rangers,Arsenal,2,1,H
3118,England,England Premier League,2011/2012,2012-03-31,Wolverhampton Wanderers,Bolton Wanderers,2,3,A
3117,England,England Premier League,2011/2012,2012-03-31,Wigan Athletic,Stoke City,2,0,H
3114,England,England Premier League,2011/2012,2012-04-01,Newcastle United,Liverpool,2,0,H
3116,England,England Premier League,2011/2012,2012-04-01,Tottenham Hotspur,Swansea City,3,1,H
3110,England,England Premier League,2011/2012,2012-04-02,Blackburn Rovers,Manchester United,0,2,A
3127,England,England Premier League,2011/2012,2012-04-06,Swansea City,Newcastle United,0,2,A
3122,England,England Premier League,2011/2012,2012-04-07,Liverpool,Aston Villa,1,1,D
3120,England,England Premier League,2011/2012,2012-04-07,Bolton Wanderers,Fulham,0,3,A
3125,England,England Premier League,2011/2012,2012-04-07,Stoke City,Wolverhampton Wanderers,2,1,H
3121,England,England Premier League,2011/2012,2012-04-07,Chelsea,Wigan Athletic,2,1,H
3126,England,England Premier League,2011/2012,2012-04-07,Sunderland,Tottenham Hotspur,0,0,D
3128,England,England Premier League,2011/2012,2012-04-07,West Bromwich Albion,Blackburn Rovers,3,0,H
3124,England,England Premier League,2011/2012,2012-04-07,Norwich City,Everton,2,2,D
3119,England,England Premier League,2011/2012,2012-04-08,Arsenal,Manchester City,1,0,H
3123,England,England Premier League,2011/2012,2012-04-08,Manchester United,Queens Park Rangers,2,0,H
3129,England,England Premier League,2011/2012,2012-04-09,Aston Villa,Stoke City,1,1,D
3131,England,England Premier League,2011/2012,2012-04-09,Everton,Sunderland,4,0,H
3132,England,England Premier League,2011/2012,2012-04-09,Fulham,Chelsea,1,1,D
3134,England,England Premier League,2011/2012,2012-04-09,Newcastle United,Bolton Wanderers,2,0,H
3136,England,England Premier League,2011/2012,2012-04-09,Tottenham Hotspur,Norwich City,1,2,A
3130,England,England Premier League,2011/2012,2012-04-10,Blackburn Rovers,Liverpool,2,3,A
3133,England,England Premier League,2011/2012,2012-04-11,Manchester City,West Bromwich Albion,4,0,H
3135,England,England Premier League,2011/2012,2012-04-11,Queens Park Rangers,Swansea City,3,0,H
3137,England,England Premier League,2011/2012,2012-04-11,Wigan Athletic,Manchester United,1,0,H
3138,England,England Premier League,2011/2012,2012-04-11,Wolverhampton Wanderers,Arsenal,0,3,A
3144,England,England Premier League,2011/2012,2012-04-14,Norwich City,Manchester City,1,6,A
3146,England,England Premier League,2011/2012,2012-04-14,Sunderland,Wolverhampton Wanderers,0,0,D
3147,England,England Premier League,2011/2012,2012-04-14,Swansea City,Blackburn Rovers,3,0,H
3148,England,England Premier League,2011/2012,2012-04-14,West Bromwich Albion,Queens Park Rangers,1,0,H
3143,England,England Premier League,2011/2012,2012-04-15,Manchester United,Aston Villa,4,0,H
3139,England,England Premier League,2011/2012,2012-04-16,Arsenal,Wigan Athletic,1,2,A
3149,England,England Premier League,2011/2012,2012-04-21,Arsenal,Chelsea,0,0,D
3150,England,England Premier League,2011/2012,2012-04-21,Aston Villa,Sunderland,0,0,D
3151,England,England Premier League,2011/2012,2012-04-21,Blackburn Rovers,Norwich City,2,0,H
3152,England,England Premier League,2011/2012,2012-04-21,Bolton Wanderers,Swansea City,1,1,D
3153,England,England Premier League,2011/2012,2012-04-21,Fulham,Wigan Athletic,2,1,H
3156,England,England Premier League,2011/2012,2012-04-21,Newcastle United,Stoke City,3,0,H
3157,England,England Premier League,2011/2012,2012-04-21,Queens Park Rangers,Tottenham Hotspur,1,0,H
3154,England,England Premier League,2011/2012,2012-04-22,Liverpool,West Bromwich Albion,0,1,A
3155,England,England Premier League,2011/2012,2012-04-22,Manchester United,Everton,4,4,D
3158,England,England Premier League,2011/2012,2012-04-22,Wolverhampton Wanderers,Manchester City,0,2,A
3079,England,England Premier League,2011/2012,2012-04-24,Aston Villa,Bolton Wanderers,1,2,A
3163,England,England Premier League,2011/2012,2012-04-28,Stoke City,Arsenal,1,1,D
3160,England,England Premier League,2011/2012,2012-04-28,Everton,Fulham,4,0,H
3165,England,England Premier League,2011/2012,2012-04-28,Swansea City,Wolverhampton Wanderers,4,4,D
3162,England,England Premier League,2011/2012,2012-04-28,Norwich City,Liverpool,0,3,A
3167,England,England Premier League,2011/2012,2012-04-28,West Bromwich Albion,Aston Villa,0,0,D
3168,England,England Premier League,2011/2012,2012-04-28,Wigan Athletic,Newcastle United,4,0,H
3164,England,England Premier League,2011/2012,2012-04-28,Sunderland,Bolton Wanderers,2,2,D
3159,England,England Premier League,2011/2012,2012-04-29,Chelsea,Queens Park Rangers,6,1,H
3166,England,England Premier League,2011/2012,2012-04-29,Tottenham Hotspur,Blackburn Rovers,2,0,H
3161,England,England Premier League,2011/2012,2012-04-30,Manchester City,Manchester United,1,0,H
3142,England,England Premier League,2011/2012,2012-05-01,Liverpool,Fulham,0,1,A
3145,England,England Premier League,2011/2012,2012-05-01,Stoke City,Everton,1,1,D
3140,England,England Premier League,2011/2012,2012-05-02,Bolton Wanderers,Tottenham Hotspur,1,4,A
3141,England,England Premier League,2011/2012,2012-05-02,Chelsea,Newcastle United,0,2,A
3169,England,England Premier League,2011/2012,2012-05-05,Arsenal,Norwich City,3,3,D
3175,England,England Premier League,2011/2012,2012-05-06,Manchester United,Swansea City,2,0,H
3172,England,England Premier League,2011/2012,2012-05-06,Bolton Wanderers,West Bromwich Albion,2,2,D
3173,England,England Premier League,2011/2012,2012-05-06,Fulham,Sunderland,2,1,H
3178,England,England Premier League,2011/2012,2012-05-06,Wolverhampton Wanderers,Everton,0,0,D
3176,England,England Premier League,2011/2012,2012-05-06,Newcastle United,Manchester City,0,2,A
3177,England,England Premier League,2011/2012,2012-05-06,Queens Park Rangers,Stoke City,1,0,H
3170,England,England Premier League,2011/2012,2012-05-06,Aston Villa,Tottenham Hotspur,1,1,D
3171,England,England Premier League,2011/2012,2012-05-07,Blackburn Rovers,Wigan Athletic,0,1,A
3174,England,England Premier League,2011/2012,2012-05-08,Liverpool,Chelsea,4,1,H
3180,England,England Premier League,2011/2012,2012-05-13,Everton,Newcastle United,3,1,H
3181,England,England Premier League,2011/2012,2012-05-13,Manchester City,Queens Park Rangers,3,2,H
3179,England,England Premier League,2011/2012,2012-05-13,Chelsea,Blackburn Rovers,2,1,H
3182,England,England Premier League,2011/2012,2012-05-13,Norwich City,Aston Villa,2,0,H
3183,England,England Premier League,2011/2012,2012-05-13,Stoke City,Bolton Wanderers,2,2,D
3184,England,England Premier League,2011/2012,2012-05-13,Sunderland,Manchester United,0,1,A
3187,England,England Premier League,2011/2012,2012-05-13,West Bromwich Albion,Arsenal,2,3,A
3185,England,England Premier League,2011/2012,2012-05-13,Swansea City,Liverpool,1,0,H
3186,England,England Premier League,2011/2012,2012-05-13,Tottenham Hotspur,Fulham,2,0,H
3188,England,England Premier League,2011/2012,2012-05-13,Wigan Athletic,Wolverhampton Wanderers,3,2,H
3249,England,England Premier League,2012/2013,2012-08-18,Arsenal,Sunderland,0,0,D
3251,England,England Premier League,2012/2013,2012-08-18,Fulham,Norwich City,5,0,H
3257,England,England Premier League,2012/2013,2012-08-18,West Ham United,Aston Villa,1,0,H
3253,England,England Premier League,2012/2013,2012-08-18,Newcastle United,Tottenham Hotspur,2,1,H
3255,England,England Premier League,2012/2013,2012-08-18,Reading,Stoke City,1,1,D
3256,England,England Premier League,2012/2013,2012-08-18,West Bromwich Albion,Liverpool,3,0,H
3254,England,England Premier League,2012/2013,2012-08-18,Queens Park Rangers,Swansea City,0,5,A
3252,England,England Premier League,2012/2013,2012-08-19,Manchester City,Southampton,3,2,H
3258,England,England Premier League,2012/2013,2012-08-19,Wigan Athletic,Chelsea,0,2,A
3250,England,England Premier League,2012/2013,2012-08-20,Everton,Manchester United,1,0,H
3469,England,England Premier League,2012/2013,2012-08-22,Chelsea,Reading,4,2,H
3367,England,England Premier League,2012/2013,2012-08-25,Swansea City,West Ham United,3,0,H
3368,England,England Premier League,2012/2013,2012-08-25,Tottenham Hotspur,West Bromwich Albion,1,1,D
3359,England,England Premier League,2012/2013,2012-08-25,Aston Villa,Everton,1,3,A
3360,England,England Premier League,2012/2013,2012-08-25,Chelsea,Newcastle United,2,0,H
3362,England,England Premier League,2012/2013,2012-08-25,Manchester United,Fulham,3,2,H
3363,England,England Premier League,2012/2013,2012-08-25,Norwich City,Queens Park Rangers,1,1,D
3364,England,England Premier League,2012/2013,2012-08-25,Southampton,Wigan Athletic,0,2,A
3361,England,England Premier League,2012/2013,2012-08-26,Liverpool,Manchester City,2,2,D
3365,England,England Premier League,2012/2013,2012-08-26,Stoke City,Arsenal,0,0,D
3471,England,England Premier League,2012/2013,2012-09-01,Manchester City,Queens Park Rangers,3,1,H
3474,England,England Premier League,2012/2013,2012-09-01,Swansea City,Sunderland,2,2,D
3475,England,England Premier League,2012/2013,2012-09-01,Tottenham Hotspur,Norwich City,1,1,D
3476,England,England Premier League,2012/2013,2012-09-01,West Bromwich Albion,Everton,2,0,H
3477,England,England Premier League,2012/2013,2012-09-01,West Ham United,Fulham,3,0,H
3478,England,England Premier League,2012/2013,2012-09-01,Wigan Athletic,Stoke City,2,2,D
3470,England,England Premier League,2012/2013,2012-09-02,Liverpool,Arsenal,0,2,A
3472,England,England Premier League,2012/2013,2012-09-02,Newcastle United,Aston Villa,1,1,D
3473,England,England Premier League,2012/2013,2012-09-02,Southampton,Manchester United,2,3,A
3573,England,England Premier League,2012/2013,2012-09-15,Manchester United,Wigan Athletic,4,0,H
3569,England,England Premier League,2012/2013,2012-09-15,Arsenal,Southampton,6,1,H
3572,England,England Premier League,2012/2013,2012-09-15,Fulham,West Bromwich Albion,3,0,H
3570,England,England Premier League,2012/2013,2012-09-15,Aston Villa,Swansea City,2,0,H
3577,England,England Premier League,2012/2013,2012-09-15,Stoke City,Manchester City,1,1,D
3575,England,England Premier League,2012/2013,2012-09-15,Queens Park Rangers,Chelsea,0,0,D
3578,England,England Premier League,2012/2013,2012-09-15,Sunderland,Liverpool,1,1,D
3574,England,England Premier League,2012/2013,2012-09-15,Norwich City,West Ham United,0,0,D
3576,England,England Premier League,2012/2013,2012-09-16,Reading,Tottenham Hotspur,1,3,A
3571,England,England Premier League,2012/2013,2012-09-17,Everton,Newcastle United,2,2,D
3579,England,England Premier League,2012/2013,2012-09-22,Chelsea,Stoke City,1,0,H
3584,England,England Premier League,2012/2013,2012-09-22,Swansea City,Everton,0,3,A
3583,England,England Premier League,2012/2013,2012-09-22,Southampton,Aston Villa,4,1,H
3588,England,England Premier League,2012/2013,2012-09-22,Wigan Athletic,Fulham,1,2,A
3587,England,England Premier League,2012/2013,2012-09-22,West Ham United,Sunderland,1,1,D
3586,England,England Premier League,2012/2013,2012-09-22,West Bromwich Albion,Reading,1,0,H
3580,England,England Premier League,2012/2013,2012-09-23,Liverpool,Manchester United,1,2,A
3581,England,England Premier League,2012/2013,2012-09-23,Manchester City,Arsenal,1,1,D
3582,England,England Premier League,2012/2013,2012-09-23,Newcastle United,Norwich City,1,0,H
3585,England,England Premier League,2012/2013,2012-09-23,Tottenham Hotspur,Queens Park Rangers,2,1,H
3592,England,England Premier League,2012/2013,2012-09-29,Fulham,Manchester City,1,2,A
3593,England,England Premier League,2012/2013,2012-09-29,Manchester United,Tottenham Hotspur,2,3,A
3589,England,England Premier League,2012/2013,2012-09-29,Arsenal,Chelsea,1,2,A
3591,England,England Premier League,2012/2013,2012-09-29,Everton,Southampton,3,1,H
3594,England,England Premier League,2012/2013,2012-09-29,Norwich City,Liverpool,2,5,A
3596,England,England Premier League,2012/2013,2012-09-29,Reading,Newcastle United,2,2,D
3597,England,England Premier League,2012/2013,2012-09-29,Stoke City,Swansea City,2,0,H
3598,England,England Premier League,2012/2013,2012-09-29,Sunderland,Wigan Athletic,1,0,H
3590,England,England Premier League,2012/2013,2012-09-30,Aston Villa,West Bromwich Albion,1,1,D
3595,England,England Premier League,2012/2013,2012-10-01,Queens Park Rangers,West Ham United,1,2,A
3599,England,England Premier League,2012/2013,2012-10-06,Chelsea,Norwich City,4,1,H
3601,England,England Premier League,2012/2013,2012-10-06,Manchester City,Sunderland,3,0,H
3604,England,England Premier League,2012/2013,2012-10-06,Swansea City,Reading,2,2,D
3606,England,England Premier League,2012/2013,2012-10-06,West Bromwich Albion,Queens Park Rangers,3,2,H
3607,England,England Premier League,2012/2013,2012-10-06,West Ham United,Arsenal,1,3,A
3608,England,England Premier League,2012/2013,2012-10-06,Wigan Athletic,Everton,2,2,D
3600,England,England Premier League,2012/2013,2012-10-07,Liverpool,Stoke City,0,0,D
3602,England,England Premier League,2012/2013,2012-10-07,Newcastle United,Manchester United,0,3,A
3603,England,England Premier League,2012/2013,2012-10-07,Southampton,Fulham,2,2,D
3605,England,England Premier League,2012/2013,2012-10-07,Tottenham Hotspur,Aston Villa,2,0,H
3612,England,England Premier League,2012/2013,2012-10-20,Norwich City,Arsenal,1,0,H
3609,England,England Premier League,2012/2013,2012-10-20,Fulham,Aston Villa,1,0,H
3610,England,England Premier League,2012/2013,2012-10-20,Liverpool,Reading,1,0,H
3611,England,England Premier League,2012/2013,2012-10-20,Manchester United,Stoke City,4,2,H
3616,England,England Premier League,2012/2013,2012-10-20,Tottenham Hotspur,Chelsea,2,4,A
3617,England,England Premier League,2012/2013,2012-10-20,West Bromwich Albion,Manchester City,1,2,A
3618,England,England Premier League,2012/2013,2012-10-20,West Ham United,Southampton,4,1,H
3615,England,England Premier League,2012/2013,2012-10-20,Swansea City,Wigan Athletic,2,1,H
3613,England,England Premier League,2012/2013,2012-10-21,Queens Park Rangers,Everton,1,1,D
3614,England,England Premier League,2012/2013,2012-10-21,Sunderland,Newcastle United,1,1,D
3619,England,England Premier League,2012/2013,2012-10-27,Arsenal,Queens Park Rangers,1,0,H
3620,England,England Premier League,2012/2013,2012-10-27,Aston Villa,Norwich City,1,1,D
3623,England,England Premier League,2012/2013,2012-10-27,Manchester City,Swansea City,1,0,H
3625,England,England Premier League,2012/2013,2012-10-27,Reading,Fulham,3,3,D
3627,England,England Premier League,2012/2013,2012-10-27,Stoke City,Sunderland,0,0,D
3628,England,England Premier League,2012/2013,2012-10-27,Wigan Athletic,West Ham United,2,1,H
3621,England,England Premier League,2012/2013,2012-10-28,Chelsea,Manchester United,2,3,A
3622,England,England Premier League,2012/2013,2012-10-28,Everton,Liverpool,2,2,D
3624,England,England Premier League,2012/2013,2012-10-28,Newcastle United,West Bromwich Albion,2,1,H
3626,England,England Premier League,2012/2013,2012-10-28,Southampton,Tottenham Hotspur,1,2,A
3259,England,England Premier League,2012/2013,2012-11-03,Fulham,Everton,2,2,D
3261,England,England Premier League,2012/2013,2012-11-03,Manchester United,Arsenal,2,1,H
3262,England,England Premier League,2012/2013,2012-11-03,Norwich City,Stoke City,1,0,H
3264,England,England Premier League,2012/2013,2012-11-03,Sunderland,Aston Villa,0,1,A
3265,England,England Premier League,2012/2013,2012-11-03,Swansea City,Chelsea,1,1,D
3266,England,England Premier League,2012/2013,2012-11-03,Tottenham Hotspur,Wigan Athletic,0,1,A
3268,England,England Premier League,2012/2013,2012-11-03,West Ham United,Manchester City,0,0,D
3260,England,England Premier League,2012/2013,2012-11-04,Liverpool,Newcastle United,1,1,D
3263,England,England Premier League,2012/2013,2012-11-04,Queens Park Rangers,Reading,1,1,D
3267,England,England Premier League,2012/2013,2012-11-05,West Bromwich Albion,Southampton,2,0,H
3275,England,England Premier League,2012/2013,2012-11-10,Reading,Norwich City,0,0,D
3269,England,England Premier League,2012/2013,2012-11-10,Arsenal,Fulham,3,3,D
3272,England,England Premier League,2012/2013,2012-11-10,Everton,Sunderland,2,1,H
3277,England,England Premier League,2012/2013,2012-11-10,Stoke City,Queens Park Rangers,1,0,H
3276,England,England Premier League,2012/2013,2012-11-10,Southampton,Swansea City,1,1,D
3278,England,England Premier League,2012/2013,2012-11-10,Wigan Athletic,West Bromwich Albion,1,2,A
3270,England,England Premier League,2012/2013,2012-11-10,Aston Villa,Manchester United,2,3,A
3271,England,England Premier League,2012/2013,2012-11-11,Chelsea,Liverpool,1,1,D
3273,England,England Premier League,2012/2013,2012-11-11,Manchester City,Tottenham Hotspur,2,1,H
3274,England,England Premier League,2012/2013,2012-11-11,Newcastle United,West Ham United,0,1,A
3281,England,England Premier League,2012/2013,2012-11-17,Liverpool,Wigan Athletic,3,0,H
3279,England,England Premier League,2012/2013,2012-11-17,Arsenal,Tottenham Hotspur,5,2,H
3283,England,England Premier League,2012/2013,2012-11-17,Newcastle United,Swansea City,1,2,A
3282,England,England Premier League,2012/2013,2012-11-17,Manchester City,Aston Villa,5,0,H
3286,England,England Premier League,2012/2013,2012-11-17,Reading,Everton,2,1,H
3287,England,England Premier League,2012/2013,2012-11-17,West Bromwich Albion,Chelsea,2,1,H
3284,England,England Premier League,2012/2013,2012-11-17,Norwich City,Manchester United,1,0,H
3285,England,England Premier League,2012/2013,2012-11-17,Queens Park Rangers,Southampton,1,3,A
3280,England,England Premier League,2012/2013,2012-11-18,Fulham,Sunderland,1,3,A
3288,England,England Premier League,2012/2013,2012-11-19,West Ham United,Stoke City,1,1,D
3289,England,England Premier League,2012/2013,2012-11-24,Aston Villa,Arsenal,0,0,D
3291,England,England Premier League,2012/2013,2012-11-24,Everton,Norwich City,1,1,D
3292,England,England Premier League,2012/2013,2012-11-24,Manchester United,Queens Park Rangers,3,1,H
3294,England,England Premier League,2012/2013,2012-11-24,Stoke City,Fulham,1,0,H
3295,England,England Premier League,2012/2013,2012-11-24,Sunderland,West Bromwich Albion,2,4,A
3298,England,England Premier League,2012/2013,2012-11-24,Wigan Athletic,Reading,3,2,H
3290,England,England Premier League,2012/2013,2012-11-25,Chelsea,Manchester City,0,0,D
3293,England,England Premier League,2012/2013,2012-11-25,Southampton,Newcastle United,2,0,H
3296,England,England Premier League,2012/2013,2012-11-25,Swansea City,Liverpool,0,0,D
3297,England,England Premier League,2012/2013,2012-11-25,Tottenham Hotspur,West Ham United,3,1,H
3299,England,England Premier League,2012/2013,2012-11-27,Aston Villa,Reading,1,0,H
3303,England,England Premier League,2012/2013,2012-11-27,Sunderland,Queens Park Rangers,0,0,D
3304,England,England Premier League,2012/2013,2012-11-28,Swansea City,West Bromwich Albion,3,1,H
3300,England,England Premier League,2012/2013,2012-11-28,Manchester United,West Ham United,1,0,H
3301,England,England Premier League,2012/2013,2012-11-28,Southampton,Norwich City,1,1,D
3302,England,England Premier League,2012/2013,2012-11-28,Stoke City,Newcastle United,2,1,H
3308,England,England Premier League,2012/2013,2012-11-28,Everton,Arsenal,1,1,D
3307,England,England Premier League,2012/2013,2012-11-28,Chelsea,Fulham,0,0,D
3305,England,England Premier League,2012/2013,2012-11-28,Tottenham Hotspur,Liverpool,2,1,H
3306,England,England Premier League,2012/2013,2012-11-28,Wigan Athletic,Manchester City,0,2,A
3309,England,England Premier League,2012/2013,2012-12-01,Arsenal,Swansea City,0,2,A
3310,England,England Premier League,2012/2013,2012-12-01,Fulham,Tottenham Hotspur,0,3,A
3311,England,England Premier League,2012/2013,2012-12-01,Liverpool,Southampton,1,0,H
3312,England,England Premier League,2012/2013,2012-12-01,Manchester City,Everton,1,1,D
3315,England,England Premier League,2012/2013,2012-12-01,Queens Park Rangers,Aston Villa,1,1,D
3316,England,England Premier League,2012/2013,2012-12-01,Reading,Manchester United,3,4,A
3317,England,England Premier League,2012/2013,2012-12-01,West Bromwich Albion,Stoke City,0,1,A
3318,England,England Premier League,2012/2013,2012-12-01,West Ham United,Chelsea,3,1,H
3314,England,England Premier League,2012/2013,2012-12-02,Norwich City,Sunderland,2,1,H
3313,England,England Premier League,2012/2013,2012-12-03,Newcastle United,Wigan Athletic,3,0,H
3319,England,England Premier League,2012/2013,2012-12-08,Arsenal,West Bromwich Albion,2,0,H
3320,England,England Premier League,2012/2013,2012-12-08,Aston Villa,Stoke City,0,0,D
3324,England,England Premier League,2012/2013,2012-12-08,Southampton,Reading,1,0,H
3325,England,England Premier League,2012/2013,2012-12-08,Sunderland,Chelsea,1,3,A
3326,England,England Premier League,2012/2013,2012-12-08,Swansea City,Norwich City,3,4,A
3328,England,England Premier League,2012/2013,2012-12-08,Wigan Athletic,Queens Park Rangers,2,2,D
3321,England,England Premier League,2012/2013,2012-12-09,Everton,Tottenham Hotspur,2,1,H
3323,England,England Premier League,2012/2013,2012-12-09,Manchester City,Manchester United,2,3,A
3327,England,England Premier League,2012/2013,2012-12-09,West Ham United,Liverpool,2,3,A
3322,England,England Premier League,2012/2013,2012-12-10,Fulham,Newcastle United,2,1,H
3366,England,England Premier League,2012/2013,2012-12-11,Sunderland,Reading,3,0,H
3330,England,England Premier League,2012/2013,2012-12-15,Liverpool,Aston Villa,1,3,A
3331,England,England Premier League,2012/2013,2012-12-15,Manchester United,Sunderland,3,1,H
3332,England,England Premier League,2012/2013,2012-12-15,Newcastle United,Manchester City,1,3,A
3333,England,England Premier League,2012/2013,2012-12-15,Norwich City,Wigan Athletic,2,1,H
3334,England,England Premier League,2012/2013,2012-12-15,Queens Park Rangers,Fulham,2,1,H
3336,England,England Premier League,2012/2013,2012-12-15,Stoke City,Everton,1,1,D
3337,England,England Premier League,2012/2013,2012-12-16,Tottenham Hotspur,Swansea City,1,0,H
3338,England,England Premier League,2012/2013,2012-12-16,West Bromwich Albion,West Ham United,0,0,D
3335,England,England Premier League,2012/2013,2012-12-17,Reading,Arsenal,2,5,A
3343,England,England Premier League,2012/2013,2012-12-22,Southampton,Sunderland,0,1,A
3340,England,England Premier League,2012/2013,2012-12-22,Liverpool,Fulham,4,0,H
3341,England,England Premier League,2012/2013,2012-12-22,Manchester City,Reading,1,0,H
3342,England,England Premier League,2012/2013,2012-12-22,Newcastle United,Queens Park Rangers,1,0,H
3346,England,England Premier League,2012/2013,2012-12-22,West Bromwich Albion,Norwich City,2,1,H
3347,England,England Premier League,2012/2013,2012-12-22,West Ham United,Everton,1,2,A
3348,England,England Premier League,2012/2013,2012-12-22,Wigan Athletic,Arsenal,0,1,A
3345,England,England Premier League,2012/2013,2012-12-22,Tottenham Hotspur,Stoke City,0,0,D
3339,England,England Premier League,2012/2013,2012-12-23,Chelsea,Aston Villa,8,0,H
3344,England,England Premier League,2012/2013,2012-12-23,Swansea City,Manchester United,1,1,D
3352,England,England Premier League,2012/2013,2012-12-26,Fulham,Southampton,1,1,D
3350,England,England Premier League,2012/2013,2012-12-26,Aston Villa,Tottenham Hotspur,0,4,A
3351,England,England Premier League,2012/2013,2012-12-26,Everton,Wigan Athletic,2,1,H
3355,England,England Premier League,2012/2013,2012-12-26,Queens Park Rangers,West Bromwich Albion,1,2,A
3353,England,England Premier League,2012/2013,2012-12-26,Manchester United,Newcastle United,4,3,H
3354,England,England Premier League,2012/2013,2012-12-26,Norwich City,Chelsea,0,1,A
3357,England,England Premier League,2012/2013,2012-12-26,Stoke City,Liverpool,3,1,H
3358,England,England Premier League,2012/2013,2012-12-26,Sunderland,Manchester City,1,0,H
3356,England,England Premier League,2012/2013,2012-12-26,Reading,Swansea City,0,0,D
3373,England,England Premier League,2012/2013,2012-12-29,Manchester United,West Bromwich Albion,2,0,H
3370,England,England Premier League,2012/2013,2012-12-29,Aston Villa,Wigan Athletic,0,3,A
3372,England,England Premier League,2012/2013,2012-12-29,Fulham,Swansea City,1,2,A
3369,England,England Premier League,2012/2013,2012-12-29,Arsenal,Newcastle United,7,3,H
3374,England,England Premier League,2012/2013,2012-12-29,Norwich City,Manchester City,3,4,A
3376,England,England Premier League,2012/2013,2012-12-29,Reading,West Ham United,1,0,H
3378,England,England Premier League,2012/2013,2012-12-29,Sunderland,Tottenham Hotspur,1,2,A
3377,England,England Premier League,2012/2013,2012-12-29,Stoke City,Southampton,3,3,D
3371,England,England Premier League,2012/2013,2012-12-30,Everton,Chelsea,1,2,A
3375,England,England Premier League,2012/2013,2012-12-30,Queens Park Rangers,Liverpool,0,3,A
3387,England,England Premier League,2012/2013,2013-01-01,West Ham United,Norwich City,2,1,H
3388,England,England Premier League,2012/2013,2013-01-01,Wigan Athletic,Manchester United,0,4,A
3381,England,England Premier League,2012/2013,2013-01-01,Manchester City,Stoke City,3,0,H
3383,England,England Premier League,2012/2013,2013-01-01,Southampton,Arsenal,1,1,D
3384,England,England Premier League,2012/2013,2013-01-01,Swansea City,Aston Villa,2,2,D
3385,England,England Premier League,2012/2013,2013-01-01,Tottenham Hotspur,Reading,3,1,H
3386,England,England Premier League,2012/2013,2013-01-01,West Bromwich Albion,Fulham,1,2,A
3382,England,England Premier League,2012/2013,2013-01-02,Newcastle United,Everton,1,2,A
3379,England,England Premier League,2012/2013,2013-01-02,Chelsea,Queens Park Rangers,0,1,A
3380,England,England Premier League,2012/2013,2013-01-02,Liverpool,Sunderland,3,0,H
3390,England,England Premier League,2012/2013,2013-01-12,Aston Villa,Southampton,0,1,A
3391,England,England Premier League,2012/2013,2013-01-12,Everton,Swansea City,0,0,D
3392,England,England Premier League,2012/2013,2013-01-12,Fulham,Wigan Athletic,1,1,D
3394,England,England Premier League,2012/2013,2013-01-12,Norwich City,Newcastle United,0,0,D
3395,England,England Premier League,2012/2013,2013-01-12,Queens Park Rangers,Tottenham Hotspur,0,0,D
3396,England,England Premier League,2012/2013,2013-01-12,Reading,West Bromwich Albion,3,2,H
3397,England,England Premier League,2012/2013,2013-01-12,Stoke City,Chelsea,0,4,A
3398,England,England Premier League,2012/2013,2013-01-12,Sunderland,West Ham United,3,0,H
3389,England,England Premier League,2012/2013,2013-01-13,Arsenal,Manchester City,0,2,A
3393,England,England Premier League,2012/2013,2013-01-13,Manchester United,Liverpool,2,1,H
3329,England,England Premier League,2012/2013,2013-01-16,Chelsea,Southampton,2,2,D
3404,England,England Premier League,2012/2013,2013-01-19,Swansea City,Stoke City,3,1,H
3401,England,England Premier League,2012/2013,2013-01-19,Manchester City,Fulham,2,0,H
3402,England,England Premier League,2012/2013,2013-01-19,Newcastle United,Reading,1,2,A
3408,England,England Premier League,2012/2013,2013-01-19,Wigan Athletic,Sunderland,2,3,A
3406,England,England Premier League,2012/2013,2013-01-19,West Bromwich Albion,Aston Villa,2,2,D
3407,England,England Premier League,2012/2013,2013-01-19,West Ham United,Queens Park Rangers,1,1,D
3400,England,England Premier League,2012/2013,2013-01-19,Liverpool,Norwich City,5,0,H
3399,England,England Premier League,2012/2013,2013-01-20,Chelsea,Arsenal,2,1,H
3405,England,England Premier League,2012/2013,2013-01-20,Tottenham Hotspur,Manchester United,1,1,D
3403,England,England Premier League,2012/2013,2013-01-21,Southampton,Everton,0,0,D
3349,England,England Premier League,2012/2013,2013-01-23,Arsenal,West Ham United,5,1,H
3410,England,England Premier League,2012/2013,2013-01-29,Aston Villa,Newcastle United,1,2,A
3413,England,England Premier League,2012/2013,2013-01-29,Queens Park Rangers,Manchester City,0,0,D
3415,England,England Premier League,2012/2013,2013-01-29,Stoke City,Wigan Athletic,2,2,D
3416,England,England Premier League,2012/2013,2013-01-29,Sunderland,Swansea City,0,0,D
3409,England,England Premier League,2012/2013,2013-01-30,Arsenal,Liverpool,2,2,D
3411,England,England Premier League,2012/2013,2013-01-30,Manchester United,Southampton,2,1,H
3412,England,England Premier League,2012/2013,2013-01-30,Norwich City,Tottenham Hotspur,1,1,D
3414,England,England Premier League,2012/2013,2013-01-30,Reading,Chelsea,2,2,D
3417,England,England Premier League,2012/2013,2013-01-30,Everton,West Bromwich Albion,2,1,H
3418,England,England Premier League,2012/2013,2013-01-30,Fulham,West Ham United,3,1,H
3425,England,England Premier League,2012/2013,2013-02-02,Reading,Sunderland,2,1,H
3424,England,England Premier League,2012/2013,2013-02-02,Queens Park Rangers,Norwich City,0,0,D
3419,England,England Premier League,2012/2013,2013-02-02,Arsenal,Stoke City,1,0,H
3421,England,England Premier League,2012/2013,2013-02-02,Fulham,Manchester United,0,1,A
3428,England,England Premier League,2012/2013,2013-02-02,Wigan Athletic,Southampton,2,2,D
3427,England,England Premier League,2012/2013,2013-02-02,West Ham United,Swansea City,1,0,H
3423,England,England Premier League,2012/2013,2013-02-02,Newcastle United,Chelsea,3,2,H
3420,England,England Premier League,2012/2013,2013-02-02,Everton,Aston Villa,3,3,D
3422,England,England Premier League,2012/2013,2013-02-03,Manchester City,Liverpool,2,2,D
3426,England,England Premier League,2012/2013,2013-02-03,West Bromwich Albion,Tottenham Hotspur,0,1,A
3430,England,England Premier League,2012/2013,2013-02-09,Chelsea,Wigan Athletic,4,1,H
3438,England,England Premier League,2012/2013,2013-02-09,Tottenham Hotspur,Newcastle United,2,1,H
3435,England,England Premier League,2012/2013,2013-02-09,Stoke City,Reading,2,1,H
3433,England,England Premier League,2012/2013,2013-02-09,Norwich City,Fulham,0,0,D
3434,England,England Premier League,2012/2013,2013-02-09,Southampton,Manchester City,3,1,H
3437,England,England Premier League,2012/2013,2013-02-09,Swansea City,Queens Park Rangers,4,1,H
3436,England,England Premier League,2012/2013,2013-02-09,Sunderland,Arsenal,0,1,A
3429,England,England Premier League,2012/2013,2013-02-10,Aston Villa,West Ham United,2,1,H
3432,England,England Premier League,2012/2013,2013-02-10,Manchester United,Everton,2,0,H
3431,England,England Premier League,2012/2013,2013-02-11,Liverpool,West Bromwich Albion,0,2,A
3441,England,England Premier League,2012/2013,2013-02-17,Liverpool,Swansea City,5,0,H
3439,England,England Premier League,2012/2013,2013-02-23,Arsenal,Aston Villa,2,1,H
3440,England,England Premier League,2012/2013,2013-02-23,Fulham,Stoke City,1,0,H
3444,England,England Premier League,2012/2013,2013-02-23,Norwich City,Everton,2,1,H
3445,England,England Premier League,2012/2013,2013-02-23,Queens Park Rangers,Manchester United,0,2,A
3446,England,England Premier League,2012/2013,2013-02-23,Reading,Wigan Athletic,0,3,A
3447,England,England Premier League,2012/2013,2013-02-23,West Bromwich Albion,Sunderland,2,1,H
3442,England,England Premier League,2012/2013,2013-02-24,Manchester City,Chelsea,2,0,H
3443,England,England Premier League,2012/2013,2013-02-24,Newcastle United,Southampton,4,2,H
3448,England,England Premier League,2012/2013,2013-02-25,West Ham United,Tottenham Hotspur,2,3,A
3451,England,England Premier League,2012/2013,2013-03-02,Everton,Reading,3,1,H
3450,England,England Premier League,2012/2013,2013-03-02,Chelsea,West Bromwich Albion,1,0,H
3452,England,England Premier League,2012/2013,2013-03-02,Manchester United,Norwich City,4,0,H
3453,England,England Premier League,2012/2013,2013-03-02,Southampton,Queens Park Rangers,1,2,A
3454,England,England Premier League,2012/2013,2013-03-02,Stoke City,West Ham United,0,1,A
3456,England,England Premier League,2012/2013,2013-03-02,Swansea City,Newcastle United,1,0,H
3455,England,England Premier League,2012/2013,2013-03-02,Sunderland,Fulham,2,2,D
3458,England,England Premier League,2012/2013,2013-03-02,Wigan Athletic,Liverpool,0,4,A
3457,England,England Premier League,2012/2013,2013-03-03,Tottenham Hotspur,Arsenal,2,1,H
3449,England,England Premier League,2012/2013,2013-03-04,Aston Villa,Manchester City,0,1,A
3464,England,England Premier League,2012/2013,2013-03-09,Norwich City,Southampton,0,0,D
3465,England,England Premier League,2012/2013,2013-03-09,Queens Park Rangers,Sunderland,3,1,H
3466,England,England Premier League,2012/2013,2013-03-09,Reading,Aston Villa,1,2,A
3467,England,England Premier League,2012/2013,2013-03-09,West Bromwich Albion,Swansea City,2,1,H
3461,England,England Premier League,2012/2013,2013-03-10,Liverpool,Tottenham Hotspur,3,2,H
3463,England,England Premier League,2012/2013,2013-03-10,Newcastle United,Stoke City,2,1,H
3482,England,England Premier League,2012/2013,2013-03-16,Manchester United,Reading,1,0,H
3479,England,England Premier League,2012/2013,2013-03-16,Aston Villa,Queens Park Rangers,3,2,H
3481,England,England Premier League,2012/2013,2013-03-16,Everton,Manchester City,2,0,H
3484,England,England Premier League,2012/2013,2013-03-16,Stoke City,West Bromwich Albion,0,0,D
3486,England,England Premier League,2012/2013,2013-03-16,Swansea City,Arsenal,0,2,A
3483,England,England Premier League,2012/2013,2013-03-16,Southampton,Liverpool,3,1,H
3480,England,England Premier League,2012/2013,2013-03-17,Chelsea,West Ham United,2,0,H
3485,England,England Premier League,2012/2013,2013-03-17,Sunderland,Norwich City,1,1,D
3487,England,England Premier League,2012/2013,2013-03-17,Tottenham Hotspur,Fulham,0,1,A
3488,England,England Premier League,2012/2013,2013-03-17,Wigan Athletic,Newcastle United,2,1,H
3491,England,England Premier League,2012/2013,2013-03-30,Everton,Stoke City,1,0,H
3494,England,England Premier League,2012/2013,2013-03-30,Southampton,Chelsea,2,1,H
3493,England,England Premier League,2012/2013,2013-03-30,Manchester City,Newcastle United,4,0,H
3489,England,England Premier League,2012/2013,2013-03-30,Arsenal,Reading,4,1,H
3495,England,England Premier League,2012/2013,2013-03-30,Sunderland,Manchester United,0,1,A
3498,England,England Premier League,2012/2013,2013-03-30,Wigan Athletic,Norwich City,1,0,H
3496,England,England Premier League,2012/2013,2013-03-30,Swansea City,Tottenham Hotspur,1,2,A
3497,England,England Premier League,2012/2013,2013-03-30,West Ham United,West Bromwich Albion,3,1,H
3490,England,England Premier League,2012/2013,2013-03-31,Aston Villa,Liverpool,1,2,A
3492,England,England Premier League,2012/2013,2013-04-01,Fulham,Queens Park Rangers,3,2,H
3503,England,England Premier League,2012/2013,2013-04-06,Norwich City,Swansea City,2,2,D
3505,England,England Premier League,2012/2013,2013-04-06,Reading,Southampton,0,2,A
3506,England,England Premier League,2012/2013,2013-04-06,Stoke City,Aston Villa,1,3,A
3508,England,England Premier League,2012/2013,2013-04-06,West Bromwich Albion,Arsenal,1,2,A
3500,England,England Premier League,2012/2013,2013-04-07,Liverpool,West Ham United,0,0,D
3499,England,England Premier League,2012/2013,2013-04-07,Chelsea,Sunderland,2,1,H
3502,England,England Premier League,2012/2013,2013-04-07,Newcastle United,Fulham,1,0,H
3507,England,England Premier League,2012/2013,2013-04-07,Tottenham Hotspur,Everton,2,2,D
3504,England,England Premier League,2012/2013,2013-04-07,Queens Park Rangers,Wigan Athletic,1,1,D
3501,England,England Premier League,2012/2013,2013-04-08,Manchester United,Manchester City,1,2,A
3509,England,England Premier League,2012/2013,2013-04-13,Arsenal,Norwich City,3,1,H
3510,England,England Premier League,2012/2013,2013-04-13,Aston Villa,Fulham,1,1,D
3512,England,England Premier League,2012/2013,2013-04-13,Everton,Queens Park Rangers,2,0,H
3515,England,England Premier League,2012/2013,2013-04-13,Reading,Liverpool,0,0,D
3516,England,England Premier League,2012/2013,2013-04-13,Southampton,West Ham United,1,1,D
3514,England,England Premier League,2012/2013,2013-04-14,Newcastle United,Sunderland,0,3,A
3517,England,England Premier League,2012/2013,2013-04-14,Stoke City,Manchester United,0,2,A
3459,England,England Premier League,2012/2013,2013-04-16,Arsenal,Everton,0,0,D
3460,England,England Premier League,2012/2013,2013-04-17,Fulham,Chelsea,0,3,A
3462,England,England Premier League,2012/2013,2013-04-17,Manchester City,Wigan Athletic,1,0,H
3468,England,England Premier League,2012/2013,2013-04-17,West Ham United,Manchester United,2,2,D
3519,England,England Premier League,2012/2013,2013-04-20,Fulham,Arsenal,0,1,A
3522,England,England Premier League,2012/2013,2013-04-20,Norwich City,Reading,2,1,H
3523,England,England Premier League,2012/2013,2013-04-20,Queens Park Rangers,Stoke City,0,2,A
3524,England,England Premier League,2012/2013,2013-04-20,Sunderland,Everton,1,0,H
3525,England,England Premier League,2012/2013,2013-04-20,Swansea City,Southampton,0,0,D
3527,England,England Premier League,2012/2013,2013-04-20,West Bromwich Albion,Newcastle United,1,1,D
3528,England,England Premier League,2012/2013,2013-04-20,West Ham United,Wigan Athletic,2,0,H
3520,England,England Premier League,2012/2013,2013-04-21,Liverpool,Chelsea,2,2,D
3526,England,England Premier League,2012/2013,2013-04-21,Tottenham Hotspur,Manchester City,3,1,H
3521,England,England Premier League,2012/2013,2013-04-22,Manchester United,Aston Villa,3,0,H
3534,England,England Premier League,2012/2013,2013-04-27,Newcastle United,Liverpool,0,6,A
3533,England,England Premier League,2012/2013,2013-04-27,Manchester City,West Ham United,2,1,H
3532,England,England Premier League,2012/2013,2013-04-27,Everton,Fulham,1,0,H
3538,England,England Premier League,2012/2013,2013-04-27,Wigan Athletic,Tottenham Hotspur,2,2,D
3537,England,England Premier League,2012/2013,2013-04-27,Stoke City,Norwich City,1,0,H
3536,England,England Premier League,2012/2013,2013-04-27,Southampton,West Bromwich Albion,0,3,A
3529,England,England Premier League,2012/2013,2013-04-28,Arsenal,Manchester United,1,1,D
3531,England,England Premier League,2012/2013,2013-04-28,Chelsea,Swansea City,2,0,H
3535,England,England Premier League,2012/2013,2013-04-28,Reading,Queens Park Rangers,0,0,D
3530,England,England Premier League,2012/2013,2013-04-29,Aston Villa,Sunderland,6,1,H
3545,England,England Premier League,2012/2013,2013-05-04,Swansea City,Manchester City,0,0,D
3539,England,England Premier League,2012/2013,2013-05-04,Fulham,Reading,2,4,A
3543,England,England Premier League,2012/2013,2013-05-04,Queens Park Rangers,Arsenal,0,1,A
3548,England,England Premier League,2012/2013,2013-05-04,West Ham United,Newcastle United,0,0,D
3546,England,England Premier League,2012/2013,2013-05-04,Tottenham Hotspur,Southampton,1,0,H
3542,England,England Premier League,2012/2013,2013-05-04,Norwich City,Aston Villa,1,2,A
3547,England,England Premier League,2012/2013,2013-05-04,West Bromwich Albion,Wigan Athletic,2,3,A
3540,England,England Premier League,2012/2013,2013-05-05,Liverpool,Everton,0,0,D
3541,England,England Premier League,2012/2013,2013-05-05,Manchester United,Chelsea,0,1,A
3544,England,England Premier League,2012/2013,2013-05-06,Sunderland,Stoke City,1,1,D
3513,England,England Premier League,2012/2013,2013-05-07,Manchester City,West Bromwich Albion,1,0,H
3518,England,England Premier League,2012/2013,2013-05-07,Wigan Athletic,Swansea City,2,3,A
3511,England,England Premier League,2012/2013,2013-05-08,Chelsea,Tottenham Hotspur,2,2,D
3550,England,England Premier League,2012/2013,2013-05-11,Aston Villa,Chelsea,1,2,A
3551,England,England Premier League,2012/2013,2013-05-12,Everton,West Ham United,2,0,H
3552,England,England Premier League,2012/2013,2013-05-12,Fulham,Liverpool,1,3,A
3553,England,England Premier League,2012/2013,2013-05-12,Manchester United,Swansea City,2,1,H
3554,England,England Premier League,2012/2013,2013-05-12,Norwich City,West Bromwich Albion,4,0,H
3555,England,England Premier League,2012/2013,2013-05-12,Queens Park Rangers,Newcastle United,1,2,A
3557,England,England Premier League,2012/2013,2013-05-12,Stoke City,Tottenham Hotspur,1,2,A
3558,England,England Premier League,2012/2013,2013-05-12,Sunderland,Southampton,1,1,D
3549,England,England Premier League,2012/2013,2013-05-14,Arsenal,Wigan Athletic,4,1,H
3556,England,England Premier League,2012/2013,2013-05-14,Reading,Manchester City,0,2,A
3561,England,England Premier League,2012/2013,2013-05-19,Manchester City,Norwich City,2,3,A
3562,England,England Premier League,2012/2013,2013-05-19,Newcastle United,Arsenal,0,1,A
3559,England,England Premier League,2012/2013,2013-05-19,Chelsea,Everton,2,1,H
3560,England,England Premier League,2012/2013,2013-05-19,Liverpool,Queens Park Rangers,1,0,H
3563,England,England Premier League,2012/2013,2013-05-19,Southampton,Stoke City,1,1,D
3564,England,England Premier League,2012/2013,2013-05-19,Swansea City,Fulham,0,3,A
3567,England,England Premier League,2012/2013,2013-05-19,West Ham United,Reading,4,2,H
3568,England,England Premier League,2012/2013,2013-05-19,Wigan Athletic,Aston Villa,2,2,D
3565,England,England Premier League,2012/2013,2013-05-19,Tottenham Hotspur,Sunderland,1,0,H
3566,England,England Premier League,2012/2013,2013-05-19,West Bromwich Albion,Manchester United,5,5,D
3629,England,England Premier League,2013/2014,2013-08-17,Arsenal,Aston Villa,1,3,A
3632,England,England Premier League,2013/2014,2013-08-17,Liverpool,Stoke City,1,0,H
3638,England,England Premier League,2013/2014,2013-08-17,West Ham United,Cardiff City,2,0,H
3634,England,England Premier League,2013/2014,2013-08-17,Norwich City,Everton,2,2,D
3636,England,England Premier League,2013/2014,2013-08-17,Swansea City,Manchester United,1,4,A
3637,England,England Premier League,2013/2014,2013-08-17,West Bromwich Albion,Southampton,0,1,A
3635,England,England Premier League,2013/2014,2013-08-17,Sunderland,Fulham,0,1,A
3630,England,England Premier League,2013/2014,2013-08-18,Chelsea,Hull City,2,0,H
3631,England,England Premier League,2013/2014,2013-08-18,Crystal Palace,Tottenham Hotspur,0,1,A
3633,England,England Premier League,2013/2014,2013-08-19,Manchester City,Newcastle United,4,0,H
3851,England,England Premier League,2013/2014,2013-08-21,Chelsea,Aston Villa,2,1,H
3745,England,England Premier League,2013/2014,2013-08-24,Newcastle United,West Ham United,0,0,D
3746,England,England Premier League,2013/2014,2013-08-24,Southampton,Sunderland,1,1,D
3739,England,England Premier League,2013/2014,2013-08-24,Aston Villa,Liverpool,0,1,A
3741,England,England Premier League,2013/2014,2013-08-24,Everton,West Bromwich Albion,0,0,D
3742,England,England Premier League,2013/2014,2013-08-24,Fulham,Arsenal,1,3,A
3743,England,England Premier League,2013/2014,2013-08-24,Hull City,Norwich City,1,0,H
3747,England,England Premier League,2013/2014,2013-08-24,Stoke City,Crystal Palace,2,1,H
3740,England,England Premier League,2013/2014,2013-08-25,Cardiff City,Manchester City,3,2,H
3748,England,England Premier League,2013/2014,2013-08-25,Tottenham Hotspur,Swansea City,1,0,H
3744,England,England Premier League,2013/2014,2013-08-26,Manchester United,Chelsea,0,0,D
3850,England,England Premier League,2013/2014,2013-08-31,Cardiff City,Everton,0,0,D
3852,England,England Premier League,2013/2014,2013-08-31,Crystal Palace,Sunderland,3,1,H
3854,England,England Premier League,2013/2014,2013-08-31,Manchester City,Hull City,2,0,H
3855,England,England Premier League,2013/2014,2013-08-31,Newcastle United,Fulham,1,0,H
3856,England,England Premier League,2013/2014,2013-08-31,Norwich City,Southampton,1,0,H
3858,England,England Premier League,2013/2014,2013-08-31,West Ham United,Stoke City,0,1,A
3853,England,England Premier League,2013/2014,2013-09-01,Liverpool,Manchester United,1,0,H
3857,England,England Premier League,2013/2014,2013-09-01,West Bromwich Albion,Swansea City,0,2,A
3849,England,England Premier League,2013/2014,2013-09-01,Arsenal,Tottenham Hotspur,1,0,H
3952,England,England Premier League,2013/2014,2013-09-14,Hull City,Cardiff City,1,1,D
3950,England,England Premier League,2013/2014,2013-09-14,Everton,Chelsea,1,0,H
3951,England,England Premier League,2013/2014,2013-09-14,Fulham,West Bromwich Albion,1,1,D
3949,England,England Premier League,2013/2014,2013-09-14,Aston Villa,Newcastle United,1,2,A
3958,England,England Premier League,2013/2014,2013-09-14,Tottenham Hotspur,Norwich City,2,0,H
3955,England,England Premier League,2013/2014,2013-09-14,Stoke City,Manchester City,0,0,D
3956,England,England Premier League,2013/2014,2013-09-14,Sunderland,Arsenal,1,3,A
3953,England,England Premier League,2013/2014,2013-09-14,Manchester United,Crystal Palace,2,0,H
3954,England,England Premier League,2013/2014,2013-09-15,Southampton,West Ham United,0,0,D
3957,England,England Premier League,2013/2014,2013-09-16,Swansea City,Liverpool,2,2,D
3961,England,England Premier League,2013/2014,2013-09-21,Chelsea,Fulham,2,0,H
3965,England,England Premier League,2013/2014,2013-09-21,Newcastle United,Hull City,2,3,A
3963,England,England Premier League,2013/2014,2013-09-21,Liverpool,Southampton,0,1,A
3968,England,England Premier League,2013/2014,2013-09-21,West Ham United,Everton,2,3,A
3967,England,England Premier League,2013/2014,2013-09-21,West Bromwich Albion,Sunderland,3,0,H
3966,England,England Premier League,2013/2014,2013-09-21,Norwich City,Aston Villa,0,1,A
3959,England,England Premier League,2013/2014,2013-09-22,Arsenal,Stoke City,3,1,H
3960,England,England Premier League,2013/2014,2013-09-22,Cardiff City,Tottenham Hotspur,0,1,A
3962,England,England Premier League,2013/2014,2013-09-22,Crystal Palace,Swansea City,0,2,A
3964,England,England Premier League,2013/2014,2013-09-22,Manchester City,Manchester United,4,1,H
3972,England,England Premier League,2013/2014,2013-09-28,Hull City,West Ham United,1,0,H
3973,England,England Premier League,2013/2014,2013-09-28,Manchester United,West Bromwich Albion,1,2,A
3969,England,England Premier League,2013/2014,2013-09-28,Aston Villa,Manchester City,3,2,H
3971,England,England Premier League,2013/2014,2013-09-28,Fulham,Cardiff City,1,2,A
3974,England,England Premier League,2013/2014,2013-09-28,Southampton,Crystal Palace,2,0,H
3977,England,England Premier League,2013/2014,2013-09-28,Swansea City,Arsenal,1,2,A
3978,England,England Premier League,2013/2014,2013-09-28,Tottenham Hotspur,Chelsea,1,1,D
3975,England,England Premier League,2013/2014,2013-09-29,Stoke City,Norwich City,0,1,A
3976,England,England Premier League,2013/2014,2013-09-29,Sunderland,Liverpool,1,3,A
3970,England,England Premier League,2013/2014,2013-09-30,Everton,Newcastle United,3,2,H
3979,England,England Premier League,2013/2014,2013-10-05,Cardiff City,Newcastle United,1,2,A
3980,England,England Premier League,2013/2014,2013-10-05,Fulham,Stoke City,1,0,H
3981,England,England Premier League,2013/2014,2013-10-05,Hull City,Aston Villa,0,0,D
3982,England,England Premier League,2013/2014,2013-10-05,Liverpool,Crystal Palace,3,1,H
3983,England,England Premier League,2013/2014,2013-10-05,Manchester City,Everton,3,1,H
3986,England,England Premier League,2013/2014,2013-10-05,Sunderland,Manchester United,1,2,A
3984,England,England Premier League,2013/2014,2013-10-06,Norwich City,Chelsea,1,3,A
3985,England,England Premier League,2013/2014,2013-10-06,Southampton,Swansea City,2,0,H
3987,England,England Premier League,2013/2014,2013-10-06,Tottenham Hotspur,West Ham United,0,3,A
3988,England,England Premier League,2013/2014,2013-10-06,West Bromwich Albion,Arsenal,1,1,D
3994,England,England Premier League,2013/2014,2013-10-19,Manchester United,Southampton,1,1,D
3989,England,England Premier League,2013/2014,2013-10-19,Arsenal,Norwich City,4,1,H
3991,England,England Premier League,2013/2014,2013-10-19,Chelsea,Cardiff City,4,1,H
3993,England,England Premier League,2013/2014,2013-10-19,Everton,Hull City,2,1,H
3996,England,England Premier League,2013/2014,2013-10-19,Stoke City,West Bromwich Albion,0,0,D
3997,England,England Premier League,2013/2014,2013-10-19,Swansea City,Sunderland,4,0,H
3998,England,England Premier League,2013/2014,2013-10-19,West Ham United,Manchester City,1,3,A
3995,England,England Premier League,2013/2014,2013-10-19,Newcastle United,Liverpool,2,2,D
3990,England,England Premier League,2013/2014,2013-10-20,Aston Villa,Tottenham Hotspur,0,2,A
3992,England,England Premier League,2013/2014,2013-10-21,Crystal Palace,Fulham,1,4,A
3999,England,England Premier League,2013/2014,2013-10-26,Aston Villa,Everton,0,2,A
4001,England,England Premier League,2013/2014,2013-10-26,Crystal Palace,Arsenal,0,2,A
4002,England,England Premier League,2013/2014,2013-10-26,Liverpool,West Bromwich Albion,4,1,H
4003,England,England Premier League,2013/2014,2013-10-26,Manchester United,Stoke City,3,2,H
4004,England,England Premier League,2013/2014,2013-10-26,Norwich City,Cardiff City,0,0,D
4005,England,England Premier League,2013/2014,2013-10-26,Southampton,Fulham,2,0,H
4006,England,England Premier League,2013/2014,2013-10-27,Sunderland,Newcastle United,2,1,H
4000,England,England Premier League,2013/2014,2013-10-27,Chelsea,Manchester City,2,1,H
4008,England,England Premier League,2013/2014,2013-10-27,Swansea City,West Ham United,0,0,D
4007,England,England Premier League,2013/2014,2013-10-27,Tottenham Hotspur,Hull City,1,0,H
3647,England,England Premier League,2013/2014,2013-11-02,West Bromwich Albion,Crystal Palace,2,0,H
3648,England,England Premier League,2013/2014,2013-11-02,West Ham United,Aston Villa,0,0,D
3639,England,England Premier League,2013/2014,2013-11-02,Arsenal,Liverpool,2,0,H
3642,England,England Premier League,2013/2014,2013-11-02,Fulham,Manchester United,1,3,A
3643,England,England Premier League,2013/2014,2013-11-02,Hull City,Sunderland,1,0,H
3644,England,England Premier League,2013/2014,2013-11-02,Manchester City,Norwich City,7,0,H
3645,England,England Premier League,2013/2014,2013-11-02,Newcastle United,Chelsea,2,0,H
3646,England,England Premier League,2013/2014,2013-11-02,Stoke City,Southampton,1,1,D
3640,England,England Premier League,2013/2014,2013-11-03,Cardiff City,Swansea City,1,0,H
3641,England,England Premier League,2013/2014,2013-11-03,Everton,Tottenham Hotspur,0,0,D
3655,England,England Premier League,2013/2014,2013-11-09,Southampton,Hull City,4,1,H
3650,England,England Premier League,2013/2014,2013-11-09,Chelsea,West Bromwich Albion,2,2,D
3654,England,England Premier League,2013/2014,2013-11-09,Norwich City,West Ham United,3,1,H
3652,England,England Premier League,2013/2014,2013-11-09,Liverpool,Fulham,4,0,H
3651,England,England Premier League,2013/2014,2013-11-09,Crystal Palace,Everton,0,0,D
3649,England,England Premier League,2013/2014,2013-11-09,Aston Villa,Cardiff City,2,0,H
3653,England,England Premier League,2013/2014,2013-11-10,Manchester United,Arsenal,1,0,H
3656,England,England Premier League,2013/2014,2013-11-10,Sunderland,Manchester City,1,0,H
3657,England,England Premier League,2013/2014,2013-11-10,Swansea City,Stoke City,3,3,D
3658,England,England Premier League,2013/2014,2013-11-10,Tottenham Hotspur,Newcastle United,0,1,A
3663,England,England Premier League,2013/2014,2013-11-23,Hull City,Crystal Palace,0,1,A
3659,England,England Premier League,2013/2014,2013-11-23,Arsenal,Southampton,2,0,H
3662,England,England Premier League,2013/2014,2013-11-23,Fulham,Swansea City,1,2,A
3666,England,England Premier League,2013/2014,2013-11-23,Stoke City,Sunderland,2,0,H
3665,England,England Premier League,2013/2014,2013-11-23,Newcastle United,Norwich City,2,1,H
3668,England,England Premier League,2013/2014,2013-11-23,West Ham United,Chelsea,0,3,A
3661,England,England Premier League,2013/2014,2013-11-23,Everton,Liverpool,3,3,D
3660,England,England Premier League,2013/2014,2013-11-24,Cardiff City,Manchester United,2,2,D
3664,England,England Premier League,2013/2014,2013-11-24,Manchester City,Tottenham Hotspur,6,0,H
3667,England,England Premier League,2013/2014,2013-11-25,West Bromwich Albion,Aston Villa,2,2,D
3670,England,England Premier League,2013/2014,2013-11-30,Cardiff City,Arsenal,0,3,A
3669,England,England Premier League,2013/2014,2013-11-30,Aston Villa,Sunderland,0,0,D
3672,England,England Premier League,2013/2014,2013-11-30,Everton,Stoke City,4,0,H
3675,England,England Premier League,2013/2014,2013-11-30,Newcastle United,West Bromwich Albion,2,1,H
3678,England,England Premier League,2013/2014,2013-11-30,West Ham United,Fulham,3,0,H
3676,England,England Premier League,2013/2014,2013-11-30,Norwich City,Crystal Palace,1,0,H
3671,England,England Premier League,2013/2014,2013-12-01,Chelsea,Southampton,3,1,H
3673,England,England Premier League,2013/2014,2013-12-01,Hull City,Liverpool,3,1,H
3674,England,England Premier League,2013/2014,2013-12-01,Manchester City,Swansea City,3,0,H
3677,England,England Premier League,2013/2014,2013-12-01,Tottenham Hotspur,Manchester United,2,2,D
3688,England,England Premier League,2013/2014,2013-12-03,Crystal Palace,West Ham United,1,0,H
3683,England,England Premier League,2013/2014,2013-12-04,Stoke City,Cardiff City,0,0,D
3686,England,England Premier League,2013/2014,2013-12-04,West Bromwich Albion,Manchester City,2,3,A
3679,England,England Premier League,2013/2014,2013-12-04,Arsenal,Hull City,2,0,H
3680,England,England Premier League,2013/2014,2013-12-04,Liverpool,Norwich City,5,1,H
3681,England,England Premier League,2013/2014,2013-12-04,Manchester United,Everton,0,1,A
3687,England,England Premier League,2013/2014,2013-12-04,Fulham,Tottenham Hotspur,1,2,A
3684,England,England Premier League,2013/2014,2013-12-04,Sunderland,Chelsea,3,4,A
3682,England,England Premier League,2013/2014,2013-12-04,Southampton,Aston Villa,2,3,A
3685,England,England Premier League,2013/2014,2013-12-04,Swansea City,Newcastle United,3,0,H
3690,England,England Premier League,2013/2014,2013-12-07,Crystal Palace,Cardiff City,2,0,H
3692,England,England Premier League,2013/2014,2013-12-07,Liverpool,West Ham United,4,1,H
3693,England,England Premier League,2013/2014,2013-12-07,Manchester United,Newcastle United,0,1,A
3694,England,England Premier League,2013/2014,2013-12-07,Southampton,Manchester City,1,1,D
3695,England,England Premier League,2013/2014,2013-12-07,Stoke City,Chelsea,3,2,H
3696,England,England Premier League,2013/2014,2013-12-07,Sunderland,Tottenham Hotspur,1,2,A
3698,England,England Premier League,2013/2014,2013-12-07,West Bromwich Albion,Norwich City,0,2,A
3689,England,England Premier League,2013/2014,2013-12-08,Arsenal,Everton,1,1,D
3691,England,England Premier League,2013/2014,2013-12-08,Fulham,Aston Villa,2,0,H
3697,England,England Premier League,2013/2014,2013-12-09,Swansea City,Hull City,1,1,D
3700,England,England Premier League,2013/2014,2013-12-14,Cardiff City,West Bromwich Albion,1,0,H
3701,England,England Premier League,2013/2014,2013-12-14,Chelsea,Crystal Palace,2,1,H
3702,England,England Premier League,2013/2014,2013-12-14,Everton,Fulham,4,1,H
3703,England,England Premier League,2013/2014,2013-12-14,Hull City,Stoke City,0,0,D
3704,England,England Premier League,2013/2014,2013-12-14,Manchester City,Arsenal,6,3,H
3705,England,England Premier League,2013/2014,2013-12-14,Newcastle United,Southampton,1,1,D
3708,England,England Premier League,2013/2014,2013-12-14,West Ham United,Sunderland,0,0,D
3699,England,England Premier League,2013/2014,2013-12-15,Aston Villa,Manchester United,0,3,A
3706,England,England Premier League,2013/2014,2013-12-15,Norwich City,Swansea City,1,1,D
3707,England,England Premier League,2013/2014,2013-12-15,Tottenham Hotspur,Liverpool,0,5,A
3710,England,England Premier League,2013/2014,2013-12-21,Crystal Palace,Newcastle United,0,3,A
3711,England,England Premier League,2013/2014,2013-12-21,Fulham,Manchester City,2,4,A
3712,England,England Premier League,2013/2014,2013-12-21,Liverpool,Cardiff City,3,1,H
3713,England,England Premier League,2013/2014,2013-12-21,Manchester United,West Ham United,3,1,H
3715,England,England Premier League,2013/2014,2013-12-21,Stoke City,Aston Villa,2,1,H
3716,England,England Premier League,2013/2014,2013-12-21,Sunderland,Norwich City,0,0,D
3718,England,England Premier League,2013/2014,2013-12-21,West Bromwich Albion,Hull City,1,1,D
3714,England,England Premier League,2013/2014,2013-12-22,Southampton,Tottenham Hotspur,2,3,A
3717,England,England Premier League,2013/2014,2013-12-22,Swansea City,Everton,1,2,A
3709,England,England Premier League,2013/2014,2013-12-23,Arsenal,Chelsea,0,0,D
3721,England,England Premier League,2013/2014,2013-12-26,Chelsea,Swansea City,1,0,H
3719,England,England Premier League,2013/2014,2013-12-26,Aston Villa,Crystal Palace,0,1,A
3720,England,England Premier League,2013/2014,2013-12-26,Cardiff City,Southampton,0,3,A
3727,England,England Premier League,2013/2014,2013-12-26,Tottenham Hotspur,West Bromwich Albion,1,1,D
3722,England,England Premier League,2013/2014,2013-12-26,Everton,Sunderland,0,1,A
3725,England,England Premier League,2013/2014,2013-12-26,Newcastle United,Stoke City,5,1,H
3726,England,England Premier League,2013/2014,2013-12-26,Norwich City,Fulham,1,2,A
3724,England,England Premier League,2013/2014,2013-12-26,Manchester City,Liverpool,2,1,H
3723,England,England Premier League,2013/2014,2013-12-26,Hull City,Manchester United,2,3,A
3728,England,England Premier League,2013/2014,2013-12-26,West Ham United,Arsenal,1,3,A
3733,England,England Premier League,2013/2014,2013-12-28,Hull City,Fulham,6,0,H
3730,England,England Premier League,2013/2014,2013-12-28,Cardiff City,Sunderland,2,2,D
3729,England,England Premier League,2013/2014,2013-12-28,Aston Villa,Swansea City,1,1,D
3734,England,England Premier League,2013/2014,2013-12-28,Manchester City,Crystal Palace,1,0,H
3738,England,England Premier League,2013/2014,2013-12-28,West Ham United,West Bromwich Albion,3,3,D
3736,England,England Premier League,2013/2014,2013-12-28,Norwich City,Manchester United,0,1,A
3731,England,England Premier League,2013/2014,2013-12-29,Chelsea,Liverpool,2,1,H
3732,England,England Premier League,2013/2014,2013-12-29,Everton,Southampton,2,1,H
3735,England,England Premier League,2013/2014,2013-12-29,Newcastle United,Arsenal,0,1,A
3737,England,England Premier League,2013/2014,2013-12-29,Tottenham Hotspur,Stoke City,3,0,H
3753,England,England Premier League,2013/2014,2014-01-01,Manchester United,Tottenham Hotspur,1,2,A
3749,England,England Premier League,2013/2014,2014-01-01,Arsenal,Cardiff City,2,0,H
3751,England,England Premier League,2013/2014,2014-01-01,Fulham,West Ham United,2,1,H
3752,England,England Premier League,2013/2014,2014-01-01,Liverpool,Hull City,2,0,H
3750,England,England Premier League,2013/2014,2014-01-01,Crystal Palace,Norwich City,1,1,D
3754,England,England Premier League,2013/2014,2014-01-01,Southampton,Chelsea,0,3,A
3755,England,England Premier League,2013/2014,2014-01-01,Stoke City,Everton,1,1,D
3757,England,England Premier League,2013/2014,2014-01-01,Swansea City,Manchester City,2,3,A
3758,England,England Premier League,2013/2014,2014-01-01,West Bromwich Albion,Newcastle United,1,0,H
3756,England,England Premier League,2013/2014,2014-01-01,Sunderland,Aston Villa,0,1,A
3760,England,England Premier League,2013/2014,2014-01-11,Cardiff City,West Ham United,0,2,A
3761,England,England Premier League,2013/2014,2014-01-11,Everton,Norwich City,2,0,H
3762,England,England Premier League,2013/2014,2014-01-11,Fulham,Sunderland,1,4,A
3763,England,England Premier League,2013/2014,2014-01-11,Hull City,Chelsea,0,2,A
3764,England,England Premier League,2013/2014,2014-01-11,Manchester United,Swansea City,2,0,H
3766,England,England Premier League,2013/2014,2014-01-11,Southampton,West Bromwich Albion,1,0,H
3768,England,England Premier League,2013/2014,2014-01-11,Tottenham Hotspur,Crystal Palace,2,0,H
3765,England,England Premier League,2013/2014,2014-01-12,Newcastle United,Manchester City,0,2,A
3767,England,England Premier League,2013/2014,2014-01-12,Stoke City,Liverpool,3,5,A
3759,England,England Premier League,2013/2014,2014-01-13,Aston Villa,Arsenal,1,2,A
3769,England,England Premier League,2013/2014,2014-01-18,Arsenal,Fulham,2,0,H
3771,England,England Premier League,2013/2014,2014-01-18,Crystal Palace,Stoke City,1,0,H
3772,England,England Premier League,2013/2014,2014-01-18,Liverpool,Aston Villa,2,2,D
3773,England,England Premier League,2013/2014,2014-01-18,Manchester City,Cardiff City,4,2,H
3774,England,England Premier League,2013/2014,2014-01-18,Norwich City,Hull City,1,0,H
3775,England,England Premier League,2013/2014,2014-01-18,Sunderland,Southampton,2,2,D
3778,England,England Premier League,2013/2014,2014-01-18,West Ham United,Newcastle United,1,3,A
3770,England,England Premier League,2013/2014,2014-01-19,Chelsea,Manchester United,3,1,H
3776,England,England Premier League,2013/2014,2014-01-19,Swansea City,Tottenham Hotspur,1,3,A
3777,England,England Premier League,2013/2014,2014-01-20,West Bromwich Albion,Everton,1,1,D
3782,England,England Premier League,2013/2014,2014-01-28,Manchester United,Cardiff City,2,0,H
3780,England,England Premier League,2013/2014,2014-01-28,Crystal Palace,Hull City,1,0,H
3781,England,England Premier League,2013/2014,2014-01-28,Liverpool,Everton,4,0,H
3784,England,England Premier League,2013/2014,2014-01-28,Southampton,Arsenal,2,2,D
3786,England,England Premier League,2013/2014,2014-01-28,Swansea City,Fulham,2,0,H
3783,England,England Premier League,2013/2014,2014-01-28,Norwich City,Newcastle United,0,0,D
3779,England,England Premier League,2013/2014,2014-01-29,Aston Villa,West Bromwich Albion,4,3,H
3785,England,England Premier League,2013/2014,2014-01-29,Sunderland,Stoke City,1,0,H
3787,England,England Premier League,2013/2014,2014-01-29,Chelsea,West Ham United,0,0,D
3788,England,England Premier League,2013/2014,2014-01-29,Tottenham Hotspur,Manchester City,1,5,A
3793,England,England Premier League,2013/2014,2014-02-01,Hull City,Tottenham Hotspur,1,1,D
3790,England,England Premier League,2013/2014,2014-02-01,Cardiff City,Norwich City,2,1,H
3792,England,England Premier League,2013/2014,2014-02-01,Fulham,Southampton,0,3,A
3798,England,England Premier League,2013/2014,2014-02-01,West Ham United,Swansea City,2,0,H
3795,England,England Premier League,2013/2014,2014-02-01,Newcastle United,Sunderland,0,3,A
3791,England,England Premier League,2013/2014,2014-02-01,Everton,Aston Villa,2,1,H
3796,England,England Premier League,2013/2014,2014-02-01,Stoke City,Manchester United,2,1,H
3789,England,England Premier League,2013/2014,2014-02-02,Arsenal,Crystal Palace,2,0,H
3797,England,England Premier League,2013/2014,2014-02-02,West Bromwich Albion,Liverpool,1,1,D
3794,England,England Premier League,2013/2014,2014-02-03,Manchester City,Chelsea,0,1,A
3802,England,England Premier League,2013/2014,2014-02-08,Liverpool,Arsenal,5,1,H
3799,England,England Premier League,2013/2014,2014-02-08,Crystal Palace,West Bromwich Albion,3,1,H
3801,England,England Premier League,2013/2014,2014-02-08,Chelsea,Newcastle United,3,0,H
3800,England,England Premier League,2013/2014,2014-02-08,Aston Villa,West Ham United,0,2,A
3804,England,England Premier League,2013/2014,2014-02-08,Norwich City,Manchester City,0,0,D
3806,England,England Premier League,2013/2014,2014-02-08,Sunderland,Hull City,0,2,A
3807,England,England Premier League,2013/2014,2014-02-08,Swansea City,Cardiff City,3,0,H
3805,England,England Premier League,2013/2014,2014-02-08,Southampton,Stoke City,2,2,D
3803,England,England Premier League,2013/2014,2014-02-09,Manchester United,Fulham,2,2,D
3808,England,England Premier League,2013/2014,2014-02-09,Tottenham Hotspur,Everton,1,0,H
3813,England,England Premier League,2013/2014,2014-02-11,West Bromwich Albion,Chelsea,1,1,D
3814,England,England Premier League,2013/2014,2014-02-11,West Ham United,Norwich City,2,0,H
3810,England,England Premier League,2013/2014,2014-02-11,Cardiff City,Aston Villa,0,0,D
3811,England,England Premier League,2013/2014,2014-02-11,Hull City,Southampton,0,1,A
3809,England,England Premier League,2013/2014,2014-02-12,Arsenal,Manchester United,0,0,D
3812,England,England Premier League,2013/2014,2014-02-12,Stoke City,Swansea City,1,1,D
3816,England,England Premier League,2013/2014,2014-02-12,Fulham,Liverpool,2,3,A
3818,England,England Premier League,2013/2014,2014-02-12,Newcastle United,Tottenham Hotspur,0,4,A
3819,England,England Premier League,2013/2014,2014-02-22,Arsenal,Sunderland,4,1,H
3820,England,England Premier League,2013/2014,2014-02-22,Cardiff City,Hull City,0,4,A
3821,England,England Premier League,2013/2014,2014-02-22,Chelsea,Everton,1,0,H
3822,England,England Premier League,2013/2014,2014-02-22,Crystal Palace,Manchester United,0,2,A
3824,England,England Premier League,2013/2014,2014-02-22,Manchester City,Stoke City,1,0,H
3827,England,England Premier League,2013/2014,2014-02-22,West Bromwich Albion,Fulham,1,1,D
3828,England,England Premier League,2013/2014,2014-02-22,West Ham United,Southampton,3,1,H
3825,England,England Premier League,2013/2014,2014-02-23,Newcastle United,Aston Villa,1,0,H
3826,England,England Premier League,2013/2014,2014-02-23,Norwich City,Tottenham Hotspur,1,0,H
3823,England,England Premier League,2013/2014,2014-02-23,Liverpool,Swansea City,4,3,H
3830,England,England Premier League,2013/2014,2014-03-01,Everton,West Ham United,1,0,H
3831,England,England Premier League,2013/2014,2014-03-01,Fulham,Chelsea,1,3,A
3832,England,England Premier League,2013/2014,2014-03-01,Hull City,Newcastle United,1,4,A
3834,England,England Premier League,2013/2014,2014-03-01,Southampton,Liverpool,0,3,A
3835,England,England Premier League,2013/2014,2014-03-01,Stoke City,Arsenal,1,0,H
3829,England,England Premier League,2013/2014,2014-03-02,Aston Villa,Norwich City,4,1,H
3837,England,England Premier League,2013/2014,2014-03-02,Swansea City,Crystal Palace,1,1,D
3838,England,England Premier League,2013/2014,2014-03-02,Tottenham Hotspur,Cardiff City,1,0,H
3841,England,England Premier League,2013/2014,2014-03-08,Chelsea,Tottenham Hotspur,4,0,H
3840,England,England Premier League,2013/2014,2014-03-08,Cardiff City,Fulham,3,1,H
3842,England,England Premier League,2013/2014,2014-03-08,Crystal Palace,Southampton,0,1,A
3847,England,England Premier League,2013/2014,2014-03-08,West Bromwich Albion,Manchester United,0,3,A
3846,England,England Premier League,2013/2014,2014-03-08,Norwich City,Stoke City,1,1,D
3859,England,England Premier League,2013/2014,2014-03-15,Swansea City,West Bromwich Albion,1,2,A
3860,England,England Premier League,2013/2014,2014-03-15,Aston Villa,Chelsea,1,0,H
3861,England,England Premier League,2013/2014,2014-03-15,Everton,Cardiff City,2,1,H
3862,England,England Premier League,2013/2014,2014-03-15,Fulham,Newcastle United,1,0,H
3863,England,England Premier League,2013/2014,2014-03-15,Hull City,Manchester City,0,2,A
3865,England,England Premier League,2013/2014,2014-03-15,Southampton,Norwich City,4,2,H
3866,England,England Premier League,2013/2014,2014-03-15,Stoke City,West Ham United,3,1,H
3867,England,England Premier League,2013/2014,2014-03-15,Sunderland,Crystal Palace,0,0,D
3864,England,England Premier League,2013/2014,2014-03-16,Manchester United,Liverpool,0,3,A
3868,England,England Premier League,2013/2014,2014-03-16,Tottenham Hotspur,Arsenal,0,1,A
3870,England,England Premier League,2013/2014,2014-03-22,Cardiff City,Liverpool,3,6,A
3871,England,England Premier League,2013/2014,2014-03-22,Chelsea,Arsenal,6,0,H
3872,England,England Premier League,2013/2014,2014-03-22,Everton,Swansea City,3,2,H
3873,England,England Premier League,2013/2014,2014-03-22,Hull City,West Bromwich Albion,2,0,H
3874,England,England Premier League,2013/2014,2014-03-22,Manchester City,Fulham,5,0,H
3875,England,England Premier League,2013/2014,2014-03-22,Newcastle United,Crystal Palace,1,0,H
3876,England,England Premier League,2013/2014,2014-03-22,Norwich City,Sunderland,2,0,H
3878,England,England Premier League,2013/2014,2014-03-22,West Ham United,Manchester United,0,2,A
3869,England,England Premier League,2013/2014,2014-03-23,Aston Villa,Stoke City,1,4,A
3877,England,England Premier League,2013/2014,2014-03-23,Tottenham Hotspur,Southampton,3,2,H
3845,England,England Premier League,2013/2014,2014-03-25,Newcastle United,Everton,0,3,A
3833,England,England Premier League,2013/2014,2014-03-25,Manchester United,Manchester City,0,3,A
3839,England,England Premier League,2013/2014,2014-03-25,Arsenal,Swansea City,2,2,D
3843,England,England Premier League,2013/2014,2014-03-26,Liverpool,Sunderland,2,1,H
3848,England,England Premier League,2013/2014,2014-03-26,West Ham United,Hull City,2,1,H
3879,England,England Premier League,2013/2014,2014-03-29,Arsenal,Manchester City,1,1,D
3880,England,England Premier League,2013/2014,2014-03-29,Crystal Palace,Chelsea,1,0,H
3883,England,England Premier League,2013/2014,2014-03-29,Manchester United,Aston Villa,4,1,H
3884,England,England Premier League,2013/2014,2014-03-29,Southampton,Newcastle United,4,0,H
3885,England,England Premier League,2013/2014,2014-03-29,Stoke City,Hull City,1,0,H
3887,England,England Premier League,2013/2014,2014-03-29,Swansea City,Norwich City,3,0,H
3888,England,England Premier League,2013/2014,2014-03-29,West Bromwich Albion,Cardiff City,3,3,D
3881,England,England Premier League,2013/2014,2014-03-30,Fulham,Everton,1,3,A
3882,England,England Premier League,2013/2014,2014-03-30,Liverpool,Tottenham Hotspur,4,0,H
3886,England,England Premier League,2013/2014,2014-03-31,Sunderland,West Ham United,1,2,A
3889,England,England Premier League,2013/2014,2014-04-05,Aston Villa,Fulham,1,2,A
3890,England,England Premier League,2013/2014,2014-04-05,Cardiff City,Crystal Palace,0,3,A
3891,England,England Premier League,2013/2014,2014-04-05,Chelsea,Stoke City,3,0,H
3893,England,England Premier League,2013/2014,2014-04-05,Hull City,Swansea City,1,0,H
3894,England,England Premier League,2013/2014,2014-04-05,Manchester City,Southampton,4,1,H
3895,England,England Premier League,2013/2014,2014-04-05,Newcastle United,Manchester United,0,4,A
3896,England,England Premier League,2013/2014,2014-04-05,Norwich City,West Bromwich Albion,0,1,A
3892,England,England Premier League,2013/2014,2014-04-06,Everton,Arsenal,3,0,H
3898,England,England Premier League,2013/2014,2014-04-06,West Ham United,Liverpool,1,2,A
3897,England,England Premier League,2013/2014,2014-04-07,Tottenham Hotspur,Sunderland,5,1,H
3901,England,England Premier League,2013/2014,2014-04-12,Fulham,Norwich City,1,0,H
3904,England,England Premier League,2013/2014,2014-04-12,Southampton,Cardiff City,0,1,A
3900,England,England Premier League,2013/2014,2014-04-12,Crystal Palace,Aston Villa,1,0,H
3906,England,England Premier League,2013/2014,2014-04-12,Sunderland,Everton,0,1,A
3908,England,England Premier League,2013/2014,2014-04-12,West Bromwich Albion,Tottenham Hotspur,3,3,D
3905,England,England Premier League,2013/2014,2014-04-12,Stoke City,Newcastle United,1,0,H
3902,England,England Premier League,2013/2014,2014-04-13,Liverpool,Manchester City,3,2,H
3907,England,England Premier League,2013/2014,2014-04-13,Swansea City,Chelsea,0,1,A
3899,England,England Premier League,2013/2014,2014-04-15,Arsenal,West Ham United,3,1,H
3815,England,England Premier League,2013/2014,2014-04-16,Everton,Crystal Palace,2,3,A
3817,England,England Premier League,2013/2014,2014-04-16,Manchester City,Sunderland,2,2,D
3910,England,England Premier League,2013/2014,2014-04-19,Cardiff City,Stoke City,1,1,D
3909,England,England Premier League,2013/2014,2014-04-19,Aston Villa,Southampton,0,0,D
3911,England,England Premier League,2013/2014,2014-04-19,Chelsea,Sunderland,1,2,A
3915,England,England Premier League,2013/2014,2014-04-19,Newcastle United,Swansea City,1,2,A
3918,England,England Premier League,2013/2014,2014-04-19,West Ham United,Crystal Palace,0,1,A
3917,England,England Premier League,2013/2014,2014-04-19,Tottenham Hotspur,Fulham,3,1,H
3912,England,England Premier League,2013/2014,2014-04-20,Everton,Manchester United,2,0,H
3913,England,England Premier League,2013/2014,2014-04-20,Hull City,Arsenal,0,3,A
3916,England,England Premier League,2013/2014,2014-04-20,Norwich City,Liverpool,2,3,A
3914,England,England Premier League,2013/2014,2014-04-21,Manchester City,West Bromwich Albion,3,1,H
3924,England,England Premier League,2013/2014,2014-04-26,Southampton,Everton,2,0,H
3923,England,England Premier League,2013/2014,2014-04-26,Manchester United,Norwich City,4,0,H
3921,England,England Premier League,2013/2014,2014-04-26,Fulham,Hull City,2,2,D
3925,England,England Premier League,2013/2014,2014-04-26,Stoke City,Tottenham Hotspur,0,1,A
3928,England,England Premier League,2013/2014,2014-04-26,West Bromwich Albion,West Ham United,1,0,H
3927,England,England Premier League,2013/2014,2014-04-26,Swansea City,Aston Villa,4,1,H
3920,England,England Premier League,2013/2014,2014-04-27,Crystal Palace,Manchester City,0,2,A
3922,England,England Premier League,2013/2014,2014-04-27,Liverpool,Chelsea,0,2,A
3926,England,England Premier League,2013/2014,2014-04-27,Sunderland,Cardiff City,4,0,H
3919,England,England Premier League,2013/2014,2014-04-28,Arsenal,Newcastle United,3,0,H
3934,England,England Premier League,2013/2014,2014-05-03,Manchester United,Sunderland,0,1,A
3930,England,England Premier League,2013/2014,2014-05-03,Aston Villa,Hull City,3,1,H
3936,England,England Premier League,2013/2014,2014-05-03,Stoke City,Fulham,4,1,H
3933,England,England Premier League,2013/2014,2014-05-03,Everton,Manchester City,2,3,A
3937,England,England Premier League,2013/2014,2014-05-03,Swansea City,Southampton,0,1,A
3938,England,England Premier League,2013/2014,2014-05-03,West Ham United,Tottenham Hotspur,2,0,H
3935,England,England Premier League,2013/2014,2014-05-03,Newcastle United,Cardiff City,3,0,H
3929,England,England Premier League,2013/2014,2014-05-04,Arsenal,West Bromwich Albion,1,0,H
3931,England,England Premier League,2013/2014,2014-05-04,Chelsea,Norwich City,0,0,D
3932,England,England Premier League,2013/2014,2014-05-05,Crystal Palace,Liverpool,3,3,D
3903,England,England Premier League,2013/2014,2014-05-06,Manchester United,Hull City,3,1,H
3836,England,England Premier League,2013/2014,2014-05-07,Sunderland,West Bromwich Albion,2,0,H
3844,England,England Premier League,2013/2014,2014-05-07,Manchester City,Aston Villa,4,0,H
3941,England,England Premier League,2013/2014,2014-05-11,Hull City,Everton,0,2,A
3939,England,England Premier League,2013/2014,2014-05-11,Cardiff City,Chelsea,1,2,A
3943,England,England Premier League,2013/2014,2014-05-11,Manchester City,West Ham United,2,0,H
3942,England,England Premier League,2013/2014,2014-05-11,Liverpool,Newcastle United,2,1,H
3940,England,England Premier League,2013/2014,2014-05-11,Fulham,Crystal Palace,2,2,D
3944,England,England Premier League,2013/2014,2014-05-11,Norwich City,Arsenal,0,2,A
3948,England,England Premier League,2013/2014,2014-05-11,West Bromwich Albion,Stoke City,1,2,A
3947,England,England Premier League,2013/2014,2014-05-11,Tottenham Hotspur,Aston Villa,3,0,H
3945,England,England Premier League,2013/2014,2014-05-11,Southampton,Manchester United,1,1,D
3946,England,England Premier League,2013/2014,2014-05-11,Sunderland,Swansea City,1,3,A
4013,England,England Premier League,2014/2015,2014-08-16,Manchester United,Swansea City,1,2,A
4011,England,England Premier League,2014/2015,2014-08-16,Leicester City,Everton,2,2,D
4017,England,England Premier League,2014/2015,2014-08-16,West Bromwich Albion,Sunderland,2,2,D
4009,England,England Premier League,2014/2015,2014-08-16,Arsenal,Crystal Palace,2,1,H
4016,England,England Premier League,2014/2015,2014-08-16,Stoke City,Aston Villa,0,1,A
4018,England,England Premier League,2014/2015,2014-08-16,West Ham United,Tottenham Hotspur,0,1,A
4015,England,England Premier League,2014/2015,2014-08-16,Queens Park Rangers,Hull City,0,1,A
4012,England,England Premier League,2014/2015,2014-08-17,Liverpool,Southampton,2,1,H
4014,England,England Premier League,2014/2015,2014-08-17,Newcastle United,Manchester City,0,2,A
4010,England,England Premier League,2014/2015,2014-08-18,Burnley,Chelsea,1,3,A
4125,England,England Premier League,2014/2015,2014-08-23,Southampton,West Bromwich Albion,0,0,D
4127,England,England Premier League,2014/2015,2014-08-23,Swansea City,Burnley,1,0,H
4119,England,England Premier League,2014/2015,2014-08-23,Aston Villa,Newcastle United,0,0,D
4120,England,England Premier League,2014/2015,2014-08-23,Chelsea,Leicester City,2,0,H
4121,England,England Premier League,2014/2015,2014-08-23,Crystal Palace,West Ham United,1,3,A
4122,England,England Premier League,2014/2015,2014-08-23,Everton,Arsenal,2,2,D
4128,England,England Premier League,2014/2015,2014-08-24,Tottenham Hotspur,Queens Park Rangers,4,0,H
4123,England,England Premier League,2014/2015,2014-08-24,Hull City,Stoke City,1,1,D
4126,England,England Premier League,2014/2015,2014-08-24,Sunderland,Manchester United,1,1,D
4124,England,England Premier League,2014/2015,2014-08-25,Manchester City,Liverpool,3,1,H
4230,England,England Premier League,2014/2015,2014-08-30,Burnley,Manchester United,0,0,D
4231,England,England Premier League,2014/2015,2014-08-30,Everton,Chelsea,3,6,A
4233,England,England Premier League,2014/2015,2014-08-30,Manchester City,Stoke City,0,1,A
4234,England,England Premier League,2014/2015,2014-08-30,Newcastle United,Crystal Palace,3,3,D
4235,England,England Premier League,2014/2015,2014-08-30,Queens Park Rangers,Sunderland,1,0,H
4236,England,England Premier League,2014/2015,2014-08-30,Swansea City,West Bromwich Albion,3,0,H
4238,England,England Premier League,2014/2015,2014-08-30,West Ham United,Southampton,1,3,A
4229,England,England Premier League,2014/2015,2014-08-31,Aston Villa,Hull City,2,1,H
4232,England,England Premier League,2014/2015,2014-08-31,Leicester City,Arsenal,1,1,D
4237,England,England Premier League,2014/2015,2014-08-31,Tottenham Hotspur,Liverpool,0,3,A
4333,England,England Premier League,2014/2015,2014-09-13,Liverpool,Aston Villa,0,1,A
4330,England,England Premier League,2014/2015,2014-09-13,Chelsea,Swansea City,4,2,H
4331,England,England Premier League,2014/2015,2014-09-13,Crystal Palace,Burnley,0,0,D
4329,England,England Premier League,2014/2015,2014-09-13,Arsenal,Manchester City,2,2,D
4338,England,England Premier League,2014/2015,2014-09-13,West Bromwich Albion,Everton,0,2,A
4336,England,England Premier League,2014/2015,2014-09-13,Stoke City,Leicester City,0,1,A
4337,England,England Premier League,2014/2015,2014-09-13,Sunderland,Tottenham Hotspur,2,2,D
4335,England,England Premier League,2014/2015,2014-09-13,Southampton,Newcastle United,4,0,H
4334,England,England Premier League,2014/2015,2014-09-14,Manchester United,Queens Park Rangers,4,0,H
4332,England,England Premier League,2014/2015,2014-09-15,Hull City,West Ham United,2,2,D
4339,England,England Premier League,2014/2015,2014-09-20,Aston Villa,Arsenal,0,3,A
4344,England,England Premier League,2014/2015,2014-09-20,Newcastle United,Hull City,2,2,D
4340,England,England Premier League,2014/2015,2014-09-20,Burnley,Sunderland,0,0,D
4348,England,England Premier League,2014/2015,2014-09-20,West Ham United,Liverpool,3,1,H
4346,England,England Premier League,2014/2015,2014-09-20,Swansea City,Southampton,0,1,A
4345,England,England Premier League,2014/2015,2014-09-20,Queens Park Rangers,Stoke City,2,2,D
4341,England,England Premier League,2014/2015,2014-09-21,Everton,Crystal Palace,2,3,A
4342,England,England Premier League,2014/2015,2014-09-21,Leicester City,Manchester United,5,3,H
4343,England,England Premier League,2014/2015,2014-09-21,Manchester City,Chelsea,1,1,D
4347,England,England Premier League,2014/2015,2014-09-21,Tottenham Hotspur,West Bromwich Albion,0,1,A
4350,England,England Premier League,2014/2015,2014-09-27,Chelsea,Aston Villa,3,0,H
4352,England,England Premier League,2014/2015,2014-09-27,Hull City,Manchester City,2,4,A
4349,England,England Premier League,2014/2015,2014-09-27,Arsenal,Tottenham Hotspur,1,1,D
4351,England,England Premier League,2014/2015,2014-09-27,Crystal Palace,Leicester City,2,0,H
4355,England,England Premier League,2014/2015,2014-09-27,Southampton,Queens Park Rangers,2,1,H
4357,England,England Premier League,2014/2015,2014-09-27,Sunderland,Swansea City,0,0,D
4354,England,England Premier League,2014/2015,2014-09-27,Manchester United,West Ham United,2,1,H
4353,England,England Premier League,2014/2015,2014-09-27,Liverpool,Everton,1,1,D
4358,England,England Premier League,2014/2015,2014-09-28,West Bromwich Albion,Burnley,4,0,H
4356,England,England Premier League,2014/2015,2014-09-29,Stoke City,Newcastle United,1,0,H
4362,England,England Premier League,2014/2015,2014-10-04,Leicester City,Burnley,2,2,D
4361,England,England Premier League,2014/2015,2014-10-04,Hull City,Crystal Palace,2,0,H
4359,England,England Premier League,2014/2015,2014-10-04,Aston Villa,Manchester City,0,2,A
4363,England,England Premier League,2014/2015,2014-10-04,Liverpool,West Bromwich Albion,2,1,H
4366,England,England Premier League,2014/2015,2014-10-04,Swansea City,Newcastle United,2,2,D
4365,England,England Premier League,2014/2015,2014-10-04,Sunderland,Stoke City,3,1,H
4364,England,England Premier League,2014/2015,2014-10-05,Manchester United,Everton,2,1,H
4360,England,England Premier League,2014/2015,2014-10-05,Chelsea,Arsenal,2,0,H
4368,England,England Premier League,2014/2015,2014-10-05,West Ham United,Queens Park Rangers,2,0,H
4367,England,England Premier League,2014/2015,2014-10-05,Tottenham Hotspur,Southampton,1,0,H
4369,England,England Premier League,2014/2015,2014-10-18,Arsenal,Hull City,2,2,D
4370,England,England Premier League,2014/2015,2014-10-18,Burnley,West Ham United,1,3,A
4371,England,England Premier League,2014/2015,2014-10-18,Crystal Palace,Chelsea,1,2,A
4372,England,England Premier League,2014/2015,2014-10-18,Everton,Aston Villa,3,0,H
4373,England,England Premier League,2014/2015,2014-10-18,Manchester City,Tottenham Hotspur,4,1,H
4374,England,England Premier League,2014/2015,2014-10-18,Newcastle United,Leicester City,1,0,H
4376,England,England Premier League,2014/2015,2014-10-18,Southampton,Sunderland,8,0,H
4375,England,England Premier League,2014/2015,2014-10-19,Queens Park Rangers,Liverpool,2,3,A
4377,England,England Premier League,2014/2015,2014-10-19,Stoke City,Swansea City,2,1,H
4378,England,England Premier League,2014/2015,2014-10-20,West Bromwich Albion,Manchester United,2,2,D
4380,England,England Premier League,2014/2015,2014-10-25,Liverpool,Hull City,0,0,D
4387,England,England Premier League,2014/2015,2014-10-25,West Bromwich Albion,Crystal Palace,2,2,D
4383,England,England Premier League,2014/2015,2014-10-25,Southampton,Stoke City,1,0,H
4385,England,England Premier League,2014/2015,2014-10-25,Swansea City,Leicester City,2,0,H
4384,England,England Premier League,2014/2015,2014-10-25,Sunderland,Arsenal,0,2,A
4388,England,England Premier League,2014/2015,2014-10-25,West Ham United,Manchester City,2,1,H
4379,England,England Premier League,2014/2015,2014-10-26,Burnley,Everton,1,3,A
4381,England,England Premier League,2014/2015,2014-10-26,Manchester United,Chelsea,1,1,D
4386,England,England Premier League,2014/2015,2014-10-26,Tottenham Hotspur,Newcastle United,1,2,A
4382,England,England Premier League,2014/2015,2014-10-27,Queens Park Rangers,Aston Villa,2,0,H
4019,England,England Premier League,2014/2015,2014-11-01,Arsenal,Burnley,3,0,H
4021,England,England Premier League,2014/2015,2014-11-01,Chelsea,Queens Park Rangers,2,1,H
4023,England,England Premier League,2014/2015,2014-11-01,Everton,Swansea City,0,0,D
4024,England,England Premier League,2014/2015,2014-11-01,Hull City,Southampton,0,1,A
4025,England,England Premier League,2014/2015,2014-11-01,Leicester City,West Bromwich Albion,0,1,A
4027,England,England Premier League,2014/2015,2014-11-01,Newcastle United,Liverpool,1,0,H
4028,England,England Premier League,2014/2015,2014-11-01,Stoke City,West Ham United,2,2,D
4020,England,England Premier League,2014/2015,2014-11-02,Aston Villa,Tottenham Hotspur,1,2,A
4026,England,England Premier League,2014/2015,2014-11-02,Manchester City,Manchester United,1,0,H
4022,England,England Premier League,2014/2015,2014-11-03,Crystal Palace,Sunderland,1,3,A
4031,England,England Premier League,2014/2015,2014-11-08,Manchester United,Crystal Palace,1,0,H
4029,England,England Premier League,2014/2015,2014-11-08,Burnley,Hull City,1,0,H
4030,England,England Premier League,2014/2015,2014-11-08,Liverpool,Chelsea,1,2,A
4033,England,England Premier League,2014/2015,2014-11-08,Southampton,Leicester City,2,0,H
4038,England,England Premier League,2014/2015,2014-11-08,West Ham United,Aston Villa,0,0,D
4032,England,England Premier League,2014/2015,2014-11-08,Queens Park Rangers,Manchester City,2,2,D
4034,England,England Premier League,2014/2015,2014-11-09,Sunderland,Everton,1,1,D
4035,England,England Premier League,2014/2015,2014-11-09,Swansea City,Arsenal,2,1,H
4036,England,England Premier League,2014/2015,2014-11-09,Tottenham Hotspur,Stoke City,1,2,A
4037,England,England Premier League,2014/2015,2014-11-09,West Bromwich Albion,Newcastle United,0,2,A
4041,England,England Premier League,2014/2015,2014-11-22,Chelsea,West Bromwich Albion,2,0,H
4039,England,England Premier League,2014/2015,2014-11-22,Arsenal,Manchester United,1,2,A
4043,England,England Premier League,2014/2015,2014-11-22,Everton,West Ham United,2,1,H
4045,England,England Premier League,2014/2015,2014-11-22,Leicester City,Sunderland,0,0,D
4046,England,England Premier League,2014/2015,2014-11-22,Manchester City,Swansea City,2,1,H
4048,England,England Premier League,2014/2015,2014-11-22,Stoke City,Burnley,1,2,A
4047,England,England Premier League,2014/2015,2014-11-22,Newcastle United,Queens Park Rangers,1,0,H
4042,England,England Premier League,2014/2015,2014-11-23,Crystal Palace,Liverpool,3,1,H
4044,England,England Premier League,2014/2015,2014-11-23,Hull City,Tottenham Hotspur,1,2,A
4040,England,England Premier League,2014/2015,2014-11-24,Aston Villa,Southampton,1,1,D
4052,England,England Premier League,2014/2015,2014-11-29,Queens Park Rangers,Leicester City,3,2,H
4049,England,England Premier League,2014/2015,2014-11-29,Burnley,Aston Villa,1,1,D
4051,England,England Premier League,2014/2015,2014-11-29,Manchester United,Hull City,3,0,H
4050,England,England Premier League,2014/2015,2014-11-29,Liverpool,Stoke City,1,0,H
4054,England,England Premier League,2014/2015,2014-11-29,Sunderland,Chelsea,0,0,D
4057,England,England Premier League,2014/2015,2014-11-29,West Bromwich Albion,Arsenal,0,1,A
4058,England,England Premier League,2014/2015,2014-11-29,West Ham United,Newcastle United,1,0,H
4055,England,England Premier League,2014/2015,2014-11-29,Swansea City,Crystal Palace,1,1,D
4053,England,England Premier League,2014/2015,2014-11-30,Southampton,Manchester City,0,3,A
4056,England,England Premier League,2014/2015,2014-11-30,Tottenham Hotspur,Everton,2,1,H
4060,England,England Premier League,2014/2015,2014-12-02,Burnley,Newcastle United,1,1,D
4061,England,England Premier League,2014/2015,2014-12-02,Leicester City,Liverpool,1,3,A
4062,England,England Premier League,2014/2015,2014-12-02,Manchester United,Stoke City,2,1,H
4063,England,England Premier League,2014/2015,2014-12-02,Swansea City,Queens Park Rangers,2,0,H
4064,England,England Premier League,2014/2015,2014-12-02,Crystal Palace,Aston Villa,0,1,A
4065,England,England Premier League,2014/2015,2014-12-02,West Bromwich Albion,West Ham United,1,2,A
4066,England,England Premier League,2014/2015,2014-12-03,Chelsea,Tottenham Hotspur,3,0,H
4059,England,England Premier League,2014/2015,2014-12-03,Arsenal,Southampton,1,0,H
4068,England,England Premier League,2014/2015,2014-12-03,Sunderland,Manchester City,1,4,A
4067,England,England Premier League,2014/2015,2014-12-03,Everton,Hull City,1,1,D
4070,England,England Premier League,2014/2015,2014-12-06,Hull City,West Bromwich Albion,0,0,D
4071,England,England Premier League,2014/2015,2014-12-06,Liverpool,Sunderland,0,0,D
4072,England,England Premier League,2014/2015,2014-12-06,Manchester City,Everton,1,0,H
4073,England,England Premier League,2014/2015,2014-12-06,Newcastle United,Chelsea,2,1,H
4074,England,England Premier League,2014/2015,2014-12-06,Queens Park Rangers,Burnley,2,0,H
4076,England,England Premier League,2014/2015,2014-12-06,Stoke City,Arsenal,3,2,H
4077,England,England Premier League,2014/2015,2014-12-06,Tottenham Hotspur,Crystal Palace,0,0,D
4069,England,England Premier League,2014/2015,2014-12-07,Aston Villa,Leicester City,2,1,H
4078,England,England Premier League,2014/2015,2014-12-07,West Ham United,Swansea City,3,1,H
4075,England,England Premier League,2014/2015,2014-12-08,Southampton,Manchester United,1,2,A
4082,England,England Premier League,2014/2015,2014-12-13,Crystal Palace,Stoke City,1,1,D
4080,England,England Premier League,2014/2015,2014-12-13,Burnley,Southampton,1,0,H
4081,England,England Premier League,2014/2015,2014-12-13,Chelsea,Hull City,2,0,H
4088,England,England Premier League,2014/2015,2014-12-13,West Bromwich Albion,Aston Villa,1,0,H
4084,England,England Premier League,2014/2015,2014-12-13,Leicester City,Manchester City,0,1,A
4086,England,England Premier League,2014/2015,2014-12-13,Sunderland,West Ham United,1,1,D
4079,England,England Premier League,2014/2015,2014-12-13,Arsenal,Newcastle United,4,1,H
4085,England,England Premier League,2014/2015,2014-12-14,Manchester United,Liverpool,3,0,H
4087,England,England Premier League,2014/2015,2014-12-14,Swansea City,Tottenham Hotspur,1,2,A
4083,England,England Premier League,2014/2015,2014-12-15,Everton,Queens Park Rangers,3,1,H
4089,England,England Premier League,2014/2015,2014-12-20,Aston Villa,Manchester United,1,1,D
4094,England,England Premier League,2014/2015,2014-12-20,Queens Park Rangers,West Bromwich Albion,3,2,H
4092,England,England Premier League,2014/2015,2014-12-20,Manchester City,Crystal Palace,3,0,H
4098,England,England Premier League,2014/2015,2014-12-20,West Ham United,Leicester City,2,0,H
4095,England,England Premier League,2014/2015,2014-12-20,Southampton,Everton,3,0,H
4097,England,England Premier League,2014/2015,2014-12-20,Tottenham Hotspur,Burnley,2,1,H
4090,England,England Premier League,2014/2015,2014-12-20,Hull City,Swansea City,0,1,A
4091,England,England Premier League,2014/2015,2014-12-21,Liverpool,Arsenal,2,2,D
4093,England,England Premier League,2014/2015,2014-12-21,Newcastle United,Sunderland,0,1,A
4096,England,England Premier League,2014/2015,2014-12-22,Stoke City,Chelsea,0,2,A
4108,England,England Premier League,2014/2015,2014-12-26,West Bromwich Albion,Manchester City,1,3,A
4099,England,England Premier League,2014/2015,2014-12-26,Arsenal,Queens Park Rangers,2,1,H
4100,England,England Premier League,2014/2015,2014-12-26,Burnley,Liverpool,0,1,A
4102,England,England Premier League,2014/2015,2014-12-26,Crystal Palace,Southampton,1,3,A
4105,England,England Premier League,2014/2015,2014-12-26,Manchester United,Newcastle United,3,1,H
4104,England,England Premier League,2014/2015,2014-12-26,Leicester City,Tottenham Hotspur,1,2,A
4106,England,England Premier League,2014/2015,2014-12-26,Sunderland,Hull City,1,3,A
4107,England,England Premier League,2014/2015,2014-12-26,Swansea City,Aston Villa,1,0,H
4103,England,England Premier League,2014/2015,2014-12-26,Everton,Stoke City,0,1,A
4101,England,England Premier League,2014/2015,2014-12-26,Chelsea,West Ham United,2,0,H
4110,England,England Premier League,2014/2015,2014-12-28,Hull City,Leicester City,0,1,A
4112,England,England Premier League,2014/2015,2014-12-28,Manchester City,Burnley,2,2,D
4109,England,England Premier League,2014/2015,2014-12-28,Aston Villa,Sunderland,0,0,D
4113,England,England Premier League,2014/2015,2014-12-28,Newcastle United,Everton,3,2,H
4114,England,England Premier League,2014/2015,2014-12-28,Queens Park Rangers,Crystal Palace,0,0,D
4115,England,England Premier League,2014/2015,2014-12-28,Southampton,Chelsea,1,1,D
4118,England,England Premier League,2014/2015,2014-12-28,West Ham United,Arsenal,1,2,A
4116,England,England Premier League,2014/2015,2014-12-28,Stoke City,West Bromwich Albion,2,0,H
4117,England,England Premier League,2014/2015,2014-12-28,Tottenham Hotspur,Manchester United,0,0,D
4111,England,England Premier League,2014/2015,2014-12-29,Liverpool,Swansea City,4,1,H
4133,England,England Premier League,2014/2015,2015-01-01,Newcastle United,Burnley,3,3,D
4129,England,England Premier League,2014/2015,2015-01-01,Aston Villa,Crystal Palace,0,0,D
4130,England,England Premier League,2014/2015,2015-01-01,Hull City,Everton,2,0,H
4132,England,England Premier League,2014/2015,2015-01-01,Manchester City,Sunderland,3,2,H
4131,England,England Premier League,2014/2015,2015-01-01,Liverpool,Leicester City,2,2,D
4134,England,England Premier League,2014/2015,2015-01-01,Queens Park Rangers,Swansea City,1,1,D
4136,England,England Premier League,2014/2015,2015-01-01,Stoke City,Manchester United,1,1,D
4137,England,England Premier League,2014/2015,2015-01-01,Tottenham Hotspur,Chelsea,5,3,H
4138,England,England Premier League,2014/2015,2015-01-01,West Ham United,West Bromwich Albion,1,1,D
4135,England,England Premier League,2014/2015,2015-01-01,Southampton,Arsenal,2,0,H
4147,England,England Premier League,2014/2015,2015-01-10,Swansea City,West Ham United,1,1,D
4148,England,England Premier League,2014/2015,2015-01-10,West Bromwich Albion,Hull City,1,0,H
4140,England,England Premier League,2014/2015,2015-01-10,Burnley,Queens Park Rangers,2,1,H
4141,England,England Premier League,2014/2015,2015-01-10,Chelsea,Newcastle United,2,0,H
4142,England,England Premier League,2014/2015,2015-01-10,Crystal Palace,Tottenham Hotspur,2,1,H
4143,England,England Premier League,2014/2015,2015-01-10,Everton,Manchester City,1,1,D
4144,England,England Premier League,2014/2015,2015-01-10,Leicester City,Aston Villa,1,0,H
4146,England,England Premier League,2014/2015,2015-01-10,Sunderland,Liverpool,0,1,A
4139,England,England Premier League,2014/2015,2015-01-11,Arsenal,Stoke City,3,0,H
4145,England,England Premier League,2014/2015,2015-01-11,Manchester United,Southampton,0,1,A
4149,England,England Premier League,2014/2015,2015-01-17,Aston Villa,Liverpool,0,2,A
4150,England,England Premier League,2014/2015,2015-01-17,Burnley,Crystal Palace,2,3,A
4152,England,England Premier League,2014/2015,2015-01-17,Leicester City,Stoke City,0,1,A
4154,England,England Premier League,2014/2015,2015-01-17,Newcastle United,Southampton,1,2,A
4155,England,England Premier League,2014/2015,2015-01-17,Queens Park Rangers,Manchester United,0,2,A
4156,England,England Premier League,2014/2015,2015-01-17,Swansea City,Chelsea,0,5,A
4157,England,England Premier League,2014/2015,2015-01-17,Tottenham Hotspur,Sunderland,2,1,H
4153,England,England Premier League,2014/2015,2015-01-18,Manchester City,Arsenal,0,2,A
4158,England,England Premier League,2014/2015,2015-01-18,West Ham United,Hull City,3,0,H
4151,England,England Premier League,2014/2015,2015-01-19,Everton,West Bromwich Albion,0,0,D
4163,England,England Premier League,2014/2015,2015-01-31,Liverpool,West Ham United,2,0,H
4160,England,England Premier League,2014/2015,2015-01-31,Chelsea,Manchester City,1,1,D
4162,England,England Premier League,2014/2015,2015-01-31,Hull City,Newcastle United,0,3,A
4161,England,England Premier League,2014/2015,2015-01-31,Crystal Palace,Everton,0,1,A
4167,England,England Premier League,2014/2015,2015-01-31,Sunderland,Burnley,2,0,H
4166,England,England Premier League,2014/2015,2015-01-31,Stoke City,Queens Park Rangers,3,1,H
4168,England,England Premier League,2014/2015,2015-01-31,West Bromwich Albion,Tottenham Hotspur,0,3,A
4164,England,England Premier League,2014/2015,2015-01-31,Manchester United,Leicester City,3,1,H
4159,England,England Premier League,2014/2015,2015-02-01,Arsenal,Aston Villa,5,0,H
4165,England,England Premier League,2014/2015,2015-02-01,Southampton,Swansea City,0,1,A
4171,England,England Premier League,2014/2015,2015-02-07,Everton,Liverpool,0,0,D
4169,England,England Premier League,2014/2015,2015-02-07,Aston Villa,Chelsea,1,2,A
4172,England,England Premier League,2014/2015,2015-02-07,Leicester City,Crystal Palace,0,1,A
4173,England,England Premier League,2014/2015,2015-02-07,Manchester City,Hull City,1,1,D
4175,England,England Premier League,2014/2015,2015-02-07,Queens Park Rangers,Southampton,0,1,A
4177,England,England Premier League,2014/2015,2015-02-07,Tottenham Hotspur,Arsenal,2,1,H
4176,England,England Premier League,2014/2015,2015-02-07,Swansea City,Sunderland,1,1,D
4170,England,England Premier League,2014/2015,2015-02-08,Burnley,West Bromwich Albion,2,2,D
4174,England,England Premier League,2014/2015,2015-02-08,Newcastle United,Stoke City,1,1,D
4178,England,England Premier League,2014/2015,2015-02-08,West Ham United,Manchester United,1,1,D
4179,England,England Premier League,2014/2015,2015-02-10,Arsenal,Leicester City,2,1,H
4180,England,England Premier League,2014/2015,2015-02-10,Hull City,Aston Villa,2,0,H
4184,England,England Premier League,2014/2015,2015-02-10,Liverpool,Tottenham Hotspur,3,2,H
4188,England,England Premier League,2014/2015,2015-02-10,Sunderland,Queens Park Rangers,0,2,A
4183,England,England Premier League,2014/2015,2015-02-11,Crystal Palace,Newcastle United,1,1,D
4181,England,England Premier League,2014/2015,2015-02-11,Manchester United,Burnley,3,1,H
4182,England,England Premier League,2014/2015,2015-02-11,Southampton,West Ham United,0,0,D
4186,England,England Premier League,2014/2015,2015-02-11,Chelsea,Everton,1,0,H
4187,England,England Premier League,2014/2015,2015-02-11,Stoke City,Manchester City,1,4,A
4185,England,England Premier League,2014/2015,2015-02-11,West Bromwich Albion,Swansea City,2,0,H
4196,England,England Premier League,2014/2015,2015-02-21,Sunderland,West Bromwich Albion,0,0,D
4197,England,England Premier League,2014/2015,2015-02-21,Swansea City,Manchester United,2,1,H
4189,England,England Premier League,2014/2015,2015-02-21,Aston Villa,Stoke City,1,2,A
4190,England,England Premier League,2014/2015,2015-02-21,Chelsea,Burnley,1,1,D
4191,England,England Premier League,2014/2015,2015-02-21,Crystal Palace,Arsenal,1,2,A
4193,England,England Premier League,2014/2015,2015-02-21,Hull City,Queens Park Rangers,2,1,H
4194,England,England Premier League,2014/2015,2015-02-21,Manchester City,Newcastle United,5,0,H
4195,England,England Premier League,2014/2015,2015-02-22,Southampton,Liverpool,0,2,A
4198,England,England Premier League,2014/2015,2015-02-22,Tottenham Hotspur,West Ham United,2,2,D
4192,England,England Premier League,2014/2015,2015-02-22,Everton,Leicester City,2,2,D
4200,England,England Premier League,2014/2015,2015-02-28,Burnley,Swansea City,0,1,A
4203,England,England Premier League,2014/2015,2015-02-28,Manchester United,Sunderland,2,0,H
4204,England,England Premier League,2014/2015,2015-02-28,Newcastle United,Aston Villa,1,0,H
4206,England,England Premier League,2014/2015,2015-02-28,Stoke City,Hull City,1,0,H
4207,England,England Premier League,2014/2015,2015-02-28,West Bromwich Albion,Southampton,1,0,H
4208,England,England Premier League,2014/2015,2015-02-28,West Ham United,Crystal Palace,1,3,A
4199,England,England Premier League,2014/2015,2015-03-01,Arsenal,Everton,2,0,H
4202,England,England Premier League,2014/2015,2015-03-01,Liverpool,Manchester City,2,1,H
4210,England,England Premier League,2014/2015,2015-03-03,Hull City,Sunderland,1,1,D
4212,England,England Premier League,2014/2015,2015-03-03,Southampton,Crystal Palace,1,0,H
4209,England,England Premier League,2014/2015,2015-03-03,Aston Villa,West Bromwich Albion,2,1,H
4217,England,England Premier League,2014/2015,2015-03-04,Stoke City,Everton,2,0,H
4218,England,England Premier League,2014/2015,2015-03-04,Tottenham Hotspur,Swansea City,3,2,H
4211,England,England Premier League,2014/2015,2015-03-04,Queens Park Rangers,Arsenal,1,2,A
4213,England,England Premier League,2014/2015,2015-03-04,West Ham United,Chelsea,0,1,A
4214,England,England Premier League,2014/2015,2015-03-04,Liverpool,Burnley,2,0,H
4215,England,England Premier League,2014/2015,2015-03-04,Manchester City,Leicester City,2,0,H
4216,England,England Premier League,2014/2015,2015-03-04,Newcastle United,Manchester United,0,1,A
4205,England,England Premier League,2014/2015,2015-03-07,Queens Park Rangers,Tottenham Hotspur,1,2,A
4220,England,England Premier League,2014/2015,2015-03-14,Burnley,Manchester City,1,0,H
4222,England,England Premier League,2014/2015,2015-03-14,Crystal Palace,Queens Park Rangers,3,1,H
4219,England,England Premier League,2014/2015,2015-03-14,Arsenal,West Ham United,3,0,H
4226,England,England Premier League,2014/2015,2015-03-14,Sunderland,Aston Villa,0,4,A
4228,England,England Premier League,2014/2015,2015-03-14,West Bromwich Albion,Stoke City,1,0,H
4224,England,England Premier League,2014/2015,2015-03-14,Leicester City,Hull City,0,0,D
4221,England,England Premier League,2014/2015,2015-03-15,Chelsea,Southampton,1,1,D
4223,England,England Premier League,2014/2015,2015-03-15,Everton,Newcastle United,3,0,H
4225,England,England Premier League,2014/2015,2015-03-15,Manchester United,Tottenham Hotspur,3,0,H
4227,England,England Premier League,2014/2015,2015-03-16,Swansea City,Liverpool,0,1,A
4243,England,England Premier League,2014/2015,2015-03-21,Newcastle United,Arsenal,1,2,A
4242,England,England Premier League,2014/2015,2015-03-21,Manchester City,West Bromwich Albion,3,0,H
4247,England,England Premier League,2014/2015,2015-03-21,Tottenham Hotspur,Leicester City,4,3,H
4239,England,England Premier League,2014/2015,2015-03-21,Aston Villa,Swansea City,0,1,A
4246,England,England Premier League,2014/2015,2015-03-21,Stoke City,Crystal Palace,1,2,A
4248,England,England Premier League,2014/2015,2015-03-21,West Ham United,Sunderland,1,0,H
4245,England,England Premier League,2014/2015,2015-03-21,Southampton,Burnley,2,0,H
4240,England,England Premier League,2014/2015,2015-03-22,Hull City,Chelsea,2,3,A
4241,England,England Premier League,2014/2015,2015-03-22,Liverpool,Manchester United,1,2,A
4244,England,England Premier League,2014/2015,2015-03-22,Queens Park Rangers,Everton,1,2,A
4257,England,England Premier League,2014/2015,2015-04-04,Swansea City,Hull City,3,1,H
4258,England,England Premier League,2014/2015,2015-04-04,West Bromwich Albion,Queens Park Rangers,1,4,A
4249,England,England Premier League,2014/2015,2015-04-04,Arsenal,Liverpool,4,1,H
4251,England,England Premier League,2014/2015,2015-04-04,Chelsea,Stoke City,2,1,H
4253,England,England Premier League,2014/2015,2015-04-04,Everton,Southampton,1,0,H
4254,England,England Premier League,2014/2015,2015-04-04,Leicester City,West Ham United,2,1,H
4255,England,England Premier League,2014/2015,2015-04-04,Manchester United,Aston Villa,3,1,H
4250,England,England Premier League,2014/2015,2015-04-05,Burnley,Tottenham Hotspur,0,0,D
4256,England,England Premier League,2014/2015,2015-04-05,Sunderland,Newcastle United,1,0,H
4252,England,England Premier League,2014/2015,2015-04-06,Crystal Palace,Manchester City,2,1,H
4270,England,England Premier League,2014/2015,2015-04-07,Aston Villa,Queens Park Rangers,3,3,D
4259,England,England Premier League,2014/2015,2015-04-11,Burnley,Arsenal,0,1,A
4263,England,England Premier League,2014/2015,2015-04-11,Southampton,Hull City,2,0,H
4264,England,England Premier League,2014/2015,2015-04-11,Sunderland,Crystal Palace,1,4,A
4265,England,England Premier League,2014/2015,2015-04-11,Swansea City,Everton,1,1,D
4266,England,England Premier League,2014/2015,2015-04-11,Tottenham Hotspur,Aston Villa,0,1,A
4267,England,England Premier League,2014/2015,2015-04-11,West Bromwich Albion,Leicester City,2,3,A
4268,England,England Premier League,2014/2015,2015-04-11,West Ham United,Stoke City,1,1,D
4261,England,England Premier League,2014/2015,2015-04-12,Manchester United,Manchester City,4,2,H
4262,England,England Premier League,2014/2015,2015-04-12,Queens Park Rangers,Chelsea,0,1,A
4260,England,England Premier League,2014/2015,2015-04-13,Liverpool,Newcastle United,2,0,H
4271,England,England Premier League,2014/2015,2015-04-18,Chelsea,Manchester United,1,0,H
4272,England,England Premier League,2014/2015,2015-04-18,Crystal Palace,West Bromwich Albion,0,2,A
4273,England,England Premier League,2014/2015,2015-04-18,Everton,Burnley,1,0,H
4275,England,England Premier League,2014/2015,2015-04-18,Leicester City,Swansea City,2,0,H
4278,England,England Premier League,2014/2015,2015-04-18,Stoke City,Southampton,2,1,H
4276,England,England Premier League,2014/2015,2015-04-19,Manchester City,West Ham United,2,0,H
4277,England,England Premier League,2014/2015,2015-04-19,Newcastle United,Tottenham Hotspur,1,3,A
4284,England,England Premier League,2014/2015,2015-04-25,Newcastle United,Swansea City,2,3,A
4280,England,England Premier League,2014/2015,2015-04-25,Burnley,Leicester City,0,1,A
4283,England,England Premier League,2014/2015,2015-04-25,Manchester City,Aston Villa,3,2,H
4281,England,England Premier League,2014/2015,2015-04-25,Crystal Palace,Hull City,0,2,A
4288,England,England Premier League,2014/2015,2015-04-25,West Bromwich Albion,Liverpool,0,0,D
4286,England,England Premier League,2014/2015,2015-04-25,Southampton,Tottenham Hotspur,2,2,D
4285,England,England Premier League,2014/2015,2015-04-25,Queens Park Rangers,West Ham United,0,0,D
4287,England,England Premier League,2014/2015,2015-04-25,Stoke City,Sunderland,1,1,D
4279,England,England Premier League,2014/2015,2015-04-26,Arsenal,Chelsea,0,0,D
4282,England,England Premier League,2014/2015,2015-04-26,Everton,Manchester United,3,0,H
4274,England,England Premier League,2014/2015,2015-04-28,Hull City,Liverpool,1,0,H
4201,England,England Premier League,2014/2015,2015-04-29,Leicester City,Chelsea,1,3,A
4295,England,England Premier League,2014/2015,2015-05-02,Sunderland,Southampton,2,1,H
4289,England,England Premier League,2014/2015,2015-05-02,Aston Villa,Everton,3,2,H
4292,England,England Premier League,2014/2015,2015-05-02,Leicester City,Newcastle United,3,0,H
4293,England,England Premier League,2014/2015,2015-05-02,Liverpool,Queens Park Rangers,2,1,H
4296,England,England Premier League,2014/2015,2015-05-02,Swansea City,Stoke City,2,0,H
4298,England,England Premier League,2014/2015,2015-05-02,West Ham United,Burnley,1,0,H
4294,England,England Premier League,2014/2015,2015-05-02,Manchester United,West Bromwich Albion,0,1,A
4290,England,England Premier League,2014/2015,2015-05-03,Chelsea,Crystal Palace,1,0,H
4297,England,England Premier League,2014/2015,2015-05-03,Tottenham Hotspur,Manchester City,0,1,A
4291,England,England Premier League,2014/2015,2015-05-04,Hull City,Arsenal,1,3,A
4300,England,England Premier League,2014/2015,2015-05-09,Aston Villa,West Ham United,1,0,H
4302,England,England Premier League,2014/2015,2015-05-09,Crystal Palace,Manchester United,1,2,A
4303,England,England Premier League,2014/2015,2015-05-09,Everton,Sunderland,0,2,A
4304,England,England Premier League,2014/2015,2015-05-09,Hull City,Burnley,0,1,A
4305,England,England Premier League,2014/2015,2015-05-09,Leicester City,Southampton,2,0,H
4307,England,England Premier League,2014/2015,2015-05-09,Newcastle United,West Bromwich Albion,1,1,D
4308,England,England Premier League,2014/2015,2015-05-09,Stoke City,Tottenham Hotspur,3,0,H
4301,England,England Premier League,2014/2015,2015-05-10,Chelsea,Liverpool,1,1,D
4306,England,England Premier League,2014/2015,2015-05-10,Manchester City,Queens Park Rangers,6,0,H
4299,England,England Premier League,2014/2015,2015-05-11,Arsenal,Swansea City,0,1,A
4312,England,England Premier League,2014/2015,2015-05-16,Queens Park Rangers,Newcastle United,2,1,H
4309,England,England Premier League,2014/2015,2015-05-16,Burnley,Stoke City,0,0,D
4314,England,England Premier League,2014/2015,2015-05-16,Sunderland,Leicester City,0,0,D
4310,England,England Premier League,2014/2015,2015-05-16,Liverpool,Crystal Palace,1,3,A
4316,England,England Premier League,2014/2015,2015-05-16,Tottenham Hotspur,Hull City,2,0,H
4318,England,England Premier League,2014/2015,2015-05-16,West Ham United,Everton,1,2,A
4313,England,England Premier League,2014/2015,2015-05-16,Southampton,Aston Villa,6,1,H
4311,England,England Premier League,2014/2015,2015-05-17,Manchester United,Arsenal,1,1,D
4315,England,England Premier League,2014/2015,2015-05-17,Swansea City,Manchester City,2,4,A
4317,England,England Premier League,2014/2015,2015-05-18,West Bromwich Albion,Chelsea,3,0,H
4269,England,England Premier League,2014/2015,2015-05-20,Arsenal,Sunderland,0,0,D
4321,England,England Premier League,2014/2015,2015-05-24,Chelsea,Sunderland,3,1,H
4319,England,England Premier League,2014/2015,2015-05-24,Arsenal,West Bromwich Albion,4,1,H
4323,England,England Premier League,2014/2015,2015-05-24,Everton,Tottenham Hotspur,0,1,A
4322,England,England Premier League,2014/2015,2015-05-24,Crystal Palace,Swansea City,1,0,H
4320,England,England Premier League,2014/2015,2015-05-24,Aston Villa,Burnley,0,1,A
4324,England,England Premier League,2014/2015,2015-05-24,Hull City,Manchester United,0,0,D
4328,England,England Premier League,2014/2015,2015-05-24,Stoke City,Liverpool,6,1,H
4327,England,England Premier League,2014/2015,2015-05-24,Newcastle United,West Ham United,2,0,H
4325,England,England Premier League,2014/2015,2015-05-24,Leicester City,Queens Park Rangers,5,1,H
4326,England,England Premier League,2014/2015,2015-05-24,Manchester City,Southampton,2,0,H
4390,England,England Premier League,2015/2016,2015-08-08,Bournemouth,Aston Villa,0,1,A
4391,England,England Premier League,2015/2016,2015-08-08,Chelsea,Swansea City,2,2,D
4392,England,England Premier League,2015/2016,2015-08-08,Everton,Watford,2,2,D
4393,England,England Premier League,2015/2016,2015-08-08,Leicester City,Sunderland,4,2,H
4394,England,England Premier League,2015/2016,2015-08-08,Manchester United,Tottenham Hotspur,1,0,H
4396,England,England Premier League,2015/2016,2015-08-08,Norwich City,Crystal Palace,1,3,A
4389,England,England Premier League,2015/2016,2015-08-09,Arsenal,West Ham United,0,2,A
4395,England,England Premier League,2015/2016,2015-08-09,Newcastle United,Southampton,2,2,D
4397,England,England Premier League,2015/2016,2015-08-09,Stoke City,Liverpool,0,1,A
4398,England,England Premier League,2015/2016,2015-08-10,West Bromwich Albion,Manchester City,0,3,A
4499,England,England Premier League,2015/2016,2015-08-14,Aston Villa,Manchester United,0,1,A
4506,England,England Premier League,2015/2016,2015-08-15,Tottenham Hotspur,Stoke City,2,2,D
4507,England,England Premier League,2015/2016,2015-08-15,Watford,West Bromwich Albion,0,0,D
4503,England,England Premier League,2015/2016,2015-08-15,Southampton,Everton,0,3,A
4504,England,England Premier League,2015/2016,2015-08-15,Sunderland,Norwich City,1,3,A
4505,England,England Premier League,2015/2016,2015-08-15,Swansea City,Newcastle United,2,0,H
4508,England,England Premier League,2015/2016,2015-08-15,West Ham United,Leicester City,1,2,A
4500,England,England Premier League,2015/2016,2015-08-16,Crystal Palace,Arsenal,1,2,A
4502,England,England Premier League,2015/2016,2015-08-16,Manchester City,Chelsea,3,0,H
4501,England,England Premier League,2015/2016,2015-08-17,Liverpool,Bournemouth,1,0,H
4610,England,England Premier League,2015/2016,2015-08-22,Crystal Palace,Aston Villa,2,1,H
4612,England,England Premier League,2015/2016,2015-08-22,Leicester City,Tottenham Hotspur,1,1,D
4613,England,England Premier League,2015/2016,2015-08-22,Manchester United,Newcastle United,0,0,D
4614,England,England Premier League,2015/2016,2015-08-22,Norwich City,Stoke City,1,1,D
4615,England,England Premier League,2015/2016,2015-08-22,Sunderland,Swansea City,1,1,D
4618,England,England Premier League,2015/2016,2015-08-22,West Ham United,Bournemouth,3,4,A
4616,England,England Premier League,2015/2016,2015-08-23,Watford,Southampton,0,0,D
4617,England,England Premier League,2015/2016,2015-08-23,West Bromwich Albion,Chelsea,2,3,A
4611,England,England Premier League,2015/2016,2015-08-23,Everton,Manchester City,0,2,A
4609,England,England Premier League,2015/2016,2015-08-24,Arsenal,Liverpool,0,0,D
4712,England,England Premier League,2015/2016,2015-08-29,Liverpool,West Ham United,0,3,A
4710,England,England Premier League,2015/2016,2015-08-29,Bournemouth,Leicester City,1,1,D
4711,England,England Premier League,2015/2016,2015-08-29,Chelsea,Crystal Palace,1,2,A
4709,England,England Premier League,2015/2016,2015-08-29,Aston Villa,Sunderland,2,2,D
4718,England,England Premier League,2015/2016,2015-08-29,Tottenham Hotspur,Everton,0,0,D
4714,England,England Premier League,2015/2016,2015-08-29,Newcastle United,Arsenal,0,1,A
4716,England,England Premier League,2015/2016,2015-08-29,Stoke City,West Bromwich Albion,0,1,A
4713,England,England Premier League,2015/2016,2015-08-29,Manchester City,Watford,2,0,H
4715,England,England Premier League,2015/2016,2015-08-30,Southampton,Norwich City,3,0,H
4717,England,England Premier League,2015/2016,2015-08-30,Swansea City,Manchester United,2,1,H
4719,England,England Premier League,2015/2016,2015-09-12,Arsenal,Stoke City,2,0,H
4723,England,England Premier League,2015/2016,2015-09-12,Manchester United,Liverpool,3,1,H
4721,England,England Premier League,2015/2016,2015-09-12,Everton,Chelsea,3,1,H
4727,England,England Premier League,2015/2016,2015-09-12,West Bromwich Albion,Southampton,0,0,D
4724,England,England Premier League,2015/2016,2015-09-12,Norwich City,Bournemouth,3,1,H
4726,England,England Premier League,2015/2016,2015-09-12,Watford,Swansea City,1,0,H
4720,England,England Premier League,2015/2016,2015-09-12,Crystal Palace,Manchester City,0,1,A
4722,England,England Premier League,2015/2016,2015-09-13,Leicester City,Aston Villa,3,2,H
4725,England,England Premier League,2015/2016,2015-09-13,Sunderland,Tottenham Hotspur,0,1,A
4728,England,England Premier League,2015/2016,2015-09-14,West Ham United,Newcastle United,2,0,H
4731,England,England Premier League,2015/2016,2015-09-19,Chelsea,Arsenal,2,0,H
4729,England,England Premier League,2015/2016,2015-09-19,Aston Villa,West Bromwich Albion,0,1,A
4730,England,England Premier League,2015/2016,2015-09-19,Bournemouth,Sunderland,2,0,H
4733,England,England Premier League,2015/2016,2015-09-19,Manchester City,West Ham United,1,2,A
4736,England,England Premier League,2015/2016,2015-09-19,Stoke City,Leicester City,2,2,D
4737,England,England Premier League,2015/2016,2015-09-19,Swansea City,Everton,0,0,D
4734,England,England Premier League,2015/2016,2015-09-19,Newcastle United,Watford,1,2,A
4732,England,England Premier League,2015/2016,2015-09-20,Liverpool,Norwich City,1,1,D
4735,England,England Premier League,2015/2016,2015-09-20,Southampton,Manchester United,2,3,A
4738,England,England Premier League,2015/2016,2015-09-20,Tottenham Hotspur,Crystal Palace,1,0,H
4742,England,England Premier League,2015/2016,2015-09-26,Newcastle United,Chelsea,2,2,D
4739,England,England Premier League,2015/2016,2015-09-26,Leicester City,Arsenal,2,5,A
4741,England,England Premier League,2015/2016,2015-09-26,Manchester United,Sunderland,3,0,H
4740,England,England Premier League,2015/2016,2015-09-26,Liverpool,Aston Villa,3,2,H
4743,England,England Premier League,2015/2016,2015-09-26,Southampton,Swansea City,3,1,H
4745,England,England Premier League,2015/2016,2015-09-26,Tottenham Hotspur,Manchester City,4,1,H
4748,England,England Premier League,2015/2016,2015-09-26,West Ham United,Norwich City,2,2,D
4744,England,England Premier League,2015/2016,2015-09-26,Stoke City,Bournemouth,2,1,H
4746,England,England Premier League,2015/2016,2015-09-27,Watford,Crystal Palace,0,1,A
4747,England,England Premier League,2015/2016,2015-09-28,West Bromwich Albion,Everton,2,3,A
4752,England,England Premier League,2015/2016,2015-10-03,Chelsea,Southampton,1,3,A
4751,England,England Premier League,2015/2016,2015-10-03,Bournemouth,Watford,1,1,D
4756,England,England Premier League,2015/2016,2015-10-03,Norwich City,Leicester City,1,2,A
4750,England,England Premier League,2015/2016,2015-10-03,Aston Villa,Stoke City,0,1,A
4755,England,England Premier League,2015/2016,2015-10-03,Manchester City,Newcastle United,6,1,H
4757,England,England Premier League,2015/2016,2015-10-03,Sunderland,West Ham United,2,2,D
4753,England,England Premier League,2015/2016,2015-10-03,Crystal Palace,West Bromwich Albion,2,0,H
4749,England,England Premier League,2015/2016,2015-10-04,Arsenal,Manchester United,3,0,H
4754,England,England Premier League,2015/2016,2015-10-04,Everton,Liverpool,1,1,D
4758,England,England Premier League,2015/2016,2015-10-04,Swansea City,Tottenham Hotspur,2,2,D
4766,England,England Premier League,2015/2016,2015-10-17,Tottenham Hotspur,Liverpool,0,0,D
4767,England,England Premier League,2015/2016,2015-10-17,Watford,Arsenal,0,3,A
4759,England,England Premier League,2015/2016,2015-10-17,Chelsea,Aston Villa,2,0,H
4760,England,England Premier League,2015/2016,2015-10-17,Crystal Palace,West Ham United,1,3,A
4761,England,England Premier League,2015/2016,2015-10-17,Everton,Manchester United,0,3,A
4762,England,England Premier League,2015/2016,2015-10-17,Manchester City,Bournemouth,5,1,H
4764,England,England Premier League,2015/2016,2015-10-17,Southampton,Leicester City,2,2,D
4768,England,England Premier League,2015/2016,2015-10-17,West Bromwich Albion,Sunderland,1,0,H
4763,England,England Premier League,2015/2016,2015-10-18,Newcastle United,Norwich City,6,2,H
4765,England,England Premier League,2015/2016,2015-10-19,Swansea City,Stoke City,0,1,A
4399,England,England Premier League,2015/2016,2015-10-24,Arsenal,Everton,2,1,H
4400,England,England Premier League,2015/2016,2015-10-24,Aston Villa,Swansea City,1,2,A
4402,England,England Premier League,2015/2016,2015-10-24,Leicester City,Crystal Palace,1,0,H
4405,England,England Premier League,2015/2016,2015-10-24,Norwich City,West Bromwich Albion,0,1,A
4406,England,England Premier League,2015/2016,2015-10-24,Stoke City,Watford,0,2,A
4408,England,England Premier League,2015/2016,2015-10-24,West Ham United,Chelsea,2,1,H
4401,England,England Premier League,2015/2016,2015-10-25,Bournemouth,Tottenham Hotspur,1,5,A
4403,England,England Premier League,2015/2016,2015-10-25,Liverpool,Southampton,1,1,D
4404,England,England Premier League,2015/2016,2015-10-25,Manchester United,Manchester City,0,0,D
4407,England,England Premier League,2015/2016,2015-10-25,Sunderland,Newcastle United,3,0,H
4413,England,England Premier League,2015/2016,2015-10-31,Newcastle United,Stoke City,0,0,D
4410,England,England Premier League,2015/2016,2015-10-31,Crystal Palace,Manchester United,0,0,D
4412,England,England Premier League,2015/2016,2015-10-31,Manchester City,Norwich City,2,1,H
4418,England,England Premier League,2015/2016,2015-10-31,West Bromwich Albion,Leicester City,2,3,A
4415,England,England Premier League,2015/2016,2015-10-31,Swansea City,Arsenal,0,3,A
4417,England,England Premier League,2015/2016,2015-10-31,Watford,West Ham United,2,0,H
4409,England,England Premier League,2015/2016,2015-10-31,Chelsea,Liverpool,1,3,A
4411,England,England Premier League,2015/2016,2015-11-01,Everton,Sunderland,6,2,H
4414,England,England Premier League,2015/2016,2015-11-01,Southampton,Bournemouth,2,0,H
4416,England,England Premier League,2015/2016,2015-11-02,Tottenham Hotspur,Aston Villa,3,1,H
4422,England,England Premier League,2015/2016,2015-11-07,Leicester City,Watford,2,1,H
4425,England,England Premier League,2015/2016,2015-11-07,Norwich City,Swansea City,1,0,H
4424,England,England Premier League,2015/2016,2015-11-07,Manchester United,West Bromwich Albion,2,0,H
4427,England,England Premier League,2015/2016,2015-11-07,Sunderland,Southampton,0,1,A
4426,England,England Premier League,2015/2016,2015-11-07,Stoke City,Chelsea,1,0,H
4428,England,England Premier League,2015/2016,2015-11-07,West Ham United,Everton,1,1,D
4421,England,England Premier League,2015/2016,2015-11-07,Bournemouth,Newcastle United,0,1,A
4419,England,England Premier League,2015/2016,2015-11-08,Arsenal,Tottenham Hotspur,1,1,D
4420,England,England Premier League,2015/2016,2015-11-08,Aston Villa,Manchester City,0,0,D
4423,England,England Premier League,2015/2016,2015-11-08,Liverpool,Crystal Palace,1,2,A
4433,England,England Premier League,2015/2016,2015-11-21,Newcastle United,Leicester City,0,3,A
4429,England,England Premier League,2015/2016,2015-11-21,Chelsea,Norwich City,1,0,H
4431,England,England Premier League,2015/2016,2015-11-21,Everton,Aston Villa,4,0,H
4432,England,England Premier League,2015/2016,2015-11-21,Manchester City,Liverpool,1,4,A
4435,England,England Premier League,2015/2016,2015-11-21,Swansea City,Bournemouth,2,2,D
4437,England,England Premier League,2015/2016,2015-11-21,Watford,Manchester United,1,2,A
4438,England,England Premier League,2015/2016,2015-11-21,West Bromwich Albion,Arsenal,2,1,H
4434,England,England Premier League,2015/2016,2015-11-21,Southampton,Stoke City,0,1,A
4436,England,England Premier League,2015/2016,2015-11-22,Tottenham Hotspur,West Ham United,4,1,H
4430,England,England Premier League,2015/2016,2015-11-23,Crystal Palace,Sunderland,0,1,A
4441,England,England Premier League,2015/2016,2015-11-28,Crystal Palace,Newcastle United,5,1,H
4440,England,England Premier League,2015/2016,2015-11-28,Bournemouth,Everton,3,3,D
4439,England,England Premier League,2015/2016,2015-11-28,Aston Villa,Watford,2,3,A
4442,England,England Premier League,2015/2016,2015-11-28,Leicester City,Manchester United,1,1,D
4446,England,England Premier League,2015/2016,2015-11-28,Sunderland,Stoke City,2,0,H
4444,England,England Premier League,2015/2016,2015-11-28,Manchester City,Southampton,3,1,H
4443,England,England Premier League,2015/2016,2015-11-29,Liverpool,Swansea City,1,0,H
4445,England,England Premier League,2015/2016,2015-11-29,Norwich City,Arsenal,1,1,D
4447,England,England Premier League,2015/2016,2015-11-29,Tottenham Hotspur,Chelsea,0,0,D
4448,England,England Premier League,2015/2016,2015-11-29,West Ham United,West Bromwich Albion,1,1,D
4450,England,England Premier League,2015/2016,2015-12-05,Chelsea,Bournemouth,0,1,A
4454,England,England Premier League,2015/2016,2015-12-05,Southampton,Aston Villa,1,1,D
4449,England,England Premier League,2015/2016,2015-12-05,Arsenal,Sunderland,3,1,H
4452,England,England Premier League,2015/2016,2015-12-05,Manchester United,West Ham United,0,0,D
4457,England,England Premier League,2015/2016,2015-12-05,Watford,Norwich City,2,0,H
4458,England,England Premier League,2015/2016,2015-12-05,West Bromwich Albion,Tottenham Hotspur,1,1,D
4456,England,England Premier League,2015/2016,2015-12-05,Swansea City,Leicester City,0,3,A
4455,England,England Premier League,2015/2016,2015-12-05,Stoke City,Manchester City,2,0,H
4453,England,England Premier League,2015/2016,2015-12-06,Newcastle United,Liverpool,2,0,H
4451,England,England Premier League,2015/2016,2015-12-07,Everton,Crystal Palace,1,1,D
4466,England,England Premier League,2015/2016,2015-12-12,Sunderland,Watford,0,1,A
4468,England,England Premier League,2015/2016,2015-12-12,West Ham United,Stoke City,0,0,D
4460,England,England Premier League,2015/2016,2015-12-12,Bournemouth,Manchester United,2,1,H
4461,England,England Premier League,2015/2016,2015-12-12,Crystal Palace,Southampton,1,0,H
4464,England,England Premier League,2015/2016,2015-12-12,Manchester City,Swansea City,2,1,H
4465,England,England Premier League,2015/2016,2015-12-12,Norwich City,Everton,1,1,D
4459,England,England Premier League,2015/2016,2015-12-13,Aston Villa,Arsenal,0,2,A
4463,England,England Premier League,2015/2016,2015-12-13,Liverpool,West Bromwich Albion,2,2,D
4467,England,England Premier League,2015/2016,2015-12-13,Tottenham Hotspur,Newcastle United,1,2,A
4462,England,England Premier League,2015/2016,2015-12-14,Leicester City,Chelsea,2,1,H
4470,England,England Premier League,2015/2016,2015-12-19,Chelsea,Sunderland,3,1,H
4471,England,England Premier League,2015/2016,2015-12-19,Everton,Leicester City,2,3,A
4472,England,England Premier League,2015/2016,2015-12-19,Manchester United,Norwich City,1,2,A
4473,England,England Premier League,2015/2016,2015-12-19,Newcastle United,Aston Villa,1,1,D
4474,England,England Premier League,2015/2016,2015-12-19,Southampton,Tottenham Hotspur,0,2,A
4475,England,England Premier League,2015/2016,2015-12-19,Stoke City,Crystal Palace,1,2,A
4478,England,England Premier League,2015/2016,2015-12-19,West Bromwich Albion,Bournemouth,1,2,A
4476,England,England Premier League,2015/2016,2015-12-20,Swansea City,West Ham United,0,0,D
4477,England,England Premier League,2015/2016,2015-12-20,Watford,Liverpool,3,0,H
4469,England,England Premier League,2015/2016,2015-12-21,Arsenal,Manchester City,2,1,H
4487,England,England Premier League,2015/2016,2015-12-26,Swansea City,West Bromwich Albion,1,0,H
4480,England,England Premier League,2015/2016,2015-12-26,Bournemouth,Crystal Palace,0,0,D
4481,England,England Premier League,2015/2016,2015-12-26,Chelsea,Watford,2,2,D
4479,England,England Premier League,2015/2016,2015-12-26,Aston Villa,West Ham United,1,1,D
4486,England,England Premier League,2015/2016,2015-12-26,Stoke City,Manchester United,2,0,H
4484,England,England Premier League,2015/2016,2015-12-26,Newcastle United,Everton,0,1,A
4485,England,England Premier League,2015/2016,2015-12-26,Southampton,Arsenal,4,0,H
4482,England,England Premier League,2015/2016,2015-12-26,Liverpool,Leicester City,1,0,H
4483,England,England Premier League,2015/2016,2015-12-26,Manchester City,Sunderland,4,1,H
4488,England,England Premier League,2015/2016,2015-12-26,Tottenham Hotspur,Norwich City,3,0,H
4489,England,England Premier League,2015/2016,2015-12-28,Arsenal,Bournemouth,2,0,H
4493,England,England Premier League,2015/2016,2015-12-28,Manchester United,Chelsea,0,0,D
4491,England,England Premier League,2015/2016,2015-12-28,Everton,Stoke City,3,4,A
4490,England,England Premier League,2015/2016,2015-12-28,Crystal Palace,Swansea City,0,0,D
4494,England,England Premier League,2015/2016,2015-12-28,Norwich City,Aston Villa,2,0,H
4496,England,England Premier League,2015/2016,2015-12-28,Watford,Tottenham Hotspur,1,2,A
4498,England,England Premier League,2015/2016,2015-12-28,West Ham United,Southampton,2,1,H
4497,England,England Premier League,2015/2016,2015-12-28,West Bromwich Albion,Newcastle United,1,0,H
4492,England,England Premier League,2015/2016,2015-12-29,Leicester City,Manchester City,0,0,D
4495,England,England Premier League,2015/2016,2015-12-30,Sunderland,Liverpool,0,1,A
4509,England,England Premier League,2015/2016,2016-01-02,Arsenal,Newcastle United,1,0,H
4512,England,England Premier League,2015/2016,2016-01-02,Leicester City,Bournemouth,0,0,D
4513,England,England Premier League,2015/2016,2016-01-02,Manchester United,Swansea City,2,1,H
4514,England,England Premier League,2015/2016,2016-01-02,Norwich City,Southampton,1,0,H
4515,England,England Premier League,2015/2016,2016-01-02,Sunderland,Aston Villa,3,1,H
4516,England,England Premier League,2015/2016,2016-01-02,Watford,Manchester City,1,2,A
4517,England,England Premier League,2015/2016,2016-01-02,West Bromwich Albion,Stoke City,2,1,H
4518,England,England Premier League,2015/2016,2016-01-02,West Ham United,Liverpool,2,0,H
4510,England,England Premier League,2015/2016,2016-01-03,Crystal Palace,Chelsea,0,3,A
4511,England,England Premier League,2015/2016,2016-01-03,Everton,Tottenham Hotspur,1,1,D
4519,England,England Premier League,2015/2016,2016-01-12,Aston Villa,Crystal Palace,1,0,H
4520,England,England Premier League,2015/2016,2016-01-12,Bournemouth,West Ham United,1,3,A
4525,England,England Premier League,2015/2016,2016-01-12,Newcastle United,Manchester United,3,3,D
4521,England,England Premier League,2015/2016,2016-01-13,Swansea City,Sunderland,2,4,A
4522,England,England Premier League,2015/2016,2016-01-13,Liverpool,Arsenal,3,3,D
4523,England,England Premier League,2015/2016,2016-01-13,Chelsea,West Bromwich Albion,2,2,D
4524,England,England Premier League,2015/2016,2016-01-13,Manchester City,Everton,0,0,D
4526,England,England Premier League,2015/2016,2016-01-13,Southampton,Watford,2,0,H
4527,England,England Premier League,2015/2016,2016-01-13,Stoke City,Norwich City,3,1,H
4528,England,England Premier League,2015/2016,2016-01-13,Tottenham Hotspur,Leicester City,0,1,A
4530,England,England Premier League,2015/2016,2016-01-16,Bournemouth,Norwich City,3,0,H
4533,England,England Premier League,2015/2016,2016-01-16,Manchester City,Crystal Palace,4,0,H
4531,England,England Premier League,2015/2016,2016-01-16,Chelsea,Everton,3,3,D
4535,England,England Premier League,2015/2016,2016-01-16,Southampton,West Bromwich Albion,3,0,H
4534,England,England Premier League,2015/2016,2016-01-16,Newcastle United,West Ham United,2,1,H
4538,England,England Premier League,2015/2016,2016-01-16,Tottenham Hotspur,Sunderland,4,1,H
4529,England,England Premier League,2015/2016,2016-01-16,Aston Villa,Leicester City,1,1,D
4532,England,England Premier League,2015/2016,2016-01-17,Liverpool,Manchester United,0,1,A
4536,England,England Premier League,2015/2016,2016-01-17,Stoke City,Arsenal,0,0,D
4537,England,England Premier League,2015/2016,2016-01-18,Swansea City,Watford,1,0,H
4543,England,England Premier League,2015/2016,2016-01-23,Manchester United,Southampton,0,1,A
4540,England,England Premier League,2015/2016,2016-01-23,Crystal Palace,Tottenham Hotspur,1,3,A
4542,England,England Premier League,2015/2016,2016-01-23,Leicester City,Stoke City,3,0,H
4544,England,England Premier League,2015/2016,2016-01-23,Norwich City,Liverpool,4,5,A
4545,England,England Premier League,2015/2016,2016-01-23,Sunderland,Bournemouth,1,1,D
4547,England,England Premier League,2015/2016,2016-01-23,West Bromwich Albion,Aston Villa,0,0,D
4548,England,England Premier League,2015/2016,2016-01-23,West Ham United,Manchester City,2,2,D
4546,England,England Premier League,2015/2016,2016-01-23,Watford,Newcastle United,2,1,H
4539,England,England Premier League,2015/2016,2016-01-24,Arsenal,Chelsea,0,1,A
4541,England,England Premier League,2015/2016,2016-01-24,Everton,Swansea City,1,2,A
4552,England,England Premier League,2015/2016,2016-02-02,Sunderland,Manchester City,0,1,A
4549,England,England Premier League,2015/2016,2016-02-02,Arsenal,Southampton,0,0,D
4550,England,England Premier League,2015/2016,2016-02-02,Leicester City,Liverpool,2,0,H
4551,England,England Premier League,2015/2016,2016-02-02,Norwich City,Tottenham Hotspur,0,3,A
4556,England,England Premier League,2015/2016,2016-02-02,Manchester United,Stoke City,3,0,H
4554,England,England Premier League,2015/2016,2016-02-02,West Ham United,Aston Villa,2,0,H
4557,England,England Premier League,2015/2016,2016-02-02,West Bromwich Albion,Swansea City,1,1,D
4555,England,England Premier League,2015/2016,2016-02-02,Crystal Palace,Bournemouth,1,2,A
4553,England,England Premier League,2015/2016,2016-02-03,Watford,Chelsea,0,0,D
4558,England,England Premier League,2015/2016,2016-02-03,Everton,Newcastle United,3,0,H
4564,England,England Premier League,2015/2016,2016-02-06,Newcastle United,West Bromwich Albion,1,0,H
4562,England,England Premier League,2015/2016,2016-02-06,Liverpool,Sunderland,2,2,D
4563,England,England Premier League,2015/2016,2016-02-06,Manchester City,Leicester City,1,3,A
4559,England,England Premier League,2015/2016,2016-02-06,Aston Villa,Norwich City,2,0,H
4565,England,England Premier League,2015/2016,2016-02-06,Southampton,West Ham United,1,0,H
4566,England,England Premier League,2015/2016,2016-02-06,Stoke City,Everton,0,3,A
4568,England,England Premier League,2015/2016,2016-02-06,Tottenham Hotspur,Watford,1,0,H
4567,England,England Premier League,2015/2016,2016-02-06,Swansea City,Crystal Palace,1,1,D
4560,England,England Premier League,2015/2016,2016-02-07,Bournemouth,Arsenal,0,2,A
4561,England,England Premier League,2015/2016,2016-02-07,Chelsea,Manchester United,1,1,D
4571,England,England Premier League,2015/2016,2016-02-13,Bournemouth,Stoke City,1,3,A
4572,England,England Premier League,2015/2016,2016-02-13,Chelsea,Newcastle United,5,1,H
4573,England,England Premier League,2015/2016,2016-02-13,Crystal Palace,Watford,1,2,A
4574,England,England Premier League,2015/2016,2016-02-13,Everton,West Bromwich Albion,0,1,A
4576,England,England Premier League,2015/2016,2016-02-13,Norwich City,West Ham United,2,2,D
4577,England,England Premier League,2015/2016,2016-02-13,Sunderland,Manchester United,2,1,H
4578,England,England Premier League,2015/2016,2016-02-13,Swansea City,Southampton,0,1,A
4569,England,England Premier League,2015/2016,2016-02-14,Arsenal,Leicester City,2,1,H
4570,England,England Premier League,2015/2016,2016-02-14,Aston Villa,Liverpool,0,6,A
4575,England,England Premier League,2015/2016,2016-02-14,Manchester City,Tottenham Hotspur,1,2,A
4579,England,England Premier League,2015/2016,2016-02-27,Leicester City,Norwich City,1,0,H
4583,England,England Premier League,2015/2016,2016-02-27,Southampton,Chelsea,1,2,A
4584,England,England Premier League,2015/2016,2016-02-27,Stoke City,Aston Villa,2,1,H
4586,England,England Premier League,2015/2016,2016-02-27,Watford,Bournemouth,0,0,D
4587,England,England Premier League,2015/2016,2016-02-27,West Bromwich Albion,Crystal Palace,3,2,H
4588,England,England Premier League,2015/2016,2016-02-27,West Ham United,Sunderland,1,0,H
4581,England,England Premier League,2015/2016,2016-02-28,Manchester United,Arsenal,3,2,H
4585,England,England Premier League,2015/2016,2016-02-28,Tottenham Hotspur,Swansea City,2,1,H
4590,England,England Premier League,2015/2016,2016-03-01,Aston Villa,Everton,1,3,A
4591,England,England Premier League,2015/2016,2016-03-01,Bournemouth,Southampton,2,0,H
4592,England,England Premier League,2015/2016,2016-03-01,Leicester City,West Bromwich Albion,2,2,D
4593,England,England Premier League,2015/2016,2016-03-01,Norwich City,Chelsea,1,2,A
4594,England,England Premier League,2015/2016,2016-03-01,Sunderland,Crystal Palace,2,2,D
4589,England,England Premier League,2015/2016,2016-03-02,Arsenal,Swansea City,1,2,A
4598,England,England Premier League,2015/2016,2016-03-02,Stoke City,Newcastle United,1,0,H
4595,England,England Premier League,2015/2016,2016-03-02,West Ham United,Tottenham Hotspur,1,0,H
4597,England,England Premier League,2015/2016,2016-03-02,Manchester United,Watford,1,0,H
4596,England,England Premier League,2015/2016,2016-03-02,Liverpool,Manchester City,3,0,H
4601,England,England Premier League,2015/2016,2016-03-05,Everton,West Ham United,2,3,A
4603,England,England Premier League,2015/2016,2016-03-05,Newcastle United,Bournemouth,1,3,A
4602,England,England Premier League,2015/2016,2016-03-05,Manchester City,Aston Villa,4,0,H
4599,England,England Premier League,2015/2016,2016-03-05,Chelsea,Stoke City,1,1,D
4607,England,England Premier League,2015/2016,2016-03-05,Watford,Leicester City,0,1,A
4604,England,England Premier League,2015/2016,2016-03-05,Southampton,Sunderland,1,1,D
4606,England,England Premier League,2015/2016,2016-03-05,Tottenham Hotspur,Arsenal,2,2,D
4605,England,England Premier League,2015/2016,2016-03-05,Swansea City,Norwich City,1,0,H
4600,England,England Premier League,2015/2016,2016-03-06,Crystal Palace,Liverpool,1,2,A
4608,England,England Premier League,2015/2016,2016-03-06,West Bromwich Albion,Manchester United,1,0,H
4621,England,England Premier League,2015/2016,2016-03-12,Bournemouth,Swansea City,3,2,H
4625,England,England Premier League,2015/2016,2016-03-12,Norwich City,Manchester City,0,0,D
4626,England,England Premier League,2015/2016,2016-03-12,Stoke City,Southampton,1,2,A
4620,England,England Premier League,2015/2016,2016-03-13,Aston Villa,Tottenham Hotspur,0,2,A
4622,England,England Premier League,2015/2016,2016-03-14,Leicester City,Newcastle United,1,0,H
4629,England,England Premier League,2015/2016,2016-03-19,Chelsea,West Ham United,2,2,D
4630,England,England Premier League,2015/2016,2016-03-19,Crystal Palace,Leicester City,0,1,A
4631,England,England Premier League,2015/2016,2016-03-19,Everton,Arsenal,0,2,A
4635,England,England Premier League,2015/2016,2016-03-19,Swansea City,Aston Villa,1,0,H
4637,England,England Premier League,2015/2016,2016-03-19,Watford,Stoke City,1,2,A
4638,England,England Premier League,2015/2016,2016-03-19,West Bromwich Albion,Norwich City,0,1,A
4632,England,England Premier League,2015/2016,2016-03-20,Manchester City,Manchester United,0,1,A
4633,England,England Premier League,2015/2016,2016-03-20,Newcastle United,Sunderland,1,1,D
4634,England,England Premier League,2015/2016,2016-03-20,Southampton,Liverpool,3,2,H
4636,England,England Premier League,2015/2016,2016-03-20,Tottenham Hotspur,Bournemouth,3,0,H
4639,England,England Premier League,2015/2016,2016-04-02,Arsenal,Watford,4,0,H
4640,England,England Premier League,2015/2016,2016-04-02,Aston Villa,Chelsea,0,4,A
4641,England,England Premier League,2015/2016,2016-04-02,Bournemouth,Manchester City,0,4,A
4643,England,England Premier League,2015/2016,2016-04-02,Liverpool,Tottenham Hotspur,1,1,D
4645,England,England Premier League,2015/2016,2016-04-02,Norwich City,Newcastle United,3,2,H
4646,England,England Premier League,2015/2016,2016-04-02,Stoke City,Swansea City,2,2,D
4647,England,England Premier League,2015/2016,2016-04-02,Sunderland,West Bromwich Albion,0,0,D
4648,England,England Premier League,2015/2016,2016-04-02,West Ham United,Crystal Palace,2,2,D
4642,England,England Premier League,2015/2016,2016-04-03,Leicester City,Southampton,1,0,H
4644,England,England Premier League,2015/2016,2016-04-03,Manchester United,Everton,1,0,H
4649,England,England Premier League,2015/2016,2016-04-09,Aston Villa,Bournemouth,1,2,A
4650,England,England Premier League,2015/2016,2016-04-09,Crystal Palace,Norwich City,1,0,H
4658,England,England Premier League,2015/2016,2016-04-09,West Ham United,Arsenal,3,3,D
4652,England,England Premier League,2015/2016,2016-04-09,Manchester City,West Bromwich Albion,2,1,H
4655,England,England Premier League,2015/2016,2016-04-09,Swansea City,Chelsea,1,0,H
4657,England,England Premier League,2015/2016,2016-04-09,Watford,Everton,1,1,D
4653,England,England Premier League,2015/2016,2016-04-09,Southampton,Newcastle United,3,1,H
4651,England,England Premier League,2015/2016,2016-04-10,Liverpool,Stoke City,4,1,H
4654,England,England Premier League,2015/2016,2016-04-10,Sunderland,Leicester City,0,2,A
4656,England,England Premier League,2015/2016,2016-04-10,Tottenham Hotspur,Manchester United,3,0,H
4671,England,England Premier League,2015/2016,2016-04-13,Crystal Palace,Everton,0,0,D
4666,England,England Premier League,2015/2016,2016-04-16,Norwich City,Sunderland,0,3,A
4668,England,England Premier League,2015/2016,2016-04-16,West Bromwich Albion,Watford,0,1,A
4661,England,England Premier League,2015/2016,2016-04-16,Chelsea,Manchester City,0,3,A
4662,England,England Premier League,2015/2016,2016-04-16,Everton,Southampton,1,1,D
4664,England,England Premier League,2015/2016,2016-04-16,Manchester United,Aston Villa,1,0,H
4665,England,England Premier League,2015/2016,2016-04-16,Newcastle United,Swansea City,3,0,H
4659,England,England Premier League,2015/2016,2016-04-17,Arsenal,Crystal Palace,1,1,D
4660,England,England Premier League,2015/2016,2016-04-17,Bournemouth,Liverpool,1,2,A
4663,England,England Premier League,2015/2016,2016-04-17,Leicester City,West Ham United,2,2,D
4667,England,England Premier League,2015/2016,2016-04-18,Stoke City,Tottenham Hotspur,0,4,A
4582,England,England Premier League,2015/2016,2016-04-19,Newcastle United,Manchester City,1,1,D
4580,England,England Premier League,2015/2016,2016-04-20,Liverpool,Everton,4,0,H
4624,England,England Premier League,2015/2016,2016-04-20,Manchester United,Crystal Palace,2,0,H
4628,England,England Premier League,2015/2016,2016-04-20,West Ham United,Watford,3,1,H
4619,England,England Premier League,2015/2016,2016-04-21,Arsenal,West Bromwich Albion,2,0,H
4670,England,England Premier League,2015/2016,2016-04-23,Bournemouth,Chelsea,1,4,A
4673,England,England Premier League,2015/2016,2016-04-23,Liverpool,Newcastle United,2,2,D
4669,England,England Premier League,2015/2016,2016-04-23,Aston Villa,Southampton,2,4,A
4674,England,England Premier League,2015/2016,2016-04-23,Manchester City,Stoke City,4,0,H
4672,England,England Premier League,2015/2016,2016-04-24,Leicester City,Swansea City,4,0,H
4676,England,England Premier League,2015/2016,2016-04-24,Sunderland,Arsenal,0,0,D
4677,England,England Premier League,2015/2016,2016-04-25,Tottenham Hotspur,West Bromwich Albion,1,1,D
4679,England,England Premier League,2015/2016,2016-04-30,Arsenal,Norwich City,1,0,H
4681,England,England Premier League,2015/2016,2016-04-30,Everton,Bournemouth,2,1,H
4683,England,England Premier League,2015/2016,2016-04-30,Newcastle United,Crystal Palace,1,0,H
4685,England,England Premier League,2015/2016,2016-04-30,Stoke City,Sunderland,1,1,D
4687,England,England Premier League,2015/2016,2016-04-30,Watford,Aston Villa,3,2,H
4688,England,England Premier League,2015/2016,2016-04-30,West Bromwich Albion,West Ham United,0,3,A
4682,England,England Premier League,2015/2016,2016-05-01,Manchester United,Leicester City,1,1,D
4684,England,England Premier League,2015/2016,2016-05-01,Southampton,Manchester City,4,2,H
4686,England,England Premier League,2015/2016,2016-05-01,Swansea City,Liverpool,3,1,H
4680,England,England Premier League,2015/2016,2016-05-02,Chelsea,Tottenham Hotspur,2,2,D
4689,England,England Premier League,2015/2016,2016-05-07,Aston Villa,Newcastle United,0,0,D
4690,England,England Premier League,2015/2016,2016-05-07,Bournemouth,West Bromwich Albion,1,1,D
4691,England,England Premier League,2015/2016,2016-05-07,Crystal Palace,Stoke City,2,1,H
4692,England,England Premier League,2015/2016,2016-05-07,Leicester City,Everton,3,1,H
4695,England,England Premier League,2015/2016,2016-05-07,Norwich City,Manchester United,0,1,A
4696,England,England Premier League,2015/2016,2016-05-07,Sunderland,Chelsea,3,2,H
4698,England,England Premier League,2015/2016,2016-05-07,West Ham United,Swansea City,1,4,A
4693,England,England Premier League,2015/2016,2016-05-08,Liverpool,Watford,2,0,H
4694,England,England Premier League,2015/2016,2016-05-08,Manchester City,Arsenal,2,2,D
4697,England,England Premier League,2015/2016,2016-05-08,Tottenham Hotspur,Southampton,1,2,A
4678,England,England Premier League,2015/2016,2016-05-10,West Ham United,Manchester United,3,2,H
4623,England,England Premier League,2015/2016,2016-05-11,Liverpool,Chelsea,1,1,D
4627,England,England Premier League,2015/2016,2016-05-11,Sunderland,Everton,3,0,H
4675,England,England Premier League,2015/2016,2016-05-11,Norwich City,Watford,4,2,H
4699,England,England Premier League,2015/2016,2016-05-15,Arsenal,Aston Villa,4,0,H
4700,England,England Premier League,2015/2016,2016-05-15,Chelsea,Leicester City,1,1,D
4701,England,England Premier League,2015/2016,2016-05-15,Everton,Norwich City,3,0,H
4708,England,England Premier League,2015/2016,2016-05-15,West Bromwich Albion,Liverpool,1,1,D
4703,England,England Premier League,2015/2016,2016-05-15,Newcastle United,Tottenham Hotspur,5,1,H
4705,England,England Premier League,2015/2016,2016-05-15,Stoke City,West Ham United,2,1,H
4706,England,England Premier League,2015/2016,2016-05-15,Swansea City,Manchester City,1,1,D
4707,England,England Premier League,2015/2016,2016-05-15,Watford,Sunderland,2,2,D
4704,England,England Premier League,2015/2016,2016-05-15,Southampton,Crystal Palace,4,1,H
4702,England,England Premier League,2015/2016,2016-05-17,Manchester United,Bournemouth,3,1,H
