id,date,season,home_team,away_team,home_form_last5_overall,away_form_last5_overall,home_venue_form,away_venue_form,home_gd_last5,away_gd_last5,h2h_home_pts,h2h_available,home_squad_strength,away_squad_strength,form_diff,venue_form_diff,gd_diff,strength_diff,FTR,target
1730,2008-08-16,2008/2009,Arsenal,West Bromwich Albion,1.3354177707118884,1.4048478414720453,1.6726973098164974,1.077605558524853,-0.04822469528351881,0.04853149327671621,1.2806963396144682,0,38.5,61.666666666666664,-0.07272727272727274,0.591953097028285,-0.10007088428141059,-23.166666666666664,H,2
1731,2008-08-16,2008/2009,Sunderland,Liverpool,1.3354177707118884,1.4048478414720453,1.6726973098164974,1.077605558524853,-0.04822469528351881,0.04853149327671621,1.2806963396144682,0,60.0,50.833333333333336,-0.07272727272727274,0.591953097028285,-0.10007088428141059,9.166666666666664,A,0
1732,2008-08-16,2008/2009,West Ham United,Wigan Athletic,1.3354177707118884,1.4048478414720453,1.6726973098164974,1.077605558524853,-0.04822469528351881,0.04853149327671621,1.2806963396144682,0,44.833333333333336,60.833333333333336,-0.07272727272727274,0.591953097028285,-0.10007088428141059,-16.0,H,2
1734,2008-08-16,2008/2009,Everton,Blackburn Rovers,1.3354177707118884,1.4048478414720453,1.6726973098164974,1.077605558524853,-0.04822469528351881,0.04853149327671621,1.2806963396144682,0,56.666666666666664,59.166666666666664,-0.07272727272727274,0.591953097028285,-0.10007088428141059,-2.5,A,0
1735,2008-08-16,2008/2009,Middlesbrough,Tottenham Hotspur,1.3354177707118884,1.4048478414720453,1.6726973098164974,1.077605558524853,-0.04822469528351881,0.04853149327671621,1.2806963396144682,0,60.0,53.333333333333336,-0.07272727272727274,0.591953097028285,-0.10007088428141059,6.666666666666664,H,2
1736,2008-08-16,2008/2009,Bolton Wanderers,Stoke City,1.3354177707118884,1.4048478414720453,1.6726973098164974,1.077605558524853,-0.04822469528351881,0.04853149327671621,1.2806963396144682,0,57.5,60.833333333333336,-0.07272727272727274,0.591953097028285,-0.10007088428141059,-3.3333333333333357,H,2
1737,2008-08-16,2008/2009,Hull City,Fulham,1.3354177707118884,1.4048478414720453,1.6726973098164974,1.077605558524853,-0.04822469528351881,0.04853149327671621,1.2806963396144682,0,65.0,54.166666666666664,-0.07272727272727274,0.591953097028285,-0.10007088428141059,10.833333333333336,H,2
1729,2008-08-17,2008/2009,Manchester United,Newcastle United,1.3354177707118884,1.4048478414720453,1.6726973098164974,1.077605558524853,-0.04822469528351881,0.04853149327671621,1.2806963396144682,0,52.5,60.833333333333336,-0.07272727272727274,0.591953097028285,-0.10007088428141059,-8.333333333333336,D,1
1733,2008-08-17,2008/2009,Aston Villa,Manchester City,1.3354177707118884,1.4048478414720453,1.6726973098164974,1.077605558524853,-0.04822469528351881,0.04853149327671621,1.2806963396144682,0,57.333333333333336,59.166666666666664,-0.07272727272727274,0.591953097028285,-0.10007088428141059,-1.8333333333333286,H,2
1738,2008-08-17,2008/2009,Chelsea,Portsmouth,1.3354177707118884,1.4048478414720453,1.6726973098164974,1.077605558524853,-0.04822469528351881,0.04853149327671621,1.2806963396144682,0,57.666666666666664,62.5,-0.07272727272727274,0.591953097028285,-0.10007088428141059,-4.833333333333336,H,2
1839,2008-08-23,2008/2009,Liverpool,Middlesbrough,3.0,3.0,1.6726973098164974,1.077605558524853,1.0,1.0,1.2806963396144682,0,50.833333333333336,60.0,0.0,0.591953097028285,0.0,-9.166666666666664,H,2
1840,2008-08-23,2008/2009,Tottenham Hotspur,Sunderland,0.0,0.0,1.6726973098164974,1.077605558524853,-1.0,-1.0,1.2806963396144682,0,53.333333333333336,60.0,0.0,0.591953097028285,0.0,-6.666666666666664,A,0
1844,2008-08-23,2008/2009,Fulham,Arsenal,0.0,3.0,1.6726973098164974,1.077605558524853,-1.0,1.0,1.2806963396144682,0,54.166666666666664,38.5,-3.0,0.591953097028285,-2.0,15.666666666666664,H,2
1843,2008-08-23,2008/2009,Blackburn Rovers,Hull City,3.0,3.0,1.6726973098164974,1.077605558524853,1.0,1.0,1.2806963396144682,0,59.166666666666664,65.0,0.0,0.591953097028285,0.0,-5.833333333333336,D,1
1841,2008-08-23,2008/2009,Newcastle United,Bolton Wanderers,1.0,3.0,1.6726973098164974,1.077605558524853,0.0,2.0,1.2806963396144682,0,60.833333333333336,57.5,-2.0,0.591953097028285,-2.0,3.3333333333333357,H,2
1845,2008-08-23,2008/2009,West Bromwich Albion,Everton,0.0,0.0,1.6726973098164974,1.077605558524853,-1.0,-1.0,1.2806963396144682,0,61.666666666666664,56.666666666666664,0.0,0.591953097028285,0.0,5.0,A,0
1847,2008-08-23,2008/2009,Stoke City,Aston Villa,0.0,3.0,1.6726973098164974,1.077605558524853,-2.0,2.0,1.2806963396144682,0,60.833333333333336,57.333333333333336,-3.0,0.591953097028285,-4.0,3.5,H,2
1842,2008-08-24,2008/2009,Manchester City,West Ham United,0.0,3.0,1.6726973098164974,1.077605558524853,-2.0,1.0,1.2806963396144682,0,59.166666666666664,44.833333333333336,-3.0,0.591953097028285,-3.0,14.333333333333329,H,2
1848,2008-08-24,2008/2009,Wigan Athletic,Chelsea,0.0,3.0,1.6726973098164974,1.077605558524853,-1.0,4.0,1.2806963396144682,0,60.833333333333336,57.666666666666664,-3.0,0.591953097028285,-5.0,3.1666666666666714,A,0
1846,2008-08-25,2008/2009,Portsmouth,Manchester United,0.0,1.0,1.6726973098164974,1.077605558524853,-4.0,0.0,1.2806963396144682,0,62.5,52.5,-1.0,0.591953097028285,-4.0,10.0,A,0
1956,2008-08-30,2008/2009,Bolton Wanderers,West Bromwich Albion,1.5,0.0,3.0,0.0,0.5,-1.0,1.2806963396144682,0,57.5,61.666666666666664,1.5,3.0,1.5,-4.166666666666664,D,1
1957,2008-08-30,2008/2009,Hull City,Wigan Athletic,2.0,0.0,3.0,0.0,0.5,-1.0,1.2806963396144682,0,65.0,60.833333333333336,2.0,3.0,1.5,4.166666666666664,A,0
1955,2008-08-30,2008/2009,Middlesbrough,Stoke City,1.5,1.5,3.0,0.0,0.0,-0.5,1.2806963396144682,0,60.0,60.833333333333336,0.0,3.0,0.5,-0.8333333333333357,H,2
1954,2008-08-30,2008/2009,Everton,Portsmouth,1.5,0.0,0.0,0.0,0.0,-2.5,1.2806963396144682,0,56.666666666666664,62.5,1.5,0.0,2.5,-5.833333333333336,A,0
1952,2008-08-30,2008/2009,West Ham United,Blackburn Rovers,1.5,2.0,3.0,3.0,-1.0,0.5,1.2806963396144682,0,44.833333333333336,59.166666666666664,-0.5,0.0,-1.5,-14.333333333333329,H,2
1950,2008-08-30,2008/2009,Arsenal,Newcastle United,1.5,2.0,3.0,1.0,0.0,0.5,1.2806963396144682,0,38.5,60.833333333333336,-0.5,2.0,-0.5,-22.333333333333336,H,2
1951,2008-08-31,2008/2009,Sunderland,Manchester City,1.5,1.5,0.0,0.0,0.0,0.5,1.2806963396144682,0,60.0,59.166666666666664,0.0,0.0,-0.5,0.8333333333333357,A,0
1953,2008-08-31,2008/2009,Aston Villa,Liverpool,1.5,3.0,3.0,3.0,0.5,1.0,1.2806963396144682,0,57.333333333333336,50.833333333333336,-1.5,0.0,-0.5,6.5,D,1
1958,2008-08-31,2008/2009,Chelsea,Tottenham Hotspur,3.0,0.0,3.0,0.0,2.5,-1.0,1.2806963396144682,0,57.666666666666664,53.333333333333336,3.0,3.0,3.5,4.333333333333329,D,1
2056,2008-09-13,2008/2009,Portsmouth,Middlesbrough,1.0,2.0,0.0,0.0,-0.6666666666666666,0.3333333333333333,1.2806963396144682,0,62.5,60.0,-1.0,0.0,-1.0,2.5,H,2
2055,2008-09-13,2008/2009,West Bromwich Albion,West Ham United,0.3333333333333333,2.0,0.0,0.0,-0.6666666666666666,0.3333333333333333,1.2806963396144682,0,61.666666666666664,44.833333333333336,-1.6666666666666667,0.0,-1.0,16.83333333333333,H,2
2054,2008-09-13,2008/2009,Fulham,Bolton Wanderers,1.5,1.3333333333333333,3.0,0.0,0.0,0.3333333333333333,1.2806963396144682,0,54.166666666666664,57.5,0.16666666666666674,3.0,-0.3333333333333333,-3.3333333333333357,H,2
2058,2008-09-13,2008/2009,Wigan Athletic,Sunderland,1.0,1.0,0.0,3.0,1.0,-1.0,1.2806963396144682,0,60.833333333333336,60.0,0.0,-3.0,2.0,0.8333333333333357,D,1
2052,2008-09-13,2008/2009,Manchester City,Chelsea,2.0,2.3333333333333335,3.0,3.0,1.3333333333333333,1.6666666666666667,1.2806963396144682,0,59.166666666666664,57.666666666666664,-0.3333333333333335,0.0,-0.3333333333333335,1.5,A,0
2053,2008-09-13,2008/2009,Blackburn Rovers,Arsenal,1.3333333333333333,2.0,1.0,0.0,-0.6666666666666666,1.0,1.2806963396144682,0,59.166666666666664,38.5,-0.6666666666666667,1.0,-1.6666666666666665,20.666666666666664,A,0
2051,2008-09-13,2008/2009,Newcastle United,Hull City,1.3333333333333333,1.3333333333333333,3.0,1.0,-0.6666666666666666,-1.3333333333333333,1.2806963396144682,0,60.833333333333336,65.0,0.0,2.0,0.6666666666666666,-4.166666666666664,A,0
2049,2008-09-13,2008/2009,Liverpool,Manchester United,2.3333333333333335,2.0,3.0,3.0,0.6666666666666666,0.5,1.2806963396144682,0,50.833333333333336,52.5,0.3333333333333335,0.0,0.16666666666666663,-1.6666666666666643,H,2
2057,2008-09-14,2008/2009,Stoke City,Everton,1.0,1.0,3.0,3.0,-0.6666666666666666,-1.0,1.2806963396144682,0,60.833333333333336,56.666666666666664,0.0,0.0,0.33333333333333337,4.166666666666671,A,0
2050,2008-09-15,2008/2009,Tottenham Hotspur,Aston Villa,0.3333333333333333,1.3333333333333333,0.0,0.0,-0.6666666666666666,0.3333333333333333,1.2806963396144682,0,53.333333333333336,57.333333333333336,-1.0,0.0,-1.0,-4.0,A,0
2059,2008-09-20,2008/2009,Liverpool,Stoke City,2.5,0.75,3.0,0.0,0.75,-0.75,1.2806963396144682,0,50.833333333333336,60.833333333333336,1.75,3.0,1.5,-10.0,D,1
2060,2008-09-20,2008/2009,Sunderland,Middlesbrough,1.0,1.5,0.0,0.0,-0.75,0.0,1.2806963396144682,0,60.0,60.0,-0.5,0.0,-0.75,0.0,H,2
2062,2008-09-20,2008/2009,West Ham United,Newcastle United,1.5,1.0,3.0,0.5,0.0,-0.75,1.2806963396144682,0,44.833333333333336,60.833333333333336,0.5,2.5,0.75,-16.0,H,2
2064,2008-09-20,2008/2009,Blackburn Rovers,Fulham,1.0,2.0,0.5,0.0,-1.5,0.3333333333333333,1.2806963396144682,0,59.166666666666664,54.166666666666664,-1.0,0.5,-1.8333333333333333,5.0,H,2
2065,2008-09-20,2008/2009,Bolton Wanderers,Arsenal,1.0,2.25,2.0,1.5,0.0,1.75,1.2806963396144682,0,57.5,38.5,-1.25,0.5,-1.75,19.0,A,0
2068,2008-09-21,2008/2009,Chelsea,Manchester United,2.5,1.3333333333333333,2.0,1.5,1.75,0.0,1.2806963396144682,0,57.666666666666664,52.5,1.1666666666666667,0.5,1.75,5.166666666666664,D,1
2067,2008-09-21,2008/2009,Hull City,Everton,1.75,1.5,1.5,3.0,-0.75,-0.5,1.2806963396144682,0,65.0,56.666666666666664,0.25,-1.5,-0.25,8.333333333333336,D,1
2066,2008-09-21,2008/2009,West Bromwich Albion,Aston Villa,1.0,1.75,1.5,1.5,-0.25,0.5,1.2806963396144682,0,61.666666666666664,57.333333333333336,-0.75,0.0,-0.75,4.333333333333329,A,0
2063,2008-09-21,2008/2009,Manchester City,Portsmouth,1.5,1.5,1.5,1.5,0.5,-0.25,1.2806963396144682,0,59.166666666666664,62.5,0.0,0.0,0.75,-3.3333333333333357,H,2
2061,2008-09-21,2008/2009,Tottenham Hotspur,Wigan Athletic,0.25,1.0,0.0,1.5,-0.75,0.75,1.2806963396144682,0,53.333333333333336,60.833333333333336,-0.75,-1.5,-1.5,-7.5,D,1
2069,2008-09-27,2008/2009,Manchester United,Bolton Wanderers,1.25,0.8,1.0,0.0,0.0,-0.4,1.2806963396144682,0,52.5,57.5,0.44999999999999996,1.0,0.4,-5.0,H,2
2070,2008-09-27,2008/2009,Arsenal,Hull City,2.4,1.6,3.0,2.0,1.8,-0.6,1.2806963396144682,0,38.5,65.0,0.7999999999999998,1.0,2.4,-26.5,A,0
2071,2008-09-27,2008/2009,Aston Villa,Sunderland,2.0,1.4,2.0,2.0,0.6,-0.2,1.2806963396144682,0,57.333333333333336,60.0,0.6000000000000001,0.0,0.8,-2.6666666666666643,H,2
2072,2008-09-27,2008/2009,Everton,Liverpool,1.4,2.2,0.0,2.0,-0.4,0.6,1.2806963396144682,0,56.666666666666664,50.833333333333336,-0.8000000000000003,-2.0,-1.0,5.833333333333329,A,0
2073,2008-09-27,2008/2009,Middlesbrough,West Bromwich Albion,1.2,0.8,3.0,0.5,-0.4,-0.4,1.2806963396144682,0,60.0,61.666666666666664,0.3999999999999999,2.5,0.0,-1.6666666666666643,A,0
2074,2008-09-27,2008/2009,Newcastle United,Blackburn Rovers,0.8,1.4,1.5,1.5,-1.0,-1.0,1.2806963396144682,0,60.833333333333336,59.166666666666664,-0.5999999999999999,0.0,0.0,1.6666666666666714,A,0
2075,2008-09-27,2008/2009,Fulham,West Ham United,1.5,1.8,3.0,0.0,0.0,0.4,1.2806963396144682,0,54.166666666666664,44.833333333333336,-0.30000000000000004,3.0,-0.4,9.333333333333329,A,0
2077,2008-09-27,2008/2009,Stoke City,Chelsea,0.8,2.2,1.5,3.0,-0.6,1.4,1.2806963396144682,0,60.833333333333336,57.666666666666664,-1.4000000000000001,-1.5,-2.0,3.1666666666666714,A,0
2076,2008-09-28,2008/2009,Portsmouth,Tottenham Hotspur,1.2,0.4,1.5,0.5,-1.4,-0.6,1.2806963396144682,0,62.5,53.333333333333336,0.7999999999999999,1.0,-0.7999999999999999,9.166666666666664,H,2
2078,2008-09-28,2008/2009,Wigan Athletic,Manchester City,1.0,1.8,0.5,1.5,0.6,1.6,1.2806963396144682,0,60.833333333333336,59.166666666666664,-0.8,-1.0,-1.0,1.6666666666666714,H,2
2087,2008-10-04,2008/2009,Wigan Athletic,Middlesbrough,1.6,0.6,1.3333333333333333,0.0,1.0,-0.8,1.2806963396144682,0,60.833333333333336,60.0,1.0,1.3333333333333333,1.8,0.8333333333333357,A,0
2085,2008-10-04,2008/2009,West Bromwich Albion,Fulham,1.4,1.2,1.0,0.0,0.0,-0.2,1.2806963396144682,0,61.666666666666664,54.166666666666664,0.19999999999999996,1.0,0.2,7.5,H,2
2079,2008-10-04,2008/2009,Sunderland,Arsenal,1.4,1.8,1.0,2.0,-0.2,1.4,1.2806963396144682,0,60.0,38.5,-0.40000000000000013,-1.0,-1.5999999999999999,21.5,D,1
2084,2008-10-04,2008/2009,Blackburn Rovers,Manchester United,1.4,1.6,1.3333333333333333,1.3333333333333333,-1.0,0.4,1.2806963396144682,0,59.166666666666664,52.5,-0.20000000000000018,0.0,-1.4,6.666666666666664,A,0
2080,2008-10-05,2008/2009,Tottenham Hotspur,Hull City,0.4,1.6,0.3333333333333333,2.3333333333333335,-0.8,-0.6,1.2806963396144682,0,53.333333333333336,65.0,-1.2000000000000002,-2.0,-0.20000000000000007,-11.666666666666664,A,0
2081,2008-10-05,2008/2009,West Ham United,Bolton Wanderers,1.8,0.2,3.0,0.0,0.4,-1.2,1.2806963396144682,0,44.833333333333336,57.5,1.6,3.0,1.6,-12.666666666666664,A,0
2082,2008-10-05,2008/2009,Everton,Newcastle United,1.4,0.6,0.0,0.3333333333333333,-0.6,-1.2,1.2806963396144682,0,56.666666666666664,60.833333333333336,0.7999999999999999,-0.3333333333333333,0.6,-4.166666666666671,D,1
2083,2008-10-05,2008/2009,Manchester City,Liverpool,1.8,2.2,2.0,2.3333333333333335,1.8,0.8,1.2806963396144682,0,59.166666666666664,50.833333333333336,-0.40000000000000013,-0.3333333333333335,1.0,8.333333333333329,A,0
2086,2008-10-05,2008/2009,Portsmouth,Stoke City,1.8,0.8,2.0,0.3333333333333333,-0.2,-0.6,1.2806963396144682,0,62.5,60.833333333333336,1.0,1.6666666666666667,0.39999999999999997,1.6666666666666643,H,2
2088,2008-10-05,2008/2009,Chelsea,Aston Villa,2.2,2.0,1.6666666666666667,2.0,1.0,0.4,1.2806963396144682,0,57.666666666666664,57.333333333333336,0.20000000000000018,-0.33333333333333326,0.6,0.3333333333333286,H,2
2095,2008-10-18,2008/2009,Fulham,Sunderland,1.2,1.0,2.0,1.3333333333333333,-0.2,-0.4,1.2806963396144682,0,54.166666666666664,60.0,0.19999999999999996,0.6666666666666667,0.2,-5.833333333333336,D,1
2092,2008-10-18,2008/2009,Aston Villa,Portsmouth,2.0,2.4,2.3333333333333335,1.0,0.2,0.2,1.2806963396144682,0,57.333333333333336,62.5,-0.3999999999999999,1.3333333333333335,0.0,-5.166666666666664,D,1
2093,2008-10-18,2008/2009,Middlesbrough,Chelsea,1.2,2.2,2.0,3.0,-0.4,1.2,1.2806963396144682,0,60.0,57.666666666666664,-1.0000000000000002,-1.0,-1.6,2.3333333333333357,A,0
2096,2008-10-18,2008/2009,Bolton Wanderers,Blackburn Rovers,0.8,1.2,1.3333333333333333,2.0,-0.6,-1.4,1.2806963396144682,0,57.5,59.166666666666664,-0.3999999999999999,-0.6666666666666667,0.7999999999999999,-1.6666666666666643,D,1
2091,2008-10-18,2008/2009,Liverpool,Wigan Athletic,2.2,1.6,2.3333333333333335,1.3333333333333333,0.8,1.0,1.2806963396144682,0,50.833333333333336,60.833333333333336,0.6000000000000001,1.0000000000000002,-0.19999999999999996,-10.0,H,2
2089,2008-10-18,2008/2009,Manchester United,West Bromwich Albion,2.0,2.0,2.0,1.3333333333333333,0.8,0.4,1.2806963396144682,0,52.5,61.666666666666664,0.0,0.6666666666666667,0.4,-9.166666666666664,H,2
2090,2008-10-18,2008/2009,Arsenal,Everton,2.0,1.0,2.0,2.3333333333333335,1.6,-0.8,1.2806963396144682,0,38.5,56.666666666666664,1.0,-0.3333333333333335,2.4000000000000004,-18.166666666666664,H,2
2097,2008-10-19,2008/2009,Hull City,West Ham United,2.0,1.8,1.3333333333333333,1.0,-0.4,0.6,1.2806963396144682,0,65.0,44.833333333333336,0.19999999999999996,0.33333333333333326,-1.0,20.166666666666664,H,2
2098,2008-10-19,2008/2009,Stoke City,Tottenham Hotspur,0.2,0.4,1.0,0.3333333333333333,-1.0,-0.8,1.2806963396144682,0,60.833333333333336,53.333333333333336,-0.2,0.6666666666666667,-0.19999999999999996,7.5,H,2
2094,2008-10-20,2008/2009,Newcastle United,Manchester City,0.2,1.2,1.0,1.0,-1.4,1.0,1.2806963396144682,0,60.833333333333336,59.166666666666664,-1.0,0.0,-2.4,1.6666666666666714,D,1
2099,2008-10-25,2008/2009,Sunderland,Newcastle United,1.2,0.4,1.0,0.5,0.2,-0.8,1.2806963396144682,0,60.0,60.833333333333336,0.7999999999999999,0.5,1.0,-0.8333333333333357,H,2
2102,2008-10-25,2008/2009,Everton,Manchester United,1.0,2.0,0.25,1.75,-0.6,1.4,1.2806963396144682,0,56.666666666666664,52.5,-1.0,-1.5,-2.0,4.166666666666664,D,1
2104,2008-10-25,2008/2009,Blackburn Rovers,Middlesbrough,1.4,0.6,1.0,0.75,-0.8,-1.6,1.2806963396144682,0,59.166666666666664,60.0,0.7999999999999999,0.25,0.8,-0.8333333333333357,D,1
2105,2008-10-25,2008/2009,West Bromwich Albion,Hull City,1.8,2.6,1.5,2.5,-0.4,0.8,1.2806963396144682,0,61.666666666666664,65.0,-0.8,-1.0,-1.2000000000000002,-3.3333333333333357,A,0
2108,2008-10-26,2008/2009,Chelsea,Liverpool,2.6,2.6,2.0,2.5,2.2,1.0,1.2806963396144682,0,57.666666666666664,50.833333333333336,0.0,-0.5,1.2000000000000002,6.833333333333329,A,0
2107,2008-10-26,2008/2009,Wigan Athletic,Aston Villa,1.0,2.0,1.0,1.5,-0.2,0.2,1.2806963396144682,0,60.833333333333336,57.333333333333336,-1.0,-0.5,-0.4,3.5,A,0
2106,2008-10-26,2008/2009,Portsmouth,Fulham,2.0,0.8,2.25,0.0,-0.4,-0.4,1.2806963396144682,0,62.5,54.166666666666664,1.2,2.25,0.0,8.333333333333336,D,1
2100,2008-10-26,2008/2009,Tottenham Hotspur,Bolton Wanderers,0.2,0.8,0.25,0.75,-1.0,-0.6,1.2806963396144682,0,53.333333333333336,57.5,-0.6000000000000001,-0.5,-0.4,-4.166666666666664,H,2
2101,2008-10-26,2008/2009,West Ham United,Arsenal,1.2,2.0,2.25,1.75,-0.2,1.4,1.2806963396144682,0,44.833333333333336,38.5,-0.8,0.5,-1.5999999999999999,6.333333333333336,A,0
2103,2008-10-26,2008/2009,Manchester City,Stoke City,0.8,0.8,1.5,0.25,0.4,-0.6,1.2806963396144682,0,59.166666666666664,60.833333333333336,0.0,1.25,1.0,-1.6666666666666714,H,2
1747,2008-10-28,2008/2009,Newcastle United,West Bromwich Albion,0.4,1.2,1.0,1.0,-0.8,-1.2,1.2806963396144682,0,60.833333333333336,61.666666666666664,-0.7999999999999999,0.0,0.3999999999999999,-0.8333333333333286,H,2
1748,2008-10-29,2008/2009,Fulham,Wigan Athletic,0.4,0.8,1.75,1.0,-0.6,-1.0,1.2806963396144682,0,54.166666666666664,60.833333333333336,-0.4,0.75,0.4,-6.666666666666671,H,2
1741,2008-10-29,2008/2009,Middlesbrough,Manchester City,0.8,1.4,1.5,1.0,-1.4,1.4,1.2806963396144682,0,60.0,59.166666666666664,-0.5999999999999999,0.5,-2.8,0.8333333333333357,H,2
1739,2008-10-29,2008/2009,Manchester United,West Ham United,2.2,1.2,2.3333333333333335,0.75,1.6,-0.4,1.2806963396144682,0,52.5,44.833333333333336,1.0000000000000002,1.5833333333333335,2.0,7.666666666666664,H,2
1744,2008-10-29,2008/2009,Stoke City,Sunderland,0.8,1.6,1.5,1.25,-1.0,0.4,1.2806963396144682,0,60.833333333333336,60.0,-0.8,0.25,-1.4,0.8333333333333357,H,2
1740,2008-10-29,2008/2009,Arsenal,Tottenham Hotspur,2.0,0.8,2.25,0.25,1.0,-0.4,1.2806963396144682,0,38.5,53.333333333333336,1.2,2.0,1.4,-14.833333333333336,D,1
1742,2008-10-29,2008/2009,Bolton Wanderers,Everton,0.8,0.6,1.25,1.75,-0.8,-0.8,1.2806963396144682,0,57.5,56.666666666666664,0.20000000000000007,-0.5,0.0,0.8333333333333357,A,0
1743,2008-10-29,2008/2009,Hull City,Chelsea,2.6,2.0,1.75,3.0,1.2,1.6,1.2806963396144682,0,65.0,57.666666666666664,0.6000000000000001,-1.25,-0.40000000000000013,7.333333333333336,A,0
1745,2008-10-29,2008/2009,Liverpool,Portsmouth,2.6,1.6,2.5,1.0,1.0,-0.6,1.2806963396144682,0,50.833333333333336,62.5,1.0,1.5,1.6,-11.666666666666664,H,2
1746,2008-10-29,2008/2009,Aston Villa,Blackburn Rovers,2.0,1.6,2.0,1.75,0.8,0.0,1.2806963396144682,0,57.333333333333336,59.166666666666664,0.3999999999999999,0.25,0.8,-1.8333333333333286,H,2
1758,2008-11-01,2008/2009,Chelsea,Sunderland,2.4,1.0,1.6,1.0,2.2,-0.2,1.2806963396144682,0,57.666666666666664,60.0,1.4,0.6000000000000001,2.4000000000000004,-2.3333333333333357,H,2
1756,2008-11-01,2008/2009,Portsmouth,Wigan Athletic,1.6,0.6,2.0,0.8,0.4,-1.4,1.2806963396144682,0,62.5,60.833333333333336,1.0,1.2,1.7999999999999998,1.6666666666666643,A,0
1755,2008-11-01,2008/2009,West Bromwich Albion,Blackburn Rovers,1.2,1.0,1.2,1.4,-1.2,-0.4,1.2806963396144682,0,61.666666666666664,59.166666666666664,0.19999999999999996,-0.19999999999999996,-0.7999999999999999,2.5,D,1
1757,2008-11-01,2008/2009,Stoke City,Arsenal,1.2,1.6,1.8,2.0,-0.8,0.6,1.2806963396144682,0,60.833333333333336,38.5,-0.40000000000000013,-0.19999999999999996,-1.4,22.333333333333336,H,2
1751,2008-11-01,2008/2009,Everton,Fulham,1.0,1.0,0.4,0.25,-0.6,0.0,1.2806963396144682,0,56.666666666666664,54.166666666666664,0.0,0.15000000000000002,-0.6,2.5,H,2
1750,2008-11-01,2008/2009,Tottenham Hotspur,Liverpool,0.8,3.0,0.8,2.6,-0.4,1.2,1.2806963396144682,0,53.333333333333336,50.833333333333336,-2.2,-1.8,-1.6,2.5,H,2
1749,2008-11-01,2008/2009,Manchester United,Hull City,2.6,2.4,2.5,2.6,2.0,0.6,1.2806963396144682,0,52.5,65.0,0.20000000000000018,-0.10000000000000009,1.4,-12.5,H,2
1752,2008-11-01,2008/2009,Middlesbrough,West Ham United,1.4,0.6,1.8,0.6,-0.6,-1.2,1.2806963396144682,0,60.0,44.833333333333336,0.7999999999999999,1.2000000000000002,0.6,15.166666666666664,D,1
1754,2008-11-02,2008/2009,Bolton Wanderers,Manchester City,0.8,0.8,1.0,0.8,-0.6,-0.2,1.2806963396144682,0,57.5,59.166666666666664,0.0,0.19999999999999996,-0.39999999999999997,-1.6666666666666643,H,2
1753,2008-11-03,2008/2009,Newcastle United,Aston Villa,1.0,2.0,1.4,1.8,-0.2,0.8,1.2806963396144682,0,60.833333333333336,57.333333333333336,-1.0,-0.40000000000000013,-1.0,3.5,H,2
1759,2008-11-08,2008/2009,Arsenal,Manchester United,1.6,2.6,2.0,1.6,0.6,1.8,1.2806963396144682,0,38.5,52.5,-1.0,0.3999999999999999,-1.2000000000000002,-14.0,H,2
1760,2008-11-08,2008/2009,Liverpool,West Bromwich Albion,2.4,0.8,2.6,0.8,0.6,-1.4,1.2806963396144682,0,50.833333333333336,61.666666666666664,1.5999999999999999,1.8,2.0,-10.833333333333329,H,2
1761,2008-11-08,2008/2009,Sunderland,Portsmouth,1.0,1.0,1.4,0.8,-1.0,-0.2,1.2806963396144682,0,60.0,62.5,0.0,0.5999999999999999,-0.8,-2.5,A,0
1762,2008-11-08,2008/2009,West Ham United,Everton,0.2,1.6,1.8,2.0,-1.4,0.0,1.2806963396144682,0,44.833333333333336,56.666666666666664,-1.4000000000000001,-0.19999999999999996,-1.4,-11.833333333333329,A,0
1767,2008-11-08,2008/2009,Hull City,Bolton Wanderers,1.8,1.4,1.4,0.6,0.2,0.2,1.2806963396144682,0,65.0,57.5,0.40000000000000013,0.7999999999999999,0.0,7.5,A,0
1768,2008-11-08,2008/2009,Wigan Athletic,Stoke City,0.6,1.8,0.8,0.2,-1.4,-0.2,1.2806963396144682,0,60.833333333333336,60.833333333333336,-1.2000000000000002,0.6000000000000001,-1.2,0.0,D,1
1766,2008-11-09,2008/2009,Fulham,Newcastle United,1.0,1.6,2.0,0.4,0.0,0.4,1.2806963396144682,0,54.166666666666664,60.833333333333336,-0.6000000000000001,1.6,-0.4,-6.666666666666671,H,2
1765,2008-11-09,2008/2009,Blackburn Rovers,Chelsea,0.6,2.4,1.0,3.0,-0.6,2.8,1.2806963396144682,0,59.166666666666664,57.666666666666664,-1.7999999999999998,-2.0,-3.4,1.5,A,0
1764,2008-11-09,2008/2009,Manchester City,Tottenham Hotspur,0.8,1.4,1.8,0.4,-0.4,0.2,1.2806963396144682,0,59.166666666666664,53.333333333333336,-0.5999999999999999,1.4,-0.6000000000000001,5.833333333333329,A,0
1763,2008-11-09,2008/2009,Aston Villa,Middlesbrough,1.4,1.6,2.2,0.8,0.2,-0.4,1.2806963396144682,0,57.333333333333336,60.0,-0.20000000000000018,1.4000000000000001,0.6000000000000001,-2.6666666666666643,A,0
1769,2008-11-15,2008/2009,Manchester United,Stoke City,2.0,2.0,2.6,0.4,1.2,0.0,1.2806963396144682,0,52.5,60.833333333333336,0.0,2.2,1.2,-8.333333333333336,H,2
1770,2008-11-15,2008/2009,Arsenal,Aston Villa,2.0,1.4,2.0,1.8,0.8,0.4,1.2806963396144682,0,38.5,57.333333333333336,0.6000000000000001,0.19999999999999996,0.4,-18.833333333333336,A,0
1771,2008-11-15,2008/2009,West Ham United,Portsmouth,0.2,1.0,1.2,1.4,-1.4,-0.2,1.2806963396144682,0,44.833333333333336,62.5,-0.8,-0.19999999999999996,-1.2,-17.666666666666664,D,1
1773,2008-11-15,2008/2009,Newcastle United,Wigan Athletic,1.4,0.8,1.4,1.4,0.2,-1.2,1.2806963396144682,0,60.833333333333336,60.833333333333336,0.5999999999999999,0.0,1.4,0.0,D,1
1774,2008-11-15,2008/2009,Blackburn Rovers,Sunderland,0.6,0.8,0.8,0.4,-0.6,-1.2,1.2806963396144682,0,59.166666666666664,60.0,-0.20000000000000007,0.4,0.6,-0.8333333333333357,A,0
1775,2008-11-15,2008/2009,Fulham,Tottenham Hotspur,1.6,2.0,2.0,1.0,0.4,0.6,1.2806963396144682,0,54.166666666666664,53.333333333333336,-0.3999999999999999,1.0,-0.19999999999999996,0.8333333333333286,H,2
1776,2008-11-15,2008/2009,Bolton Wanderers,Liverpool,1.4,2.4,1.0,2.0,0.0,1.0,1.2806963396144682,0,57.5,50.833333333333336,-1.0,-1.0,-1.0,6.666666666666664,A,0
1777,2008-11-15,2008/2009,West Bromwich Albion,Chelsea,0.2,2.4,1.4,3.0,-2.2,2.8,1.2806963396144682,0,61.666666666666664,57.666666666666664,-2.1999999999999997,-1.6,-5.0,4.0,A,0
1778,2008-11-16,2008/2009,Hull City,Manchester City,1.2,0.8,0.8,0.8,-0.2,-0.4,1.2806963396144682,0,65.0,59.166666666666664,0.3999999999999999,0.0,0.2,5.833333333333336,D,1
1772,2008-11-16,2008/2009,Everton,Middlesbrough,2.0,1.6,1.0,1.4,0.4,-0.4,1.2806963396144682,0,56.666666666666664,60.0,0.3999999999999999,-0.3999999999999999,0.8,-3.3333333333333357,D,1
1779,2008-11-22,2008/2009,Liverpool,Fulham,2.4,2.0,2.6,0.2,1.2,0.6,1.2806963396144682,0,50.833333333333336,54.166666666666664,0.3999999999999999,2.4,0.6,-3.3333333333333286,D,1
1782,2008-11-22,2008/2009,Aston Villa,Manchester United,1.8,2.0,1.6,1.0,0.8,1.4,1.2806963396144682,0,57.333333333333336,52.5,-0.19999999999999996,0.6000000000000001,-0.5999999999999999,4.833333333333336,D,1
1783,2008-11-22,2008/2009,Middlesbrough,Bolton Wanderers,1.8,1.2,1.4,1.2,0.6,-0.4,1.2806963396144682,0,60.0,57.5,0.6000000000000001,0.19999999999999996,1.0,2.5,A,0
1784,2008-11-22,2008/2009,Manchester City,Arsenal,0.8,1.4,1.2,2.0,-0.4,0.0,1.2806963396144682,0,59.166666666666664,38.5,-0.5999999999999999,-0.8,-0.4,20.666666666666664,H,2
1785,2008-11-22,2008/2009,Portsmouth,Hull City,1.0,0.8,2.0,2.4,-0.2,-0.4,1.2806963396144682,0,62.5,65.0,0.19999999999999996,-0.3999999999999999,0.2,-2.5,D,1
1786,2008-11-22,2008/2009,Stoke City,West Bromwich Albion,1.4,0.2,1.8,0.8,-1.2,-2.0,1.2806963396144682,0,60.833333333333336,61.666666666666664,1.2,1.0,0.8,-0.8333333333333286,H,2
1788,2008-11-22,2008/2009,Chelsea,Newcastle United,2.4,1.4,1.6,0.2,2.4,0.2,1.2806963396144682,0,57.666666666666664,60.833333333333336,1.0,1.4000000000000001,2.1999999999999997,-3.1666666666666714,D,1
1780,2008-11-23,2008/2009,Sunderland,West Ham United,1.2,0.4,1.4,0.8,-1.0,-1.2,1.2806963396144682,0,60.0,44.833333333333336,0.7999999999999999,0.5999999999999999,0.19999999999999996,15.166666666666664,A,0
1781,2008-11-23,2008/2009,Tottenham Hotspur,Blackburn Rovers,2.0,0.4,1.4,1.0,0.6,-0.8,1.2806963396144682,0,53.333333333333336,59.166666666666664,1.6,0.3999999999999999,1.4,-5.833333333333329,H,2
1787,2008-11-24,2008/2009,Wigan Athletic,Everton,1.0,2.2,1.0,2.0,-1.0,0.8,1.2806963396144682,0,60.833333333333336,56.666666666666664,-1.2000000000000002,-1.0,-1.8,4.166666666666671,H,2
1790,2008-11-29,2008/2009,Sunderland,Bolton Wanderers,0.6,1.8,1.4,1.8,-1.4,0.4,1.2806963396144682,0,60.0,57.5,-1.2000000000000002,-0.40000000000000013,-1.7999999999999998,2.5,A,0
1792,2008-11-29,2008/2009,Aston Villa,Fulham,1.4,2.0,1.6,0.4,0.0,0.6,1.2806963396144682,0,57.333333333333336,54.166666666666664,-0.6000000000000001,1.2000000000000002,-0.6,3.1666666666666714,D,1
1793,2008-11-29,2008/2009,Middlesbrough,Newcastle United,1.6,1.6,0.8,0.4,0.2,0.4,1.2806963396144682,0,60.0,60.833333333333336,0.0,0.4,-0.2,-0.8333333333333357,D,1
1796,2008-11-29,2008/2009,Stoke City,Hull City,2.0,0.4,2.4,2.0,-0.4,-1.0,1.2806963396144682,0,60.833333333333336,65.0,1.6,0.3999999999999999,0.6,-4.166666666666664,D,1
1797,2008-11-29,2008/2009,Wigan Athletic,West Bromwich Albion,1.6,0.2,1.4,0.6,0.0,-1.6,1.2806963396144682,0,60.833333333333336,61.666666666666664,1.4000000000000001,0.7999999999999999,1.6,-0.8333333333333286,H,2
1791,2008-11-30,2008/2009,Tottenham Hotspur,Everton,2.0,2.0,2.0,1.4,0.4,0.6,1.2806963396144682,0,53.333333333333336,56.666666666666664,0.0,0.6000000000000001,-0.19999999999999996,-3.3333333333333286,A,0
1794,2008-11-30,2008/2009,Manchester City,Manchester United,0.8,2.0,1.8,1.2,-0.4,1.4,1.2806963396144682,0,59.166666666666664,52.5,-1.2,0.6000000000000001,-1.7999999999999998,6.666666666666664,A,0
1795,2008-11-30,2008/2009,Portsmouth,Blackburn Rovers,1.0,0.2,1.6,1.0,-0.2,-1.0,1.2806963396144682,0,62.5,59.166666666666664,0.8,0.6000000000000001,0.8,3.3333333333333357,H,2
1798,2008-11-30,2008/2009,Chelsea,Arsenal,2.6,0.8,1.6,1.4,2.6,-1.0,1.2806963396144682,0,57.666666666666664,38.5,1.8,0.20000000000000018,3.6,19.166666666666664,A,0
1789,2008-12-01,2008/2009,Liverpool,West Ham United,2.0,1.0,2.2,1.4,1.0,-0.6,1.2806963396144682,0,50.833333333333336,44.833333333333336,1.0,0.8000000000000003,1.6,6.0,D,1
1799,2008-12-06,2008/2009,Manchester United,Sunderland,2.0,0.6,3.0,0.8,1.2,-1.8,1.2806963396144682,0,52.5,60.0,1.4,2.2,3.0,-7.5,H,2
1800,2008-12-06,2008/2009,Arsenal,Wigan Athletic,1.2,2.2,1.4,1.0,-0.8,0.6,1.2806963396144682,0,38.5,60.833333333333336,-1.0000000000000002,0.3999999999999999,-1.4,-22.333333333333336,H,2
1805,2008-12-06,2008/2009,Fulham,Manchester City,1.6,0.8,2.0,0.4,0.2,-0.2,1.2806963396144682,0,54.166666666666664,59.166666666666664,0.8,1.6,0.4,-5.0,D,1
1804,2008-12-06,2008/2009,Blackburn Rovers,Liverpool,0.2,1.6,0.8,2.4,-1.0,0.8,1.2806963396144682,0,59.166666666666664,50.833333333333336,-1.4000000000000001,-1.5999999999999999,-1.8,8.333333333333329,A,0
1803,2008-12-06,2008/2009,Newcastle United,Stoke City,1.2,1.6,1.6,0.4,0.2,-0.6,1.2806963396144682,0,60.833333333333336,60.833333333333336,-0.40000000000000013,1.2000000000000002,0.8,0.0,D,1
1806,2008-12-06,2008/2009,Bolton Wanderers,Chelsea,2.4,2.0,0.8,3.0,1.2,1.8,1.2806963396144682,0,57.5,57.666666666666664,0.3999999999999999,-2.2,-0.6000000000000001,-0.1666666666666643,A,0
1808,2008-12-06,2008/2009,Hull City,Middlesbrough,0.6,1.2,1.0,1.6,-0.4,-0.2,1.2806963396144682,0,65.0,60.0,-0.6,-0.6000000000000001,-0.2,5.0,H,2
1802,2008-12-07,2008/2009,Everton,Aston Villa,2.0,1.0,1.2,1.8,0.6,-0.2,1.2806963396144682,0,56.666666666666664,57.333333333333336,1.0,-0.6000000000000001,0.8,-0.6666666666666714,A,0
1807,2008-12-07,2008/2009,West Bromwich Albion,Portsmouth,0.2,1.6,0.8,1.0,-1.6,0.2,1.2806963396144682,0,61.666666666666664,62.5,-1.4000000000000001,-0.19999999999999996,-1.8,-0.8333333333333357,D,1
1801,2008-12-08,2008/2009,West Ham United,Tottenham Hotspur,1.2,1.8,0.8,0.8,-0.2,0.2,1.2806963396144682,0,44.833333333333336,53.333333333333336,-0.6000000000000001,0.0,-0.4,-8.5,A,0
1814,2008-12-13,2008/2009,Manchester City,Everton,1.0,1.4,1.2,1.8,0.2,0.2,1.2806963396144682,0,59.166666666666664,56.666666666666664,-0.3999999999999999,-0.6000000000000001,0.0,2.5,A,0
1817,2008-12-13,2008/2009,Wigan Athletic,Blackburn Rovers,1.6,0.0,1.4,0.4,0.2,-1.4,1.2806963396144682,0,60.833333333333336,59.166666666666664,1.6,0.9999999999999999,1.5999999999999999,1.6666666666666714,H,2
1816,2008-12-13,2008/2009,Stoke City,Fulham,1.2,1.8,2.6,0.6,-0.8,0.4,1.2806963396144682,0,60.833333333333336,54.166666666666664,-0.6000000000000001,2.0,-1.2000000000000002,6.666666666666671,D,1
1813,2008-12-13,2008/2009,Middlesbrough,Arsenal,1.0,1.8,1.0,1.4,-0.4,-0.4,1.2806963396144682,0,60.0,38.5,-0.8,-0.3999999999999999,0.0,21.5,D,1
1810,2008-12-13,2008/2009,Sunderland,West Bromwich Albion,0.6,0.2,0.8,0.0,-1.0,-1.6,1.2806963396144682,0,60.0,61.666666666666664,0.39999999999999997,0.8,0.6000000000000001,-1.6666666666666643,H,2
1811,2008-12-13,2008/2009,Tottenham Hotspur,Manchester United,1.8,2.0,1.8,1.6,0.4,1.2,1.2806963396144682,0,53.333333333333336,52.5,-0.19999999999999996,0.19999999999999996,-0.7999999999999999,0.8333333333333357,D,1
1809,2008-12-13,2008/2009,Liverpool,Hull City,2.2,1.2,2.2,1.6,1.4,0.0,1.2806963396144682,0,50.833333333333336,65.0,1.0000000000000002,0.6000000000000001,1.4,-14.166666666666664,D,1
1812,2008-12-13,2008/2009,Aston Villa,Bolton Wanderers,1.6,1.8,1.2,2.4,0.4,0.4,1.2806963396144682,0,57.333333333333336,57.5,-0.19999999999999996,-1.2,0.0,-0.1666666666666643,H,2
1815,2008-12-14,2008/2009,Portsmouth,Newcastle United,1.8,0.8,1.6,0.6,0.4,-0.2,1.2806963396144682,0,62.5,60.833333333333336,1.0,1.0,0.6000000000000001,1.6666666666666643,A,0
1818,2008-12-14,2008/2009,Chelsea,West Ham United,2.0,1.0,1.4,1.0,1.2,-0.6,1.2806963396144682,0,57.666666666666664,44.833333333333336,1.0,0.3999999999999999,1.7999999999999998,12.833333333333329,D,1
1821,2008-12-20,2008/2009,West Ham United,Aston Villa,1.2,2.2,0.2,1.8,-0.2,1.0,1.2806963396144682,0,44.833333333333336,57.333333333333336,-1.0000000000000002,-1.6,-1.2,-12.5,A,0
1824,2008-12-20,2008/2009,Blackburn Rovers,Stoke City,0.0,1.2,0.2,0.4,-1.6,-0.8,1.2806963396144682,0,59.166666666666664,60.833333333333336,-1.2,-0.2,-0.8,-1.6666666666666714,H,2
1825,2008-12-20,2008/2009,Fulham,Middlesbrough,1.4,0.6,2.2,1.6,0.2,-0.6,1.2806963396144682,0,54.166666666666664,60.0,0.7999999999999999,0.6000000000000001,0.8,-5.833333333333336,H,2
1826,2008-12-20,2008/2009,Bolton Wanderers,Portsmouth,1.2,1.2,0.8,1.2,-0.2,-0.4,1.2806963396144682,0,57.5,62.5,0.0,-0.3999999999999999,0.2,-5.0,H,2
1828,2008-12-20,2008/2009,Hull City,Sunderland,1.4,1.2,1.4,0.8,0.2,0.0,1.2806963396144682,0,65.0,60.0,0.19999999999999996,0.5999999999999999,0.2,5.0,A,0
1820,2008-12-21,2008/2009,Arsenal,Liverpool,1.4,1.8,2.0,2.4,-0.6,0.8,1.2806963396144682,0,38.5,50.833333333333336,-0.40000000000000013,-0.3999999999999999,-1.4,-12.333333333333336,D,1
1823,2008-12-21,2008/2009,Newcastle United,Tottenham Hotspur,1.4,1.4,1.8,1.4,0.6,0.2,1.2806963396144682,0,60.833333333333336,53.333333333333336,0.0,0.40000000000000013,0.39999999999999997,7.5,H,2
1827,2008-12-21,2008/2009,West Bromwich Albion,Manchester City,0.2,1.0,1.0,0.6,-1.8,0.2,1.2806963396144682,0,61.666666666666664,59.166666666666664,-0.8,0.4,-2.0,2.5,H,2
1822,2008-12-22,2008/2009,Everton,Chelsea,1.4,1.6,1.2,3.0,0.0,0.8,1.2806963396144682,0,56.666666666666664,57.666666666666664,-0.20000000000000018,-1.8,-0.8,-1.0,D,1
1838,2008-12-26,2008/2009,Chelsea,West Bromwich Albion,1.2,0.8,1.0,0.0,0.2,-1.0,3.0,1,57.666666666666664,61.666666666666664,0.3999999999999999,1.0,1.2,-4.0,H,2
1836,2008-12-26,2008/2009,Stoke City,Manchester United,1.2,2.2,2.2,1.2,-0.4,1.4,0.0,1,60.833333333333336,52.5,-1.0000000000000002,1.0000000000000002,-1.7999999999999998,8.333333333333336,A,0
1835,2008-12-26,2008/2009,Portsmouth,West Ham United,1.0,1.0,1.0,1.2,-0.6,-0.4,1.0,1,62.5,44.833333333333336,0.0,-0.19999999999999996,-0.19999999999999996,17.666666666666664,A,0
1834,2008-12-26,2008/2009,Manchester City,Hull City,0.8,1.2,1.2,1.2,0.0,-0.4,1.0,1,59.166666666666664,65.0,-0.3999999999999999,0.0,0.4,-5.833333333333336,H,2
1837,2008-12-26,2008/2009,Wigan Athletic,Newcastle United,2.0,1.8,2.0,1.0,0.8,0.8,1.0,1,60.833333333333336,60.833333333333336,0.19999999999999996,1.0,0.0,0.0,H,2
1832,2008-12-26,2008/2009,Aston Villa,Arsenal,2.2,1.6,1.6,1.4,0.8,-0.2,3.0,1,57.333333333333336,38.5,0.6000000000000001,0.20000000000000018,1.0,18.833333333333336,D,1
1829,2008-12-26,2008/2009,Liverpool,Bolton Wanderers,1.4,1.8,1.8,1.8,0.4,0.4,3.0,1,50.833333333333336,57.5,-0.40000000000000013,0.0,0.0,-6.666666666666664,H,2
1831,2008-12-26,2008/2009,Tottenham Hotspur,Fulham,1.4,1.4,2.0,0.8,0.2,0.6,0.0,1,53.333333333333336,54.166666666666664,0.0,1.2,-0.39999999999999997,-0.8333333333333286,D,1
1833,2008-12-26,2008/2009,Middlesbrough,Everton,0.4,1.4,1.2,2.4,-1.2,0.0,1.0,1,60.0,56.666666666666664,-0.9999999999999999,-1.2,-1.2,3.3333333333333357,A,0
1830,2008-12-26,2008/2009,Sunderland,Blackburn Rovers,1.2,0.6,1.2,0.2,0.4,-0.8,3.0,1,60.0,59.166666666666664,0.6,1.0,1.2000000000000002,0.8333333333333357,D,1
1857,2008-12-28,2008/2009,West Bromwich Albion,Tottenham Hotspur,0.8,1.0,1.0,1.4,-1.2,0.0,1.2806963396144682,0,61.666666666666664,53.333333333333336,-0.19999999999999996,-0.3999999999999999,-1.2,8.333333333333329,H,2
1855,2008-12-28,2008/2009,Fulham,Chelsea,1.4,1.6,2.6,2.6,0.6,0.6,1.2806963396144682,0,54.166666666666664,57.666666666666664,-0.20000000000000018,0.0,0.0,-3.5,D,1
1854,2008-12-28,2008/2009,Blackburn Rovers,Manchester City,0.8,0.8,0.8,0.4,-0.6,0.2,1.2806963396144682,0,59.166666666666664,59.166666666666664,0.0,0.4,-0.8,0.0,D,1
1856,2008-12-28,2008/2009,Bolton Wanderers,Wigan Athletic,1.2,2.4,1.2,0.8,-0.6,1.0,1.2806963396144682,0,57.5,60.833333333333336,-1.2,0.3999999999999999,-1.6,-3.3333333333333357,A,0
1852,2008-12-28,2008/2009,Everton,Sunderland,2.0,1.4,1.2,1.2,0.4,0.6,1.2806963396144682,0,56.666666666666664,60.0,0.6000000000000001,0.0,-0.19999999999999996,-3.3333333333333357,H,2
1851,2008-12-28,2008/2009,West Ham United,Stoke City,1.0,0.6,0.2,0.4,0.0,-0.8,1.2806963396144682,0,44.833333333333336,60.833333333333336,0.4,-0.2,0.8,-16.0,H,2
1850,2008-12-28,2008/2009,Arsenal,Portsmouth,1.8,0.8,1.6,1.0,0.4,-1.2,1.2806963396144682,0,38.5,62.5,1.0,0.6000000000000001,1.6,-24.0,H,2
1853,2008-12-28,2008/2009,Newcastle United,Liverpool,1.6,1.8,2.2,2.0,0.6,1.0,1.2806963396144682,0,60.833333333333336,50.833333333333336,-0.19999999999999996,0.20000000000000018,-0.4,10.0,A,0
1849,2008-12-29,2008/2009,Manchester United,Middlesbrough,2.2,0.4,3.0,1.0,0.6,-1.0,1.2806963396144682,0,52.5,60.0,1.8000000000000003,2.0,1.6,-7.5,H,2
1858,2008-12-30,2008/2009,Hull City,Aston Villa,1.0,2.2,0.8,2.4,-1.2,0.8,1.2806963396144682,0,65.0,57.333333333333336,-1.2000000000000002,-1.5999999999999999,-2.0,7.666666666666664,A,0
1860,2009-01-10,2008/2009,Arsenal,Bolton Wanderers,1.8,0.6,2.0,1.8,0.4,-1.4,3.0,1,38.5,57.5,1.2000000000000002,0.19999999999999996,1.7999999999999998,-19.0,H,2
1861,2009-01-10,2008/2009,Aston Villa,West Bromwich Albion,2.6,1.4,1.2,0.0,1.0,-0.6,3.0,1,57.333333333333336,61.666666666666664,1.2000000000000002,1.2,1.6,-4.333333333333329,H,2
1862,2009-01-10,2008/2009,Everton,Hull City,2.0,0.8,1.6,0.6,0.8,-1.4,1.0,1,56.666666666666664,65.0,1.2,1.0,2.2,-8.333333333333336,H,2
1863,2009-01-10,2008/2009,Middlesbrough,Sunderland,0.2,1.4,0.6,1.2,-1.2,0.6,0.0,1,60.0,60.0,-1.2,-0.6,-1.7999999999999998,0.0,D,1
1864,2009-01-10,2008/2009,Newcastle United,West Ham United,1.4,1.4,1.6,1.8,-0.2,0.2,0.0,1,60.833333333333336,44.833333333333336,0.0,-0.19999999999999996,-0.4,16.0,D,1
1867,2009-01-10,2008/2009,Stoke City,Liverpool,0.4,2.2,1.6,2.0,-1.0,1.8,1.0,1,60.833333333333336,50.833333333333336,-1.8000000000000003,-0.3999999999999999,-2.8,10.0,D,1
1859,2009-01-11,2008/2009,Manchester United,Chelsea,2.6,1.8,3.0,2.2,0.8,0.8,1.0,1,52.5,57.666666666666664,0.8,0.7999999999999998,0.0,-5.166666666666664,H,2
1868,2009-01-11,2008/2009,Wigan Athletic,Tottenham Hotspur,2.4,1.0,2.6,1.2,1.0,-0.2,1.0,1,60.833333333333336,53.333333333333336,1.4,1.4000000000000001,1.2,7.5,H,2
1819,2009-01-14,2008/2009,Manchester United,Wigan Athletic,2.6,2.4,3.0,1.4,1.2,1.0,1.2806963396144682,0,52.5,60.833333333333336,0.20000000000000018,1.6,0.19999999999999996,-8.333333333333336,H,2
1870,2009-01-17,2008/2009,Sunderland,Aston Villa,1.6,2.6,0.8,2.4,0.8,1.0,0.0,1,60.0,57.333333333333336,-1.0,-1.5999999999999999,-0.19999999999999996,2.6666666666666643,A,0
1873,2009-01-17,2008/2009,Manchester City,Wigan Athletic,1.0,2.4,1.2,1.4,0.4,1.0,0.0,1,59.166666666666664,60.833333333333336,-1.4,-0.19999999999999996,-0.6,-1.6666666666666714,H,2
1874,2009-01-17,2008/2009,Blackburn Rovers,Newcastle United,1.0,1.4,0.8,1.0,-0.4,-0.2,3.0,1,59.166666666666664,60.833333333333336,-0.3999999999999999,-0.19999999999999996,-0.2,-1.6666666666666714,H,2
1875,2009-01-17,2008/2009,Bolton Wanderers,Manchester United,0.6,2.6,1.2,1.6,-1.2,1.2,0.0,1,57.5,52.5,-2.0,-0.40000000000000013,-2.4,5.0,A,0
1876,2009-01-17,2008/2009,West Bromwich Albion,Middlesbrough,1.2,0.4,1.6,0.8,-0.8,-1.0,3.0,1,61.666666666666664,60.0,0.7999999999999999,0.8,0.19999999999999996,1.6666666666666643,H,2
1877,2009-01-17,2008/2009,Hull City,Arsenal,0.2,1.8,0.8,1.0,-2.0,0.4,3.0,1,65.0,38.5,-1.6,-0.19999999999999996,-2.4,26.5,A,0
1878,2009-01-17,2008/2009,Chelsea,Stoke City,1.2,0.4,1.6,0.4,-0.2,-1.0,3.0,1,57.666666666666664,60.833333333333336,0.7999999999999999,1.2000000000000002,0.8,-3.1666666666666714,H,2
1871,2009-01-18,2008/2009,Tottenham Hotspur,Portsmouth,0.4,0.2,1.6,1.0,-0.8,-1.6,0.0,1,53.333333333333336,62.5,0.2,0.6000000000000001,0.8,-9.166666666666664,D,1
1872,2009-01-18,2008/2009,West Ham United,Fulham,1.6,1.4,0.8,0.8,0.6,0.6,3.0,1,44.833333333333336,54.166666666666664,0.20000000000000018,0.0,0.0,-9.333333333333329,H,2
1869,2009-01-19,2008/2009,Liverpool,Everton,1.8,2.6,1.8,2.4,1.4,1.4,3.0,1,50.833333333333336,56.666666666666664,-0.8,-0.5999999999999999,0.0,-5.833333333333329,D,1
1883,2009-01-27,2008/2009,Portsmouth,Aston Villa,0.2,2.6,0.8,3.0,-1.6,0.8,1.0,1,62.5,57.333333333333336,-2.4,-2.2,-2.4000000000000004,5.166666666666664,A,0
1882,2009-01-27,2008/2009,West Bromwich Albion,Manchester United,1.8,3.0,2.0,2.2,0.6,1.4,0.0,1,61.666666666666664,52.5,-1.2,-0.20000000000000018,-0.7999999999999999,9.166666666666664,A,0
1880,2009-01-27,2008/2009,Tottenham Hotspur,Stoke City,0.4,0.2,1.2,0.2,-0.8,-1.2,0.0,1,53.333333333333336,60.833333333333336,0.2,1.0,0.3999999999999999,-7.5,H,2
1879,2009-01-27,2008/2009,Sunderland,Fulham,1.0,1.2,0.8,0.8,-0.2,0.2,1.0,1,60.0,54.166666666666664,-0.19999999999999996,0.0,-0.4,5.833333333333336,H,2
1881,2009-01-28,2008/2009,West Ham United,Hull City,2.0,0.0,1.4,0.6,1.0,-2.4,0.0,1,44.833333333333336,65.0,2.0,0.7999999999999999,3.4,-20.166666666666664,H,2
1884,2009-01-28,2008/2009,Wigan Athletic,Liverpool,1.8,1.8,3.0,2.2,0.2,1.4,0.0,1,60.833333333333336,50.833333333333336,0.0,0.7999999999999998,-1.2,10.0,D,1
1885,2009-01-28,2008/2009,Everton,Arsenal,2.2,2.2,1.6,1.6,1.2,0.8,0.0,1,56.666666666666664,38.5,0.0,0.0,0.3999999999999999,18.166666666666664,D,1
1886,2009-01-28,2008/2009,Manchester City,Newcastle United,1.4,0.8,1.8,1.0,0.6,-1.4,1.0,1,59.166666666666664,60.833333333333336,0.5999999999999999,0.8,2.0,-1.6666666666666714,H,2
1887,2009-01-28,2008/2009,Blackburn Rovers,Bolton Wanderers,1.6,0.6,1.4,1.2,0.6,-1.0,1.0,1,59.166666666666664,57.5,1.0,0.19999999999999996,1.6,1.6666666666666643,D,1
1888,2009-01-28,2008/2009,Chelsea,Middlesbrough,1.6,0.2,1.6,0.2,0.0,-1.6,3.0,1,57.666666666666664,60.0,1.4000000000000001,1.4000000000000001,1.6,-2.3333333333333357,H,2
1898,2009-01-31,2008/2009,Stoke City,Manchester City,0.2,2.0,1.2,0.6,-1.0,1.0,0.0,1,60.833333333333336,59.166666666666664,-1.8,0.6,-2.0,1.6666666666666714,H,2
1897,2009-01-31,2008/2009,Hull City,West Bromwich Albion,0.0,1.2,0.8,0.0,-2.2,-0.6,3.0,1,65.0,61.666666666666664,-1.2,0.8,-1.6,3.3333333333333357,D,1
1896,2009-01-31,2008/2009,Bolton Wanderers,Tottenham Hotspur,0.2,1.0,0.6,0.6,-1.2,-0.2,0.0,1,57.5,53.333333333333336,-0.8,0.0,-1.0,4.166666666666664,H,2
1895,2009-01-31,2008/2009,Fulham,Portsmouth,1.0,0.2,2.2,0.6,0.0,-1.2,1.0,1,54.166666666666664,62.5,0.8,1.6,1.2,-8.333333333333336,H,2
1893,2009-01-31,2008/2009,Middlesbrough,Blackburn Rovers,0.2,1.8,0.6,0.4,-1.4,1.2,1.0,1,60.0,59.166666666666664,-1.6,0.19999999999999996,-2.5999999999999996,0.8333333333333357,D,1
1892,2009-01-31,2008/2009,Aston Villa,Wigan Athletic,2.6,1.4,1.8,0.8,0.8,0.0,3.0,1,57.333333333333336,60.833333333333336,1.2000000000000002,1.0,0.8,-3.5,D,1
1890,2009-01-31,2008/2009,Arsenal,West Ham United,2.2,2.6,2.0,1.8,0.8,1.6,3.0,1,38.5,44.833333333333336,-0.3999999999999999,0.19999999999999996,-0.8,-6.333333333333336,D,1
1889,2009-01-31,2008/2009,Manchester United,Everton,3.0,2.2,3.0,2.0,2.2,1.2,1.0,1,52.5,56.666666666666664,0.7999999999999998,1.0,1.0000000000000002,-4.166666666666664,H,2
1891,2009-02-01,2008/2009,Liverpool,Chelsea,1.8,2.0,1.4,1.6,1.4,0.4,3.0,1,50.833333333333336,57.666666666666664,-0.19999999999999996,-0.20000000000000018,0.9999999999999999,-6.833333333333329,H,2
1894,2009-02-01,2008/2009,Newcastle United,Sunderland,0.2,1.0,1.2,1.4,-1.8,-0.6,0.0,1,60.833333333333336,60.0,-0.8,-0.19999999999999996,-1.2000000000000002,0.8333333333333357,D,1
1906,2009-02-07,2008/2009,Portsmouth,Liverpool,0.2,1.8,0.8,1.8,-1.4,1.2,0.0,1,62.5,50.833333333333336,-1.6,-1.0,-2.5999999999999996,11.666666666666664,A,0
1905,2009-02-07,2008/2009,West Bromwich Albion,Newcastle United,1.4,0.4,2.0,0.8,-0.2,-1.6,0.0,1,61.666666666666664,60.833333333333336,0.9999999999999999,1.2,1.4000000000000001,0.8333333333333286,A,0
1908,2009-02-07,2008/2009,Chelsea,Hull City,1.4,0.2,2.0,0.4,-0.4,-1.4,3.0,1,57.666666666666664,65.0,1.2,1.6,0.9999999999999999,-7.333333333333336,D,1
1907,2009-02-07,2008/2009,Wigan Athletic,Fulham,1.0,1.0,2.6,0.6,-0.2,-0.2,0.0,1,60.833333333333336,54.166666666666664,0.0,2.0,0.0,6.666666666666671,D,1
1899,2009-02-07,2008/2009,Sunderland,Stoke City,1.0,0.8,1.4,0.2,-0.6,-0.6,0.0,1,60.0,60.833333333333336,0.19999999999999996,1.2,0.0,-0.8333333333333357,H,2
1904,2009-02-07,2008/2009,Blackburn Rovers,Aston Villa,1.4,2.6,1.6,3.0,0.6,0.8,0.0,1,59.166666666666664,57.333333333333336,-1.2000000000000002,-1.4,-0.20000000000000007,1.8333333333333286,A,0
1903,2009-02-07,2008/2009,Manchester City,Middlesbrough,2.0,0.4,1.8,0.0,1.0,-1.2,0.0,1,59.166666666666664,60.0,1.6,1.8,2.2,-0.8333333333333357,H,2
1902,2009-02-07,2008/2009,Everton,Bolton Wanderers,1.6,0.8,1.6,0.8,0.8,-0.4,3.0,1,56.666666666666664,57.5,0.8,0.8,1.2000000000000002,-0.8333333333333357,H,2
1900,2009-02-08,2008/2009,Tottenham Hotspur,Arsenal,0.8,2.2,1.2,1.8,-0.4,0.8,1.0,1,53.333333333333336,38.5,-1.4000000000000001,-0.6000000000000001,-1.2000000000000002,14.833333333333336,D,1
1901,2009-02-08,2008/2009,West Ham United,Manchester United,2.2,3.0,1.8,2.6,1.0,2.2,0.0,1,44.833333333333336,52.5,-0.7999999999999998,-0.8,-1.2000000000000002,-7.666666666666664,A,0
1866,2009-02-14,2008/2009,Portsmouth,Manchester City,0.2,2.0,0.6,0.6,-1.0,0.4,0.0,1,62.5,59.166666666666664,-1.8,0.0,-1.4,3.3333333333333357,H,2
1949,2009-02-18,2008/2009,Manchester United,Fulham,3.0,1.0,3.0,0.6,1.8,-0.2,1.2806963396144682,0,52.5,54.166666666666664,2.0,2.4,2.0,-1.6666666666666643,H,2
1916,2009-02-21,2008/2009,Bolton Wanderers,West Ham United,0.8,1.6,1.2,1.4,-0.8,0.6,3.0,1,57.5,44.833333333333336,-0.8,-0.19999999999999996,-1.4,12.666666666666664,H,2
1913,2009-02-21,2008/2009,Middlesbrough,Wigan Athletic,0.4,0.6,0.8,0.8,-1.2,-0.4,3.0,1,60.0,60.833333333333336,-0.19999999999999996,0.0,-0.7999999999999999,-0.8333333333333357,D,1
1918,2009-02-21,2008/2009,Stoke City,Portsmouth,0.8,0.8,1.2,0.4,-0.8,-0.4,0.0,1,60.833333333333336,62.5,0.0,0.7999999999999999,-0.4,-1.6666666666666643,D,1
1910,2009-02-21,2008/2009,Arsenal,Sunderland,1.8,1.6,2.2,1.0,0.6,0.4,1.0,1,38.5,60.0,0.19999999999999996,1.2000000000000002,0.19999999999999996,-21.5,D,1
1909,2009-02-21,2008/2009,Manchester United,Blackburn Rovers,3.0,1.2,3.0,0.4,2.2,0.2,3.0,1,52.5,59.166666666666664,1.8,2.6,2.0,-6.666666666666664,H,2
1912,2009-02-21,2008/2009,Aston Villa,Chelsea,2.6,1.4,1.8,1.0,1.0,-0.4,0.0,1,57.333333333333336,57.666666666666664,1.2000000000000002,0.8,1.4,-0.3333333333333286,A,0
1911,2009-02-22,2008/2009,Liverpool,Manchester City,1.8,1.8,1.8,0.4,0.6,0.0,3.0,1,50.833333333333336,59.166666666666664,0.0,1.4,0.6,-8.333333333333329,D,1
1914,2009-02-22,2008/2009,Newcastle United,Everton,1.0,1.6,1.2,2.0,-0.6,0.8,1.0,1,60.833333333333336,56.666666666666664,-0.6000000000000001,-0.8,-1.4,4.166666666666671,D,1
1915,2009-02-22,2008/2009,Fulham,West Bromwich Albion,0.8,0.8,2.2,0.2,-0.8,-0.8,0.0,1,54.166666666666664,61.666666666666664,0.0,2.0,0.0,-7.5,H,2
1917,2009-02-23,2008/2009,Hull City,Tottenham Hotspur,0.4,1.0,0.8,0.6,-1.2,0.0,3.0,1,65.0,53.333333333333336,-0.6,0.20000000000000007,-1.2,11.666666666666664,A,0
1920,2009-02-28,2008/2009,Arsenal,Fulham,1.4,1.4,1.8,0.4,0.4,0.0,0.0,1,38.5,54.166666666666664,0.0,1.4,0.4,-15.666666666666664,D,1
1924,2009-02-28,2008/2009,Everton,West Bromwich Albion,1.2,0.8,2.2,0.2,0.4,-1.0,3.0,1,56.666666666666664,61.666666666666664,0.3999999999999999,2.0,1.4,-5.0,H,2
1925,2009-02-28,2008/2009,Middlesbrough,Liverpool,0.4,1.8,0.8,1.8,-1.2,0.6,0.0,1,60.0,50.833333333333336,-1.4,-1.0,-1.7999999999999998,9.166666666666664,H,2
1928,2009-02-28,2008/2009,Chelsea,Wigan Athletic,2.0,0.8,2.2,1.0,0.4,-0.2,3.0,1,57.666666666666664,60.833333333333336,1.2,1.2000000000000002,0.6000000000000001,-3.1666666666666714,H,2
1927,2009-03-01,2008/2009,Hull City,Blackburn Rovers,0.4,1.0,0.2,0.4,-1.0,0.0,1.0,1,65.0,59.166666666666664,-0.6,-0.2,-1.0,5.833333333333336,A,0
1926,2009-03-01,2008/2009,Bolton Wanderers,Newcastle United,1.4,1.0,1.8,1.2,-0.4,-0.6,0.0,1,57.5,60.833333333333336,0.3999999999999999,0.6000000000000001,0.19999999999999996,-3.3333333333333357,H,2
1923,2009-03-01,2008/2009,Aston Villa,Stoke City,2.0,0.8,1.6,0.0,0.6,-0.8,0.0,1,57.333333333333336,60.833333333333336,1.2,1.6,1.4,-3.5,D,1
1922,2009-03-01,2008/2009,West Ham United,Manchester City,1.4,1.4,1.8,0.4,0.4,-0.2,0.0,1,44.833333333333336,59.166666666666664,0.0,1.4,0.6000000000000001,-14.333333333333329,H,2
1930,2009-03-03,2008/2009,West Bromwich Albion,Arsenal,0.2,1.0,1.8,1.4,-2.0,0.0,0.0,1,61.666666666666664,38.5,-0.8,0.40000000000000013,-2.0,23.166666666666664,A,0
1931,2009-03-03,2008/2009,Portsmouth,Chelsea,0.8,2.0,0.6,1.0,-0.4,0.4,0.0,1,62.5,57.666666666666664,-1.2,-0.4,-0.8,4.833333333333336,A,0
1934,2009-03-03,2008/2009,Liverpool,Sunderland,1.6,1.6,1.8,1.2,0.2,0.4,3.0,1,50.833333333333336,60.0,0.0,0.6000000000000001,-0.2,-9.166666666666664,H,2
1933,2009-03-04,2008/2009,Wigan Athletic,West Ham United,0.8,1.4,2.2,1.2,-0.2,0.2,0.0,1,60.833333333333336,44.833333333333336,-0.5999999999999999,1.0000000000000002,-0.4,16.0,A,0
1935,2009-03-04,2008/2009,Newcastle United,Manchester United,1.0,3.0,1.2,2.6,-0.2,2.2,1.0,1,60.833333333333336,52.5,-2.0,-1.4000000000000001,-2.4000000000000004,8.333333333333336,A,0
1936,2009-03-04,2008/2009,Manchester City,Aston Villa,0.8,1.6,2.4,3.0,-0.6,0.4,0.0,1,59.166666666666664,57.333333333333336,-0.8,-0.6000000000000001,-1.0,1.8333333333333286,H,2
1937,2009-03-04,2008/2009,Blackburn Rovers,Everton,1.0,1.6,1.6,1.6,-0.4,0.8,3.0,1,59.166666666666664,56.666666666666664,-0.6000000000000001,0.0,-1.2000000000000002,2.5,D,1
1938,2009-03-04,2008/2009,Fulham,Hull City,1.6,0.4,2.2,0.4,0.2,-0.8,0.0,1,54.166666666666664,65.0,1.2000000000000002,1.8000000000000003,1.0,-10.833333333333336,A,0
1929,2009-03-04,2008/2009,Tottenham Hotspur,Middlesbrough,1.6,1.0,1.4,0.0,0.4,-0.2,0.0,1,53.333333333333336,60.0,0.6000000000000001,1.4,0.6000000000000001,-6.666666666666664,H,2
1932,2009-03-04,2008/2009,Stoke City,Bolton Wanderers,1.0,2.0,1.2,0.2,-0.6,0.0,0.0,1,60.833333333333336,57.5,-1.0,1.0,-0.6,3.3333333333333357,H,2
1921,2009-03-07,2008/2009,Sunderland,Tottenham Hotspur,1.6,2.0,2.0,0.6,0.2,1.2,3.0,1,60.0,53.333333333333336,-0.3999999999999999,1.4,-1.0,6.666666666666664,D,1
1865,2009-03-11,2008/2009,Fulham,Blackburn Rovers,1.0,1.0,2.0,1.0,-0.4,-0.4,0.0,1,54.166666666666664,59.166666666666664,0.0,1.0,0.0,-5.0,A,0
1939,2009-03-14,2008/2009,Manchester United,Liverpool,3.0,2.0,3.0,1.6,1.4,0.6,0.0,1,52.5,50.833333333333336,1.0,1.4,0.7999999999999999,1.6666666666666643,A,0
1940,2009-03-14,2008/2009,Arsenal,Blackburn Rovers,1.4,1.4,1.8,1.6,0.4,-0.2,3.0,1,38.5,59.166666666666664,0.0,0.19999999999999996,0.6000000000000001,-20.666666666666664,H,2
1941,2009-03-14,2008/2009,Sunderland,Wigan Athletic,1.2,0.6,1.6,0.4,0.0,-0.4,1.0,1,60.0,60.833333333333336,0.6,1.2000000000000002,0.4,-0.8333333333333357,A,0
1944,2009-03-14,2008/2009,Everton,Stoke City,1.6,1.6,2.6,0.2,0.8,0.2,3.0,1,56.666666666666664,60.833333333333336,0.0,2.4,0.6000000000000001,-4.166666666666671,H,2
1945,2009-03-14,2008/2009,Middlesbrough,Portsmouth,1.0,0.8,1.2,0.4,-0.6,-0.4,0.0,1,60.0,62.5,0.19999999999999996,0.7999999999999999,-0.19999999999999996,-2.5,D,1
1946,2009-03-14,2008/2009,Bolton Wanderers,Fulham,1.8,0.8,1.8,0.4,-0.4,-0.6,0.0,1,57.5,54.166666666666664,1.0,1.4,0.19999999999999996,3.3333333333333357,A,0
1947,2009-03-14,2008/2009,Hull City,Newcastle United,1.0,1.0,0.2,0.6,-0.2,-0.2,3.0,1,65.0,60.833333333333336,0.0,-0.39999999999999997,0.0,4.166666666666664,D,1
1943,2009-03-15,2008/2009,Aston Villa,Tottenham Hotspur,1.0,1.6,1.2,0.8,-0.2,0.8,3.0,1,57.333333333333336,53.333333333333336,-0.6000000000000001,0.3999999999999999,-1.0,4.0,A,0
1948,2009-03-15,2008/2009,Chelsea,Manchester City,2.0,1.4,2.6,0.4,0.2,0.0,3.0,1,57.666666666666664,59.166666666666664,0.6000000000000001,2.2,0.2,-1.5,H,2
1942,2009-03-16,2008/2009,West Ham United,West Bromwich Albion,1.4,0.2,2.4,0.2,0.0,-1.4,0.0,1,44.833333333333336,61.666666666666664,1.2,2.1999999999999997,1.4,-16.83333333333333,D,1
1960,2009-03-21,2008/2009,Tottenham Hotspur,Chelsea,2.2,2.6,1.8,1.4,1.2,0.8,1.0,1,53.333333333333336,57.666666666666664,-0.3999999999999999,0.40000000000000013,0.3999999999999999,-4.333333333333329,H,2
1961,2009-03-21,2008/2009,Newcastle United,Arsenal,1.0,1.8,0.6,1.8,-0.2,1.2,0.0,1,60.833333333333336,38.5,-0.8,-1.2000000000000002,-1.4,22.333333333333336,A,0
1965,2009-03-21,2008/2009,West Bromwich Albion,Bolton Wanderers,0.2,1.2,1.2,0.2,-1.4,-1.0,1.0,1,61.666666666666664,57.5,-1.0,1.0,-0.3999999999999999,4.166666666666664,D,1
1964,2009-03-21,2008/2009,Fulham,Manchester United,1.4,2.4,1.4,3.0,0.4,0.6,0.0,1,54.166666666666664,52.5,-1.0,-1.6,-0.19999999999999996,1.6666666666666643,H,2
1963,2009-03-21,2008/2009,Blackburn Rovers,West Ham United,1.4,1.4,1.2,1.6,-0.6,0.0,0.0,1,59.166666666666664,44.833333333333336,0.0,-0.40000000000000013,-0.6,14.333333333333329,D,1
1966,2009-03-21,2008/2009,Portsmouth,Everton,1.0,2.2,0.6,1.2,0.0,1.4,3.0,1,62.5,56.666666666666664,-1.2000000000000002,-0.6,-1.4,5.833333333333336,H,2
1967,2009-03-21,2008/2009,Stoke City,Middlesbrough,1.0,1.0,1.6,0.0,-0.4,-0.6,0.0,1,60.833333333333336,60.0,0.0,1.6,0.19999999999999996,0.8333333333333357,H,2
1959,2009-03-22,2008/2009,Liverpool,Aston Villa,2.0,0.8,2.2,2.4,0.8,-0.4,1.0,1,50.833333333333336,57.333333333333336,1.2,-0.19999999999999973,1.2000000000000002,-6.5,H,2
1962,2009-03-22,2008/2009,Manchester City,Sunderland,0.8,1.0,3.0,0.6,-0.4,-0.2,3.0,1,59.166666666666664,60.0,-0.19999999999999996,2.4,-0.2,-0.8333333333333357,H,2
1968,2009-03-22,2008/2009,Wigan Athletic,Hull City,1.0,1.0,1.6,0.8,-0.2,-0.2,3.0,1,60.833333333333336,65.0,0.0,0.8,0.0,-4.166666666666664,H,2
1978,2009-04-04,2008/2009,Hull City,Portsmouth,0.8,1.6,0.4,0.6,-0.4,0.4,1.0,1,65.0,62.5,-0.8,-0.19999999999999996,-0.8,2.5,D,1
1977,2009-04-04,2008/2009,West Bromwich Albion,Stoke City,0.4,1.6,0.8,0.2,-1.2,0.2,0.0,1,61.666666666666664,60.833333333333336,-1.2000000000000002,0.6000000000000001,-1.4,0.8333333333333286,A,0
1976,2009-04-04,2008/2009,Bolton Wanderers,Middlesbrough,1.4,1.0,1.8,0.0,-0.4,-0.6,3.0,1,57.5,60.0,0.3999999999999999,1.8,0.19999999999999996,-2.5,H,2
1975,2009-04-04,2008/2009,Fulham,Liverpool,1.4,2.0,1.8,1.6,0.4,1.6,1.0,1,54.166666666666664,50.833333333333336,-0.6000000000000001,0.19999999999999996,-1.2000000000000002,3.3333333333333286,A,0
1974,2009-04-04,2008/2009,Blackburn Rovers,Tottenham Hotspur,1.6,2.6,1.2,1.4,-0.4,1.4,0.0,1,59.166666666666664,53.333333333333336,-1.0,-0.19999999999999996,-1.7999999999999998,5.833333333333329,H,2
1970,2009-04-04,2008/2009,Arsenal,Manchester City,2.2,1.4,1.8,0.2,1.6,0.2,0.0,1,38.5,59.166666666666664,0.8000000000000003,1.6,1.4000000000000001,-20.666666666666664,H,2
1973,2009-04-04,2008/2009,Newcastle United,Chelsea,0.4,2.4,0.6,1.2,-0.8,0.6,1.0,1,60.833333333333336,57.666666666666664,-2.0,-0.6,-1.4,3.1666666666666714,A,0
1971,2009-04-04,2008/2009,West Ham United,Sunderland,1.6,0.4,2.0,0.6,0.2,-0.8,3.0,1,44.833333333333336,60.0,1.2000000000000002,1.4,1.0,-15.166666666666664,H,2
1969,2009-04-05,2008/2009,Manchester United,Aston Villa,1.8,0.2,2.4,1.8,0.0,-1.8,1.0,1,52.5,57.333333333333336,1.6,0.5999999999999999,1.8,-4.833333333333336,H,2
1972,2009-04-05,2008/2009,Everton,Wigan Athletic,1.6,1.4,2.6,1.0,0.6,0.0,0.0,1,56.666666666666664,60.833333333333336,0.20000000000000018,1.6,0.6,-4.166666666666671,H,2
1987,2009-04-11,2008/2009,Wigan Athletic,Arsenal,1.2,2.6,1.6,2.2,-0.8,2.0,0.0,1,60.833333333333336,38.5,-1.4000000000000001,-0.6000000000000001,-2.8,22.333333333333336,A,0
1986,2009-04-11,2008/2009,Stoke City,Newcastle United,2.0,0.2,2.2,0.8,0.6,-1.2,1.0,1,60.833333333333336,60.833333333333336,1.8,1.4000000000000001,1.7999999999999998,0.0,D,1
1985,2009-04-11,2008/2009,Portsmouth,West Bromwich Albion,1.2,0.4,1.2,0.4,0.0,-1.2,1.0,1,62.5,61.666666666666664,0.7999999999999999,0.7999999999999999,1.2,0.8333333333333357,D,1
1988,2009-04-11,2008/2009,Chelsea,Bolton Wanderers,2.4,1.4,2.6,0.4,0.8,0.0,3.0,1,57.666666666666664,57.5,1.0,2.2,0.8,0.1666666666666643,H,2
1981,2009-04-11,2008/2009,Tottenham Hotspur,West Ham United,2.0,2.2,2.2,1.2,1.0,0.8,3.0,1,53.333333333333336,44.833333333333336,-0.20000000000000018,1.0000000000000002,0.19999999999999996,8.5,H,2
1983,2009-04-11,2008/2009,Middlesbrough,Hull City,0.8,1.0,1.4,0.8,-1.2,-0.2,0.0,1,60.0,65.0,-0.19999999999999996,0.5999999999999999,-1.0,-5.0,H,2
1980,2009-04-11,2008/2009,Sunderland,Manchester United,0.2,1.8,1.4,2.4,-1.2,-0.4,0.0,1,60.0,52.5,-1.6,-1.0,-0.7999999999999999,7.5,A,0
1979,2009-04-11,2008/2009,Liverpool,Blackburn Rovers,2.4,1.6,2.2,1.4,1.8,-0.4,3.0,1,50.833333333333336,59.166666666666664,0.7999999999999998,0.8000000000000003,2.2,-8.333333333333329,H,2
1982,2009-04-12,2008/2009,Aston Villa,Everton,0.2,2.0,1.0,0.6,-1.8,1.4,3.0,1,57.333333333333336,56.666666666666664,-1.8,0.4,-3.2,0.6666666666666714,D,1
1984,2009-04-12,2008/2009,Manchester City,Fulham,1.2,1.2,3.0,1.0,-0.2,0.2,1.0,1,59.166666666666664,54.166666666666664,0.0,2.0,-0.4,5.0,A,0
1990,2009-04-18,2008/2009,Sunderland,Hull City,0.2,1.0,1.4,0.8,-1.0,-0.4,3.0,1,60.0,65.0,-0.8,0.5999999999999999,-0.6,-5.0,H,2
1992,2009-04-18,2008/2009,Aston Villa,West Ham United,0.2,1.6,0.6,1.0,-1.8,0.4,3.0,1,57.333333333333336,44.833333333333336,-1.4000000000000001,-0.4,-2.2,12.5,D,1
1993,2009-04-18,2008/2009,Middlesbrough,Fulham,0.8,1.8,1.8,1.6,-1.2,0.8,0.0,1,60.0,54.166666666666664,-1.0,0.19999999999999996,-2.0,5.833333333333336,D,1
1995,2009-04-18,2008/2009,Portsmouth,Bolton Wanderers,1.2,0.8,1.4,0.4,0.0,-0.4,0.0,1,62.5,57.5,0.3999999999999999,0.9999999999999999,0.4,5.0,H,2
1996,2009-04-18,2008/2009,Stoke City,Blackburn Rovers,2.0,1.4,2.2,1.2,0.6,-1.2,0.0,1,60.833333333333336,59.166666666666664,0.6000000000000001,1.0000000000000002,1.7999999999999998,1.6666666666666714,H,2
1991,2009-04-19,2008/2009,Tottenham Hotspur,Newcastle United,2.0,0.4,2.6,1.0,0.4,-1.0,0.0,1,53.333333333333336,60.833333333333336,1.6,1.6,1.4,-7.5,H,2
1994,2009-04-19,2008/2009,Manchester City,West Bromwich Albion,1.2,0.6,2.4,0.6,-0.4,-0.8,0.0,1,59.166666666666664,61.666666666666664,0.6,1.7999999999999998,0.4,-2.5,H,2
1989,2009-04-21,2008/2009,Liverpool,Arsenal,3.0,3.0,2.6,2.2,3.0,2.6,1.0,1,50.833333333333336,38.5,0.0,0.3999999999999999,0.3999999999999999,12.333333333333336,D,1
1919,2009-04-22,2008/2009,Manchester United,Portsmouth,1.8,1.8,2.4,0.8,-0.4,0.4,3.0,1,52.5,62.5,0.0,1.5999999999999999,-0.8,-10.0,H,2
1998,2009-04-22,2008/2009,Chelsea,Everton,2.4,1.6,2.6,0.6,0.8,1.0,1.0,1,57.666666666666664,56.666666666666664,0.7999999999999998,2.0,-0.19999999999999996,1.0,D,1
1999,2009-04-25,2008/2009,Manchester United,Tottenham Hotspur,1.8,2.4,2.4,1.4,-0.2,0.6,1.0,1,52.5,53.333333333333336,-0.5999999999999999,1.0,-0.8,-0.8333333333333357,H,2
2001,2009-04-25,2008/2009,West Ham United,Chelsea,1.2,2.0,2.0,1.8,0.2,0.6,1.0,1,44.833333333333336,57.666666666666664,-0.8,0.19999999999999996,-0.39999999999999997,-12.833333333333329,A,0
2002,2009-04-25,2008/2009,Everton,Manchester City,1.6,1.2,2.6,0.2,1.0,-0.4,3.0,1,56.666666666666664,59.166666666666664,0.40000000000000013,2.4,1.4,-2.5,A,0
2005,2009-04-25,2008/2009,Fulham,Stoke City,2.0,2.0,1.2,0.8,1.0,0.4,1.0,1,54.166666666666664,60.833333333333336,0.0,0.3999999999999999,0.6,-6.666666666666671,H,2
2006,2009-04-25,2008/2009,Bolton Wanderers,Aston Villa,0.8,0.4,2.4,1.2,-0.2,-1.4,0.0,1,57.5,57.333333333333336,0.4,1.2,1.2,0.1666666666666643,D,1
2007,2009-04-25,2008/2009,West Bromwich Albion,Sunderland,0.6,0.6,0.2,0.4,-0.8,-0.8,0.0,1,61.666666666666664,60.0,0.0,-0.2,0.0,1.6666666666666643,H,2
2008,2009-04-25,2008/2009,Hull City,Liverpool,0.4,2.6,0.6,2.0,-0.8,2.6,1.0,1,65.0,50.833333333333336,-2.2,-1.4,-3.4000000000000004,14.166666666666664,A,0
2000,2009-04-26,2008/2009,Arsenal,Middlesbrough,2.6,1.0,1.8,0.0,2.2,-0.4,1.0,1,38.5,60.0,1.6,1.8,2.6,-21.5,H,2
2004,2009-04-26,2008/2009,Blackburn Rovers,Wigan Athletic,0.8,1.2,1.2,1.0,-1.6,-1.2,0.0,1,59.166666666666664,60.833333333333336,-0.3999999999999999,0.19999999999999996,-0.40000000000000013,-1.6666666666666714,H,2
2003,2009-04-27,2008/2009,Newcastle United,Portsmouth,0.4,1.6,0.4,0.6,-1.0,0.0,3.0,1,60.833333333333336,62.5,-1.2000000000000002,-0.19999999999999996,-1.0,-1.6666666666666643,D,1
2015,2009-05-02,2008/2009,Portsmouth,Arsenal,1.2,2.6,2.0,2.2,-0.2,1.8,0.0,1,62.5,38.5,-1.4000000000000001,-0.20000000000000018,-2.0,24.0,A,0
2017,2009-05-02,2008/2009,Wigan Athletic,Bolton Wanderers,1.2,1.0,1.0,0.2,-1.4,0.2,3.0,1,60.833333333333336,57.5,0.19999999999999996,0.8,-1.5999999999999999,3.3333333333333357,D,1
2016,2009-05-02,2008/2009,Stoke City,West Ham United,2.0,1.0,2.2,1.0,0.6,0.0,0.0,1,60.833333333333336,44.833333333333336,1.0,1.2000000000000002,0.6,16.0,A,0
2018,2009-05-02,2008/2009,Chelsea,Fulham,2.0,2.0,2.2,1.6,0.6,0.8,1.0,1,57.666666666666664,54.166666666666664,0.0,0.6000000000000001,-0.20000000000000007,3.5,H,2
2014,2009-05-02,2008/2009,Manchester City,Blackburn Rovers,1.8,1.4,2.4,1.2,0.0,-0.4,1.0,1,59.166666666666664,59.166666666666664,0.40000000000000013,1.2,0.4,0.0,H,2
2013,2009-05-02,2008/2009,Middlesbrough,Manchester United,0.8,2.4,1.8,2.4,-0.8,1.0,0.0,1,60.0,52.5,-1.5999999999999999,-0.5999999999999999,-1.8,7.5,A,0
2011,2009-05-02,2008/2009,Tottenham Hotspur,West Bromwich Albion,1.8,1.0,2.6,0.4,-0.2,-0.2,0.0,1,53.333333333333336,61.666666666666664,0.8,2.2,0.0,-8.333333333333329,H,2
2009,2009-05-03,2008/2009,Liverpool,Newcastle United,2.6,0.4,2.2,1.0,2.4,-1.0,3.0,1,50.833333333333336,60.833333333333336,2.2,1.2000000000000002,3.4,-10.0,H,2
2010,2009-05-03,2008/2009,Sunderland,Everton,0.6,1.0,1.4,0.8,-1.2,0.4,0.0,1,60.0,56.666666666666664,-0.4,0.5999999999999999,-1.6,3.3333333333333357,A,0
2012,2009-05-04,2008/2009,Aston Villa,Hull City,0.6,0.2,0.6,0.8,-1.2,-1.2,3.0,1,57.333333333333336,65.0,0.39999999999999997,-0.20000000000000007,0.0,-7.666666666666664,H,2
2027,2009-05-09,2008/2009,West Bromwich Albion,Wigan Athletic,0.8,0.8,0.8,0.8,-0.4,-1.6,0.0,1,61.666666666666664,60.833333333333336,0.0,0.0,1.2000000000000002,0.8333333333333286,H,2
2025,2009-05-09,2008/2009,Fulham,Aston Villa,1.4,1.2,1.2,0.8,0.0,0.0,1.0,1,54.166666666666664,57.333333333333336,0.19999999999999996,0.3999999999999999,0.0,-3.1666666666666714,H,2
2026,2009-05-09,2008/2009,Bolton Wanderers,Sunderland,1.0,0.6,2.0,0.2,0.2,-1.4,3.0,1,57.5,60.0,0.4,1.8,1.5999999999999999,-2.5,D,1
2028,2009-05-09,2008/2009,Hull City,Stoke City,0.2,1.4,0.4,0.8,-1.2,0.2,1.0,1,65.0,60.833333333333336,-1.2,-0.4,-1.4,4.166666666666664,A,0
2024,2009-05-09,2008/2009,Blackburn Rovers,Portsmouth,1.2,1.0,1.6,0.8,-0.8,-0.8,0.0,1,59.166666666666664,62.5,0.19999999999999996,0.8,0.0,-3.3333333333333357,H,2
2021,2009-05-09,2008/2009,West Ham United,Liverpool,1.4,2.6,1.4,2.4,0.2,2.0,1.0,1,44.833333333333336,50.833333333333336,-1.2000000000000002,-1.0,-1.8,-6.0,A,0
2022,2009-05-09,2008/2009,Everton,Tottenham Hotspur,1.6,1.8,2.4,1.4,1.0,-0.2,3.0,1,56.666666666666664,53.333333333333336,-0.19999999999999996,1.0,1.2,3.3333333333333286,D,1
2019,2009-05-10,2008/2009,Manchester United,Manchester City,3.0,1.8,2.4,0.8,1.8,0.2,3.0,1,52.5,59.166666666666664,1.2,1.5999999999999999,1.6,-6.666666666666664,H,2
2020,2009-05-10,2008/2009,Arsenal,Chelsea,2.6,2.6,2.2,2.4,2.0,1.2,3.0,1,38.5,57.666666666666664,0.0,-0.19999999999999973,0.8,-19.166666666666664,A,0
2023,2009-05-11,2008/2009,Newcastle United,Middlesbrough,0.4,0.8,0.4,0.0,-1.2,-1.0,1.0,1,60.833333333333336,60.0,-0.4,0.4,-0.19999999999999996,0.8333333333333357,H,2
1997,2009-05-13,2008/2009,Wigan Athletic,Manchester United,0.2,3.0,1.0,2.4,-2.2,2.0,0.0,1,60.833333333333336,52.5,-2.8,-1.4,-4.2,8.333333333333336,A,0
2034,2009-05-16,2008/2009,Bolton Wanderers,Hull City,0.6,0.0,1.6,0.6,-0.4,-1.4,3.0,1,57.5,65.0,0.6,1.0,0.9999999999999999,-7.5,D,1
2033,2009-05-16,2008/2009,Newcastle United,Fulham,1.0,2.0,0.8,1.6,-0.4,0.6,0.0,1,60.833333333333336,54.166666666666664,-1.0,-0.8,-1.0,6.666666666666671,A,0
2037,2009-05-16,2008/2009,Stoke City,Wigan Athletic,1.4,0.2,2.0,0.6,0.0,-1.6,1.0,1,60.833333333333336,60.833333333333336,1.2,1.4,1.6,0.0,H,2
2032,2009-05-16,2008/2009,Middlesbrough,Aston Villa,0.8,1.2,1.6,0.2,-0.8,-0.2,3.0,1,60.0,57.333333333333336,-0.3999999999999999,1.4000000000000001,-0.6000000000000001,2.6666666666666643,D,1
2031,2009-05-16,2008/2009,Everton,West Ham United,1.2,0.8,2.0,1.6,0.2,-0.8,3.0,1,56.666666666666664,44.833333333333336,0.3999999999999999,0.3999999999999999,1.0,11.833333333333329,H,2
2030,2009-05-16,2008/2009,Tottenham Hotspur,Manchester City,2.0,1.8,3.0,0.6,0.0,0.2,3.0,1,53.333333333333336,59.166666666666664,0.19999999999999996,2.4,-0.2,-5.833333333333329,H,2
2029,2009-05-16,2008/2009,Manchester United,Arsenal,3.0,2.0,2.4,2.6,2.0,1.0,0.0,1,52.5,38.5,1.0,-0.20000000000000018,1.0,14.0,D,1
2035,2009-05-17,2008/2009,West Bromwich Albion,Liverpool,1.4,2.6,1.4,2.4,0.4,2.4,0.0,1,61.666666666666664,50.833333333333336,-1.2000000000000002,-1.0,-2.0,10.833333333333329,A,0
2038,2009-05-17,2008/2009,Chelsea,Blackburn Rovers,2.6,1.2,2.6,0.6,1.4,-0.6,3.0,1,57.666666666666664,59.166666666666664,1.4000000000000001,2.0,2.0,-1.5,H,2
2036,2009-05-18,2008/2009,Portsmouth,Sunderland,0.8,0.8,1.4,0.2,-1.2,-1.0,3.0,1,62.5,60.0,0.0,1.2,-0.19999999999999996,2.5,H,2
2047,2009-05-24,2008/2009,Hull City,Manchester United,0.2,2.6,0.4,2.4,-1.0,1.6,0.0,1,65.0,52.5,-2.4,-2.0,-2.6,12.5,A,0
2045,2009-05-24,2008/2009,Blackburn Rovers,West Bromwich Albion,1.2,1.2,2.2,0.4,-0.2,0.0,1.0,1,59.166666666666664,61.666666666666664,0.0,1.8000000000000003,-0.2,-2.5,D,1
2046,2009-05-24,2008/2009,Fulham,Everton,2.0,1.6,1.8,1.2,0.4,0.6,0.0,1,54.166666666666664,56.666666666666664,0.3999999999999999,0.6000000000000001,-0.19999999999999996,-2.5,A,0
2044,2009-05-24,2008/2009,Manchester City,Bolton Wanderers,1.8,0.8,2.4,0.4,0.4,-0.2,0.0,1,59.166666666666664,57.5,1.0,2.0,0.6000000000000001,1.6666666666666643,H,2
2048,2009-05-24,2008/2009,Wigan Athletic,Portsmouth,0.2,0.8,0.8,0.6,-1.4,-1.0,3.0,1,60.833333333333336,62.5,-0.6000000000000001,0.20000000000000007,-0.3999999999999999,-1.6666666666666643,H,2
2042,2009-05-24,2008/2009,West Ham United,Middlesbrough,0.8,0.4,1.4,0.0,-1.0,-1.2,1.0,1,44.833333333333336,60.0,0.4,1.4,0.19999999999999996,-15.166666666666664,H,2
2041,2009-05-24,2008/2009,Sunderland,Chelsea,0.8,2.6,0.8,2.4,-1.2,1.6,0.0,1,60.0,57.666666666666664,-1.8,-1.5999999999999999,-2.8,2.3333333333333357,A,0
2043,2009-05-24,2008/2009,Aston Villa,Newcastle United,1.2,0.8,1.2,0.4,-0.2,-0.6,0.0,1,57.333333333333336,60.833333333333336,0.3999999999999999,0.7999999999999999,0.39999999999999997,-3.5,H,2
2040,2009-05-24,2008/2009,Liverpool,Tottenham Hotspur,2.6,2.0,2.6,1.0,2.0,0.0,0.0,1,50.833333333333336,53.333333333333336,0.6000000000000001,1.6,2.0,-2.5,H,2
2039,2009-05-24,2008/2009,Arsenal,Stoke City,1.6,1.8,2.0,1.4,0.4,0.4,0.0,1,38.5,60.833333333333336,-0.19999999999999996,0.6000000000000001,0.0,-22.333333333333336,H,2
2111,2009-08-15,2009/2010,Aston Villa,Wigan Athletic,1.6,0.8,1.6,0.6,0.0,-0.8,2.0,1,57.333333333333336,60.833333333333336,0.8,1.0,0.8,-3.5,A,0
2112,2009-08-15,2009/2010,Everton,Arsenal,2.0,2.0,2.0,2.2,1.0,1.0,0.5,1,56.666666666666664,38.5,0.0,-0.20000000000000018,0.0,18.166666666666664,A,0
2113,2009-08-15,2009/2010,Wolverhampton Wanderers,West Ham United,1.3354177707118884,1.2,1.6726973098164974,1.0,-0.04822469528351881,-0.8,1.2806963396144682,0,70.0,44.833333333333336,-0.07272727272727274,0.591953097028285,-0.10007088428141059,25.166666666666664,A,0
2114,2009-08-15,2009/2010,Blackburn Rovers,Manchester City,1.4,1.8,2.2,0.6,0.0,0.2,0.5,1,59.166666666666664,59.166666666666664,-0.40000000000000013,1.6,-0.2,0.0,A,0
2115,2009-08-15,2009/2010,Bolton Wanderers,Sunderland,0.8,0.2,1.2,0.2,-0.2,-1.6,2.0,1,57.5,60.0,0.6000000000000001,1.0,1.4000000000000001,-2.5,A,0
2116,2009-08-15,2009/2010,Portsmouth,Fulham,0.8,1.8,2.0,2.0,-0.8,0.0,0.5,1,62.5,54.166666666666664,-1.0,0.0,-0.8,8.333333333333336,A,0
2117,2009-08-15,2009/2010,Stoke City,Burnley,1.2,1.4048478414720453,2.0,1.077605558524853,-0.4,0.04853149327671621,1.2806963396144682,0,60.833333333333336,68.33333333333333,-0.07272727272727274,0.591953097028285,-0.10007088428141059,-7.499999999999993,H,2
2118,2009-08-15,2009/2010,Chelsea,Hull City,3.0,0.2,2.6,0.2,1.8,-1.0,2.0,1,57.666666666666664,65.0,2.8,2.4,2.8,-7.333333333333336,H,2
2110,2009-08-16,2009/2010,Tottenham Hotspur,Liverpool,1.4,3.0,3.0,3.0,-0.6,2.4,1.5,1,53.333333333333336,50.833333333333336,-1.6,0.0,-3.0,2.5,H,2
2109,2009-08-16,2009/2010,Manchester United,Birmingham City,2.6,1.4048478414720453,2.6,1.077605558524853,1.2,0.04853149327671621,1.2806963396144682,0,52.5,70.0,-0.07272727272727274,0.591953097028285,-0.10007088428141059,-17.5,H,2
2220,2009-08-18,2009/2010,Sunderland,Chelsea,0.8,3.0,0.6,2.4,-0.8,1.8,0.0,1,60.0,57.666666666666664,-2.2,-1.7999999999999998,-2.6,2.3333333333333357,A,0
2226,2009-08-18,2009/2010,Wigan Athletic,Wolverhampton Wanderers,1.2,0.0,1.4,1.077605558524853,-0.4,-2.0,1.2806963396144682,0,60.833333333333336,70.0,1.2,0.591953097028285,1.6,-9.166666666666664,A,0
2223,2009-08-19,2009/2010,Birmingham City,Portsmouth,0.0,0.6,1.6726973098164974,0.4,-1.0,-1.0,1.2806963396144682,0,70.0,62.5,-0.6,0.591953097028285,0.0,7.5,H,2
2224,2009-08-19,2009/2010,Hull City,Tottenham Hotspur,0.2,2.0,0.4,0.8,-0.8,0.2,1.5,1,65.0,53.333333333333336,-1.8,-0.4,-1.0,11.666666666666664,A,0
2225,2009-08-19,2009/2010,Burnley,Manchester United,0.0,2.6,1.6726973098164974,2.4,-2.0,1.0,1.2806963396144682,0,68.33333333333333,52.5,-2.6,0.591953097028285,-3.0,15.833333333333329,H,2
2227,2009-08-19,2009/2010,Liverpool,Stoke City,2.4,1.8,2.6,1.2,1.8,0.2,1.0,1,50.833333333333336,60.833333333333336,0.5999999999999999,1.4000000000000001,1.6,-10.0,H,2
2329,2009-08-22,2009/2010,Arsenal,Portsmouth,2.0,0.6,2.4,0.2,1.6,-0.6,3.0,1,38.5,62.5,1.4,2.1999999999999997,2.2,-24.0,H,2
2331,2009-08-22,2009/2010,Sunderland,Blackburn Rovers,0.8,0.8,0.6,0.0,-0.8,-0.8,2.0,1,60.0,59.166666666666664,0.0,0.6,0.0,0.8333333333333357,H,2
2333,2009-08-22,2009/2010,Manchester City,Wolverhampton Wanderers,1.8,1.5,2.4,3.0,0.4,-0.5,1.2806963396144682,0,59.166666666666664,70.0,0.30000000000000004,-0.6000000000000001,0.9,-10.833333333333336,H,2
2335,2009-08-22,2009/2010,Birmingham City,Stoke City,1.5,1.8,3.0,1.2,0.0,-0.4,1.2806963396144682,0,70.0,60.833333333333336,-0.30000000000000004,1.8,0.4,9.166666666666664,D,1
2336,2009-08-22,2009/2010,Hull City,Bolton Wanderers,0.2,0.6,0.2,0.4,-1.4,-0.4,0.5,1,65.0,57.5,-0.39999999999999997,-0.2,-0.9999999999999999,7.5,H,2
2338,2009-08-22,2009/2010,Wigan Athletic,Manchester United,1.2,2.0,0.8,2.4,-0.2,0.4,0.0,1,60.833333333333336,52.5,-0.8,-1.5999999999999999,-0.6000000000000001,8.333333333333336,A,0
2332,2009-08-23,2009/2010,West Ham United,Tottenham Hotspur,1.8,2.0,1.4,0.8,-0.2,0.8,0.0,1,44.833333333333336,53.333333333333336,-0.19999999999999996,0.5999999999999999,-1.0,-8.5,A,0
2334,2009-08-23,2009/2010,Fulham,Chelsea,1.8,3.0,1.8,3.0,0.0,1.8,0.5,1,54.166666666666664,57.666666666666664,-1.2,-1.2,-1.8,-3.5,A,0
2337,2009-08-23,2009/2010,Burnley,Everton,1.5,2.0,3.0,1.6,-0.5,0.2,1.2806963396144682,0,68.33333333333333,56.666666666666664,-0.5,1.4,-0.7,11.666666666666664,H,2
2330,2009-08-24,2009/2010,Liverpool,Aston Villa,2.4,1.4,2.6,0.4,2.0,-0.4,2.0,1,50.833333333333336,57.333333333333336,1.0,2.2,2.4,-6.5,A,0
2429,2009-08-29,2009/2010,Manchester United,Arsenal,2.0,2.0,2.6,2.2,1.2,1.6,0.5,1,52.5,38.5,0.0,0.3999999999999999,-0.40000000000000013,14.0,H,2
2430,2009-08-29,2009/2010,Tottenham Hotspur,Birmingham City,2.4,1.3333333333333333,3.0,0.0,1.0,0.0,1.2806963396144682,0,53.333333333333336,70.0,1.0666666666666667,3.0,1.0,-16.666666666666664,H,2
2433,2009-08-29,2009/2010,Wolverhampton Wanderers,Hull City,1.0,0.8,0.0,0.2,-0.6666666666666666,-1.0,1.2806963396144682,0,70.0,65.0,0.19999999999999996,-0.2,0.33333333333333337,5.0,D,1
2434,2009-08-29,2009/2010,Blackburn Rovers,West Ham United,0.8,1.2,2.0,1.4,-0.6,-0.6,0.5,1,59.166666666666664,44.833333333333336,-0.3999999999999999,0.6000000000000001,0.0,14.333333333333329,D,1
2435,2009-08-29,2009/2010,Bolton Wanderers,Liverpool,0.4,1.8,1.2,2.4,-0.6,1.0,0.0,1,57.5,50.833333333333336,-1.4,-1.2,-1.6,6.666666666666664,A,0
2437,2009-08-29,2009/2010,Stoke City,Sunderland,1.4,1.2,2.0,0.8,-0.6,-0.6,1.5,1,60.833333333333336,60.0,0.19999999999999996,1.2,0.0,0.8333333333333357,H,2
2438,2009-08-29,2009/2010,Chelsea,Burnley,3.0,2.0,2.6,0.0,1.6,0.0,1.2806963396144682,0,57.666666666666664,68.33333333333333,1.0,2.6,1.6,-10.666666666666664,H,2
2432,2009-08-30,2009/2010,Everton,Wigan Athletic,1.4,1.2,1.4,0.6,-0.4,-1.0,1.5,1,56.666666666666664,60.833333333333336,0.19999999999999996,0.7999999999999999,0.6,-4.166666666666671,H,2
2431,2009-08-30,2009/2010,Aston Villa,Fulham,1.4,1.8,1.6,2.0,-0.2,0.0,0.5,1,57.333333333333336,54.166666666666664,-0.40000000000000013,-0.3999999999999999,-0.2,3.1666666666666714,H,2
2436,2009-08-30,2009/2010,Portsmouth,Manchester City,0.6,1.8,1.4,1.2,-0.8,0.2,1.5,1,62.5,59.166666666666664,-1.2000000000000002,0.19999999999999996,-1.0,3.3333333333333357,A,0
2448,2009-09-12,2009/2010,Wigan Athletic,West Ham United,1.2,1.4,0.8,1.6,-0.8,0.0,0.0,1,60.833333333333336,44.833333333333336,-0.19999999999999996,-0.8,-0.8,16.0,H,2
2446,2009-09-12,2009/2010,Portsmouth,Bolton Wanderers,0.0,0.2,1.2,0.2,-1.4,-0.8,1.5,1,62.5,57.5,-0.2,1.0,-0.5999999999999999,5.0,A,0
2443,2009-09-12,2009/2010,Blackburn Rovers,Wolverhampton Wanderers,0.4,1.0,1.6,1.5,-1.0,-0.5,1.2806963396144682,0,59.166666666666664,70.0,-0.6,0.10000000000000009,-0.5,-10.833333333333336,H,2
2447,2009-09-12,2009/2010,Stoke City,Chelsea,1.4,3.0,2.4,3.0,-0.8,1.8,0.0,1,60.833333333333336,57.666666666666664,-1.6,-0.6000000000000001,-2.6,3.1666666666666714,A,0
2441,2009-09-12,2009/2010,Tottenham Hotspur,Manchester United,2.4,2.4,3.0,2.4,1.0,1.4,0.5,1,53.333333333333336,52.5,0.0,0.6000000000000001,-0.3999999999999999,0.8333333333333357,A,0
2440,2009-09-12,2009/2010,Sunderland,Hull City,1.2,0.8,1.2,0.4,-0.4,-1.0,3.0,1,60.0,65.0,0.3999999999999999,0.7999999999999999,0.6,-5.0,H,2
2442,2009-09-12,2009/2010,Manchester City,Arsenal,2.4,2.0,2.4,1.6,0.8,2.0,1.5,1,59.166666666666664,38.5,0.3999999999999999,0.7999999999999998,-1.2,20.666666666666664,H,2
2439,2009-09-12,2009/2010,Liverpool,Burnley,1.8,1.5,2.0,0.0,0.8,-0.75,1.2806963396144682,0,50.833333333333336,68.33333333333333,0.30000000000000004,2.0,1.55,-17.499999999999993,H,2
2444,2009-09-13,2009/2010,Fulham,Everton,1.2,1.8,1.2,1.6,-0.8,-0.2,0.0,1,54.166666666666664,56.666666666666664,-0.6000000000000001,-0.40000000000000013,-0.6000000000000001,-2.5,H,2
2445,2009-09-13,2009/2010,Birmingham City,Aston Villa,1.0,2.0,2.0,1.0,-0.25,0.6,1.2806963396144682,0,70.0,57.333333333333336,-1.0,1.0,-0.85,12.666666666666664,A,0
2456,2009-09-19,2009/2010,Hull City,Birmingham City,0.8,0.8,0.6,0.0,-1.4,-0.4,1.2806963396144682,0,65.0,70.0,0.0,0.6,-0.9999999999999999,-5.0,A,0
2455,2009-09-19,2009/2010,Bolton Wanderers,Stoke City,0.6,1.4,0.6,0.8,-0.6,-0.4,1.5,1,57.5,60.833333333333336,-0.7999999999999999,-0.20000000000000007,-0.19999999999999996,-3.3333333333333357,D,1
2457,2009-09-19,2009/2010,Burnley,Sunderland,1.2,1.8,3.0,0.8,-1.4,0.4,1.2806963396144682,0,68.33333333333333,60.0,-0.6000000000000001,2.2,-1.7999999999999998,8.333333333333329,H,2
2452,2009-09-19,2009/2010,Aston Villa,Portsmouth,2.4,0.0,2.0,0.2,0.8,-1.4,2.0,1,57.333333333333336,62.5,2.4,1.8,2.2,-5.166666666666664,H,2
2451,2009-09-19,2009/2010,West Ham United,Liverpool,1.4,1.8,1.2,2.4,0.2,1.2,0.5,1,44.833333333333336,50.833333333333336,-0.40000000000000013,-1.2,-1.0,-6.0,A,0
2450,2009-09-19,2009/2010,Arsenal,Wigan Athletic,1.8,1.2,2.4,0.6,1.6,-0.8,3.0,1,38.5,60.833333333333336,0.6000000000000001,1.7999999999999998,2.4000000000000004,-22.333333333333336,H,2
2449,2009-09-20,2009/2010,Manchester United,Manchester City,2.4,3.0,2.6,1.8,1.6,1.4,3.0,1,52.5,59.166666666666664,-0.6000000000000001,0.8,0.20000000000000018,-6.666666666666664,H,2
2453,2009-09-20,2009/2010,Everton,Blackburn Rovers,1.2,1.0,1.4,0.0,-0.8,-0.2,0.5,1,56.666666666666664,59.166666666666664,0.19999999999999996,1.4,-0.6000000000000001,-2.5,H,2
2454,2009-09-20,2009/2010,Wolverhampton Wanderers,Fulham,0.8,1.2,0.5,1.4,-0.8,-0.8,1.2806963396144682,0,70.0,54.166666666666664,-0.3999999999999999,-0.8999999999999999,0.0,15.833333333333336,H,2
2458,2009-09-20,2009/2010,Chelsea,Tottenham Hotspur,3.0,2.4,2.6,1.4,1.8,1.0,0.5,1,57.666666666666664,53.333333333333336,0.6000000000000001,1.2000000000000002,0.8,4.333333333333329,H,2
2467,2009-09-26,2009/2010,Blackburn Rovers,Aston Villa,0.8,2.4,1.6,1.6,-0.8,1.0,0.0,1,59.166666666666664,57.333333333333336,-1.5999999999999999,0.0,-1.8,1.8333333333333286,H,2
2466,2009-09-26,2009/2010,Fulham,Arsenal,1.2,1.8,1.8,1.4,-0.6,1.8,2.0,1,54.166666666666664,38.5,-0.6000000000000001,0.40000000000000013,-2.4,15.666666666666664,A,0
2464,2009-09-26,2009/2010,Portsmouth,Everton,0.0,1.2,0.6,1.4,-1.6,-0.6,3.0,1,62.5,56.666666666666664,-1.2,-0.7999999999999999,-1.0,5.833333333333336,A,0
2468,2009-09-26,2009/2010,Birmingham City,Bolton Wanderers,1.4,0.8,1.3333333333333333,0.8,0.0,-0.4,1.2806963396144682,0,70.0,57.5,0.5999999999999999,0.5333333333333332,0.4,12.5,A,0
2461,2009-09-26,2009/2010,Wigan Athletic,Chelsea,0.6,3.0,1.2,3.0,-2.0,2.2,0.0,1,60.833333333333336,57.666666666666664,-2.4,-1.8,-4.2,3.1666666666666714,H,2
2459,2009-09-26,2009/2010,Liverpool,Hull City,2.4,0.8,2.4,0.4,1.6,-1.4,2.0,1,50.833333333333336,65.0,1.5999999999999999,2.0,3.0,-14.166666666666664,H,2
2463,2009-09-26,2009/2010,Stoke City,Manchester United,1.0,2.4,1.8,2.4,-0.8,1.6,0.0,1,60.833333333333336,52.5,-1.4,-0.5999999999999999,-2.4000000000000004,8.333333333333336,A,0
2460,2009-09-26,2009/2010,Tottenham Hotspur,Burnley,1.8,1.8,2.4,0.0,0.2,-0.6,1.2806963396144682,0,53.333333333333336,68.33333333333333,0.0,2.4,0.8,-14.999999999999993,H,2
2462,2009-09-27,2009/2010,Sunderland,Wolverhampton Wanderers,1.2,1.4,1.2,1.0,-0.2,-0.2,1.2806963396144682,0,60.0,70.0,-0.19999999999999996,0.19999999999999996,0.0,-10.0,H,2
2465,2009-09-28,2009/2010,Manchester City,West Ham United,2.4,0.8,3.0,1.4,1.0,-0.2,1.5,1,59.166666666666664,44.833333333333336,1.5999999999999999,1.6,1.2,14.333333333333329,H,2
2469,2009-10-03,2009/2010,Manchester United,Sunderland,3.0,1.8,2.6,0.8,2.2,0.8,3.0,1,52.5,60.0,1.2,1.8,1.4000000000000001,-7.5,D,1
2470,2009-10-03,2009/2010,Wolverhampton Wanderers,Portsmouth,0.8,0.0,1.3333333333333333,0.0,-1.0,-1.6,1.2806963396144682,0,70.0,62.5,0.8,1.3333333333333333,0.6000000000000001,7.5,A,0
2474,2009-10-03,2009/2010,Burnley,Birmingham City,1.2,0.8,3.0,1.0,-1.8,-0.4,1.2806963396144682,0,68.33333333333333,70.0,0.3999999999999999,2.0,-1.4,-1.6666666666666714,H,2
2475,2009-10-03,2009/2010,Bolton Wanderers,Tottenham Hotspur,1.4,1.8,0.6,1.4,0.0,0.4,1.5,1,57.5,53.333333333333336,-0.40000000000000013,-0.7999999999999999,-0.4,4.166666666666664,D,1
2476,2009-10-03,2009/2010,Hull City,Wigan Athletic,0.8,1.2,0.6,0.6,-1.6,-1.4,0.0,1,65.0,60.833333333333336,-0.3999999999999999,0.0,-0.20000000000000018,4.166666666666664,H,2
2478,2009-10-04,2009/2010,Arsenal,Blackburn Rovers,1.8,1.4,2.4,0.0,1.0,-0.2,3.0,1,38.5,59.166666666666664,0.40000000000000013,2.4,1.2,-20.666666666666664,H,2
2473,2009-10-04,2009/2010,Chelsea,Liverpool,2.4,2.4,3.0,2.4,1.4,1.8,0.0,1,57.666666666666664,50.833333333333336,0.0,0.6000000000000001,-0.40000000000000013,6.833333333333329,H,2
2472,2009-10-04,2009/2010,Everton,Stoke City,1.8,1.0,2.0,1.0,0.6,-0.4,3.0,1,56.666666666666664,60.833333333333336,0.8,1.0,1.0,-4.166666666666671,D,1
2471,2009-10-04,2009/2010,West Ham United,Fulham,0.2,0.6,0.6,1.2,-1.0,-1.0,3.0,1,44.833333333333336,54.166666666666664,-0.39999999999999997,-0.6,0.0,-9.333333333333329,D,1
2477,2009-10-05,2009/2010,Aston Villa,Manchester City,2.4,2.4,2.4,1.2,1.2,1.0,1.5,1,57.333333333333336,59.166666666666664,0.0,1.2,0.19999999999999996,-1.8333333333333286,D,1
2479,2009-10-17,2009/2010,Stoke City,West Ham United,1.0,0.4,1.8,0.8,-0.4,-0.8,0.0,1,60.833333333333336,44.833333333333336,0.6,1.0,0.4,16.0,H,2
2480,2009-10-17,2009/2010,Manchester United,Bolton Wanderers,2.6,1.6,2.2,1.4,1.2,0.2,3.0,1,52.5,57.5,1.0,0.8000000000000003,1.0,-5.0,H,2
2482,2009-10-17,2009/2010,Everton,Wolverhampton Wanderers,2.0,0.8,2.0,0.75,0.8,-1.0,1.2806963396144682,0,56.666666666666664,70.0,1.2,1.25,1.8,-13.333333333333336,D,1
2484,2009-10-17,2009/2010,Aston Villa,Chelsea,2.0,2.4,2.0,2.4,0.8,1.4,0.0,1,57.333333333333336,57.666666666666664,-0.3999999999999999,-0.3999999999999999,-0.5999999999999999,-0.3333333333333286,H,2
2485,2009-10-17,2009/2010,Sunderland,Liverpool,1.4,2.4,1.8,1.8,0.6,1.8,0.0,1,60.0,50.833333333333336,-1.0,0.0,-1.2000000000000002,9.166666666666664,H,2
2487,2009-10-17,2009/2010,Portsmouth,Tottenham Hotspur,0.6,1.4,0.6,1.4,-0.8,0.2,2.0,1,62.5,53.333333333333336,-0.7999999999999999,-0.7999999999999999,-1.0,9.166666666666664,A,0
2488,2009-10-17,2009/2010,Arsenal,Birmingham City,1.8,0.6,2.4,0.75,1.2,-0.6,1.2806963396144682,0,38.5,70.0,1.2000000000000002,1.65,1.7999999999999998,-31.5,H,2
2486,2009-10-18,2009/2010,Wigan Athletic,Manchester City,1.2,2.0,1.8,1.4,-0.6,0.8,1.5,1,60.833333333333336,59.166666666666664,-0.8,0.40000000000000013,-1.4,1.6666666666666714,D,1
2483,2009-10-18,2009/2010,Blackburn Rovers,Burnley,1.4,1.2,1.6,0.0,-0.8,-1.8,1.2806963396144682,0,59.166666666666664,68.33333333333333,0.19999999999999996,1.6,1.0,-9.166666666666664,H,2
2481,2009-10-19,2009/2010,Fulham,Hull City,0.8,0.8,1.2,0.4,-0.6,-1.6,0.0,1,54.166666666666664,65.0,0.0,0.7999999999999999,1.0,-10.833333333333336,H,2
2126,2009-10-24,2009/2010,Hull City,Portsmouth,0.6,0.6,1.2,0.6,-2.0,-0.8,1.0,1,65.0,62.5,0.0,0.6,-1.2,2.5,D,1
2125,2009-10-24,2009/2010,Wolverhampton Wanderers,Aston Villa,0.8,2.0,1.0,1.4,-1.0,0.6,1.2806963396144682,0,70.0,57.333333333333336,-1.2,-0.3999999999999999,-1.6,12.666666666666664,D,1
2123,2009-10-24,2009/2010,Tottenham Hotspur,Stoke City,1.4,1.0,2.4,0.6,0.2,-0.4,1.5,1,53.333333333333336,60.833333333333336,0.3999999999999999,1.7999999999999998,0.6000000000000001,-7.5,A,0
2122,2009-10-24,2009/2010,Birmingham City,Sunderland,0.6,2.0,1.0,0.8,-0.8,1.0,1.2806963396144682,0,70.0,60.0,-1.4,0.19999999999999996,-1.8,10.0,H,2
2120,2009-10-24,2009/2010,Chelsea,Blackburn Rovers,1.8,1.8,3.0,0.0,0.6,-0.6,3.0,1,57.666666666666664,59.166666666666664,0.0,3.0,1.2,-1.5,H,2
2119,2009-10-24,2009/2010,Burnley,Wigan Athletic,1.2,1.4,3.0,0.6,-1.4,-0.4,1.2806963396144682,0,68.33333333333333,60.833333333333336,-0.19999999999999996,2.4,-0.9999999999999999,7.499999999999993,A,0
2121,2009-10-25,2009/2010,Bolton Wanderers,Everton,1.6,1.6,0.6,1.8,0.2,0.6,0.0,1,57.5,56.666666666666664,0.0,-1.2000000000000002,-0.39999999999999997,0.8333333333333357,H,2
2124,2009-10-25,2009/2010,West Ham United,Arsenal,0.2,2.4,0.8,1.4,-1.0,1.8,0.5,1,44.833333333333336,38.5,-2.1999999999999997,-0.5999999999999999,-2.8,6.333333333333336,D,1
2127,2009-10-25,2009/2010,Liverpool,Manchester United,1.8,2.6,2.4,2.4,1.4,1.2,3.0,1,50.833333333333336,52.5,-0.8,0.0,0.19999999999999996,-1.6666666666666643,H,2
2128,2009-10-25,2009/2010,Manchester City,Fulham,1.6,1.4,3.0,1.4,0.6,0.2,0.5,1,59.166666666666664,54.166666666666664,0.20000000000000018,1.6,0.39999999999999997,5.0,D,1
2131,2009-10-31,2009/2010,Fulham,Liverpool,1.0,1.8,1.2,1.2,0.0,1.0,0.5,1,54.166666666666664,50.833333333333336,-0.8,0.0,-1.0,3.3333333333333286,H,2
2133,2009-10-31,2009/2010,Burnley,Hull City,1.2,0.8,2.4,0.2,-1.0,-1.4,1.2806963396144682,0,68.33333333333333,65.0,0.3999999999999999,2.1999999999999997,0.3999999999999999,3.3333333333333286,H,2
2138,2009-10-31,2009/2010,Sunderland,West Ham United,1.4,0.4,2.4,0.8,0.2,-0.8,0.0,1,60.0,44.833333333333336,0.9999999999999999,1.5999999999999999,1.0,15.166666666666664,D,1
2130,2009-10-31,2009/2010,Manchester United,Blackburn Rovers,2.0,1.2,2.6,0.0,0.4,-2.0,3.0,1,52.5,59.166666666666664,0.8,2.6,2.4,-6.666666666666664,H,2
2137,2009-10-31,2009/2010,Stoke City,Wolverhampton Wanderers,1.6,1.0,1.8,0.8,0.0,-0.6,1.2806963396144682,0,60.833333333333336,70.0,0.6000000000000001,1.0,0.6,-9.166666666666664,D,1
2129,2009-10-31,2009/2010,Portsmouth,Wigan Athletic,0.8,1.4,0.0,1.2,-0.6,-0.2,0.0,1,62.5,60.833333333333336,-0.5999999999999999,-1.2,-0.39999999999999997,1.6666666666666643,H,2
2132,2009-10-31,2009/2010,Everton,Aston Villa,1.6,1.6,1.6,1.6,0.6,0.4,0.5,1,56.666666666666664,57.333333333333336,0.0,0.0,0.19999999999999996,-0.6666666666666714,D,1
2134,2009-10-31,2009/2010,Bolton Wanderers,Chelsea,1.6,1.8,1.0,1.8,0.2,1.4,0.0,1,57.5,57.666666666666664,-0.19999999999999996,-0.8,-1.2,-0.1666666666666643,A,0
2136,2009-10-31,2009/2010,Arsenal,Tottenham Hotspur,2.6,1.4,3.0,2.0,2.2,0.4,1.0,1,38.5,53.333333333333336,1.2000000000000002,1.0,1.8000000000000003,-14.833333333333336,H,2
2135,2009-11-01,2009/2010,Birmingham City,Manchester City,1.2,1.2,1.4,1.6,-0.4,0.2,1.2806963396144682,0,70.0,59.166666666666664,0.0,-0.20000000000000018,-0.6000000000000001,10.833333333333336,D,1
2221,2009-11-04,2009/2010,West Ham United,Aston Villa,0.6,1.2,1.0,1.6,-0.6,0.0,0.5,1,44.833333333333336,57.333333333333336,-0.6,-0.6000000000000001,-0.6,-12.5,H,2
2141,2009-11-07,2009/2010,Wolverhampton Wanderers,Arsenal,0.6,2.6,1.0,1.4,-0.8,2.0,1.2806963396144682,0,70.0,38.5,-2.0,-0.3999999999999999,-2.8,31.5,A,0
2143,2009-11-07,2009/2010,Tottenham Hotspur,Sunderland,1.4,1.6,1.8,0.8,0.4,0.6,0.5,1,53.333333333333336,60.0,-0.20000000000000018,1.0,-0.19999999999999996,-6.666666666666664,H,2
2144,2009-11-07,2009/2010,Manchester City,Burnley,1.4,1.2,2.6,0.0,0.4,-1.0,1.2806963396144682,0,59.166666666666664,68.33333333333333,0.19999999999999996,2.6,1.4,-9.166666666666664,D,1
2146,2009-11-07,2009/2010,Aston Villa,Bolton Wanderers,1.2,1.4,2.0,1.2,0.0,-0.6,2.0,1,57.333333333333336,57.5,-0.19999999999999996,0.8,0.6,-0.1666666666666643,H,2
2147,2009-11-07,2009/2010,Blackburn Rovers,Portsmouth,1.2,1.4,2.0,0.8,-1.8,0.6,1.5,1,59.166666666666664,62.5,-0.19999999999999996,1.2,-2.4,-3.3333333333333357,H,2
2148,2009-11-08,2009/2010,Chelsea,Manchester United,1.8,2.0,3.0,1.8,1.6,0.6,0.5,1,57.666666666666664,52.5,-0.19999999999999996,1.2,1.0,5.166666666666664,H,2
2142,2009-11-08,2009/2010,West Ham United,Everton,1.2,1.2,1.0,1.2,0.0,0.0,0.0,1,44.833333333333336,56.666666666666664,0.0,-0.19999999999999996,0.0,-11.833333333333329,A,0
2139,2009-11-08,2009/2010,Wigan Athletic,Fulham,1.4,1.6,1.4,1.0,-0.2,0.6,0.5,1,60.833333333333336,54.166666666666664,-0.20000000000000018,0.3999999999999999,-0.8,6.666666666666671,D,1
2140,2009-11-08,2009/2010,Hull City,Stoke City,0.8,1.6,1.4,1.2,-1.6,0.0,0.5,1,65.0,60.833333333333336,-0.8,0.19999999999999996,-1.6,4.166666666666664,H,2
2145,2009-11-09,2009/2010,Liverpool,Birmingham City,1.2,0.8,2.4,0.6,0.4,-0.6,1.2806963396144682,0,50.833333333333336,70.0,0.3999999999999999,1.7999999999999998,1.0,-19.166666666666664,D,1
2149,2009-11-21,2009/2010,Birmingham City,Fulham,1.0,1.8,1.0,0.6,-0.4,0.8,1.2806963396144682,0,70.0,54.166666666666664,-0.8,0.4,-1.2000000000000002,15.833333333333336,H,2
2150,2009-11-21,2009/2010,Sunderland,Arsenal,1.0,2.6,2.6,1.4,-0.4,2.4,1.0,1,60.0,38.5,-1.6,1.2000000000000002,-2.8,21.5,H,2
2152,2009-11-21,2009/2010,Burnley,Aston Villa,1.4,1.6,2.4,1.0,0.0,0.8,1.2806963396144682,0,68.33333333333333,57.333333333333336,-0.20000000000000018,1.4,-0.8,10.999999999999993,D,1
2153,2009-11-21,2009/2010,Chelsea,Wolverhampton Wanderers,2.4,0.6,3.0,0.4,2.2,-0.8,1.2806963396144682,0,57.666666666666664,70.0,1.7999999999999998,2.6,3.0,-12.333333333333336,H,2
2154,2009-11-21,2009/2010,Hull City,West Ham United,1.4,1.0,2.0,0.4,-0.4,-0.2,1.5,1,65.0,44.833333333333336,0.3999999999999999,1.6,-0.2,20.166666666666664,D,1
2155,2009-11-21,2009/2010,Liverpool,Manchester City,0.8,1.0,2.0,1.2,-0.6,0.0,2.0,1,50.833333333333336,59.166666666666664,-0.19999999999999996,0.8,-0.6,-8.333333333333329,D,1
2156,2009-11-21,2009/2010,Manchester United,Everton,1.4,1.2,2.6,1.2,0.0,0.0,2.0,1,52.5,56.666666666666664,0.19999999999999996,1.4000000000000001,0.0,-4.166666666666664,H,2
2157,2009-11-22,2009/2010,Tottenham Hotspur,Wigan Athletic,1.4,1.0,1.8,0.6,-0.2,-0.6,0.5,1,53.333333333333336,60.833333333333336,0.3999999999999999,1.2000000000000002,0.39999999999999997,-7.5,H,2
2151,2009-11-22,2009/2010,Stoke City,Portsmouth,1.6,1.4,1.4,0.8,0.2,0.4,0.5,1,60.833333333333336,62.5,0.20000000000000018,0.5999999999999999,-0.2,-1.6666666666666643,H,2
2158,2009-11-22,2009/2010,Bolton Wanderers,Blackburn Rovers,0.8,1.2,1.0,0.0,-1.6,-1.6,1.0,1,57.5,59.166666666666664,-0.3999999999999999,1.0,0.0,-1.6666666666666643,A,0
2193,2009-11-25,2009/2010,Hull City,Everton,1.0,1.0,1.6,1.2,-0.6,-0.6,0.5,1,65.0,56.666666666666664,0.0,0.40000000000000013,0.0,8.333333333333336,H,2
2222,2009-11-25,2009/2010,Fulham,Blackburn Rovers,1.6,1.8,1.8,0.6,0.6,-0.4,0.0,1,54.166666666666664,59.166666666666664,-0.19999999999999996,1.2000000000000002,1.0,-5.0,H,2
2159,2009-11-28,2009/2010,Portsmouth,Manchester United,0.8,1.8,0.6,1.8,0.0,0.6,0.0,1,62.5,52.5,-1.0,-1.2000000000000002,-0.6,10.0,A,0
2163,2009-11-28,2009/2010,Fulham,Bolton Wanderers,1.6,0.6,2.4,1.2,0.8,-2.0,3.0,1,54.166666666666664,57.5,1.0,1.2,2.8,-3.3333333333333357,D,1
2162,2009-11-28,2009/2010,Manchester City,Hull City,1.0,1.6,2.2,0.2,0.0,0.0,2.0,1,59.166666666666664,65.0,-0.6000000000000001,2.0,0.0,-5.833333333333336,D,1
2160,2009-11-28,2009/2010,West Ham United,Burnley,1.2,1.0,1.0,0.2,0.0,-0.2,1.2806963396144682,0,44.833333333333336,68.33333333333333,0.19999999999999996,0.8,0.2,-23.499999999999993,H,2
2165,2009-11-28,2009/2010,Blackburn Rovers,Stoke City,1.2,2.0,2.6,1.2,-1.2,0.4,1.5,1,59.166666666666664,60.833333333333336,-0.8,1.4000000000000001,-1.6,-1.6666666666666714,D,1
2166,2009-11-28,2009/2010,Aston Villa,Tottenham Hotspur,1.2,1.8,2.6,1.4,0.6,1.4,1.5,1,57.333333333333336,53.333333333333336,-0.6000000000000001,1.2000000000000002,-0.7999999999999999,4.0,D,1
2168,2009-11-28,2009/2010,Wigan Athletic,Sunderland,1.0,1.4,1.6,0.2,-2.0,-0.2,2.0,1,60.833333333333336,60.0,-0.3999999999999999,1.4000000000000001,-1.8,0.8333333333333357,H,2
2164,2009-11-29,2009/2010,Everton,Liverpool,0.8,1.0,1.8,1.2,-0.8,-0.2,0.5,1,56.666666666666664,50.833333333333336,-0.19999999999999996,0.6000000000000001,-0.6000000000000001,5.833333333333329,A,0
2167,2009-11-29,2009/2010,Arsenal,Chelsea,2.0,2.4,3.0,1.8,1.4,2.6,1.5,1,38.5,57.666666666666664,-0.3999999999999999,1.2,-1.2000000000000002,-19.166666666666664,A,0
2161,2009-11-29,2009/2010,Wolverhampton Wanderers,Birmingham City,0.6,1.6,1.0,0.8,-1.4,0.0,1.2806963396144682,0,70.0,70.0,-1.0,0.19999999999999996,-1.4,0.0,A,0
2169,2009-12-05,2009/2010,Portsmouth,Burnley,0.8,1.0,0.6,0.2,-0.4,-0.4,1.2806963396144682,0,62.5,68.33333333333333,-0.19999999999999996,0.39999999999999997,0.0,-5.833333333333329,H,2
2170,2009-12-05,2009/2010,West Ham United,Manchester United,1.6,1.8,1.6,1.8,0.4,1.0,0.0,1,44.833333333333336,52.5,-0.19999999999999996,-0.19999999999999996,-0.6,-7.666666666666664,A,0
2171,2009-12-05,2009/2010,Wigan Athletic,Birmingham City,1.4,2.2,2.2,1.4,-1.8,0.6,1.2806963396144682,0,60.833333333333336,70.0,-0.8000000000000003,0.8000000000000003,-2.4,-9.166666666666664,A,0
2172,2009-12-05,2009/2010,Wolverhampton Wanderers,Bolton Wanderers,0.4,0.8,0.8,1.4,-1.6,-1.8,1.2806963396144682,0,70.0,57.5,-0.4,-0.5999999999999999,0.19999999999999996,12.5,H,2
2173,2009-12-05,2009/2010,Manchester City,Chelsea,1.0,3.0,1.8,1.8,0.0,3.4,0.0,1,59.166666666666664,57.666666666666664,-2.0,0.0,-3.4,1.5,H,2
2176,2009-12-05,2009/2010,Blackburn Rovers,Liverpool,1.4,1.6,2.6,1.2,-0.2,0.4,0.0,1,59.166666666666664,50.833333333333336,-0.20000000000000018,1.4000000000000001,-0.6000000000000001,8.333333333333329,D,1
2177,2009-12-05,2009/2010,Aston Villa,Hull City,1.2,1.6,2.2,0.2,0.6,0.0,3.0,1,57.333333333333336,65.0,-0.40000000000000013,2.0,0.6,-7.666666666666664,H,2
2178,2009-12-05,2009/2010,Arsenal,Stoke City,1.4,1.6,2.4,1.2,0.4,0.2,1.5,1,38.5,60.833333333333336,-0.20000000000000018,1.2,0.2,-22.333333333333336,H,2
2174,2009-12-06,2009/2010,Fulham,Sunderland,1.6,0.8,2.0,0.2,0.8,-0.6,0.5,1,54.166666666666664,60.0,0.8,1.8,1.4,-5.833333333333336,H,2
2175,2009-12-06,2009/2010,Everton,Tottenham Hotspur,0.8,1.4,1.2,1.0,-1.0,1.2,2.0,1,56.666666666666664,53.333333333333336,-0.5999999999999999,0.19999999999999996,-2.2,3.3333333333333286,D,1
2186,2009-12-12,2009/2010,Burnley,Fulham,1.0,1.6,2.0,0.6,-0.4,0.6,1.2806963396144682,0,68.33333333333333,54.166666666666664,-0.6000000000000001,1.4,-1.0,14.166666666666664,D,1
2185,2009-12-12,2009/2010,Chelsea,Everton,2.4,0.8,3.0,1.2,2.2,-1.0,1.0,1,57.666666666666664,56.666666666666664,1.5999999999999999,1.8,3.2,1.0,D,1
2184,2009-12-12,2009/2010,Hull City,Blackburn Rovers,1.6,1.6,2.2,0.6,-0.2,0.2,0.5,1,65.0,59.166666666666664,0.0,1.6,-0.4,5.833333333333336,D,1
2187,2009-12-12,2009/2010,Bolton Wanderers,Manchester City,0.2,1.4,1.0,0.8,-2.2,0.2,1.5,1,57.5,59.166666666666664,-1.2,0.19999999999999996,-2.4000000000000004,-1.6666666666666643,D,1
2181,2009-12-12,2009/2010,Sunderland,Portsmouth,0.8,1.2,2.6,0.8,-0.6,0.0,0.0,1,60.0,62.5,-0.3999999999999999,1.8,-0.6,-2.5,D,1
2180,2009-12-12,2009/2010,Stoke City,Wigan Athletic,1.0,0.8,1.4,0.6,-0.4,-2.4,2.0,1,60.833333333333336,60.833333333333336,0.19999999999999996,0.7999999999999999,2.0,0.0,D,1
2179,2009-12-12,2009/2010,Manchester United,Aston Villa,2.4,1.6,2.6,0.6,2.2,1.2,2.0,1,52.5,57.333333333333336,0.7999999999999998,2.0,1.0000000000000002,-4.833333333333336,A,0
2182,2009-12-12,2009/2010,Tottenham Hotspur,Wolverhampton Wanderers,1.6,0.8,1.8,0.4,1.4,-1.4,1.2806963396144682,0,53.333333333333336,70.0,0.8,1.4,2.8,-16.666666666666664,A,0
2188,2009-12-12,2009/2010,Birmingham City,West Ham United,2.2,1.4,1.4,0.4,0.6,-0.4,1.2806963396144682,0,70.0,44.833333333333336,0.8000000000000003,0.9999999999999999,1.0,25.166666666666664,H,2
2183,2009-12-13,2009/2010,Liverpool,Arsenal,1.2,1.8,2.2,1.4,0.0,0.8,1.0,1,50.833333333333336,38.5,-0.6000000000000001,0.8000000000000003,-0.8,12.333333333333336,A,0
2190,2009-12-15,2009/2010,Sunderland,Aston Villa,0.8,2.2,2.2,1.2,-0.6,1.6,0.0,1,60.0,57.333333333333336,-1.4000000000000001,1.0000000000000002,-2.2,2.6666666666666643,A,0
2192,2009-12-15,2009/2010,Manchester United,Wolverhampton Wanderers,1.8,1.2,2.0,1.0,1.6,-1.2,1.2806963396144682,0,52.5,70.0,0.6000000000000001,1.0,2.8,-17.5,H,2
2195,2009-12-15,2009/2010,Bolton Wanderers,West Ham United,0.4,0.8,1.0,0.4,-1.4,-0.8,3.0,1,57.5,44.833333333333336,-0.4,0.6,-0.5999999999999999,12.666666666666664,H,2
2196,2009-12-15,2009/2010,Birmingham City,Blackburn Rovers,2.6,1.2,2.0,0.8,0.8,-0.2,1.2806963396144682,0,70.0,59.166666666666664,1.4000000000000001,1.2,1.0,10.833333333333336,H,2
2189,2009-12-16,2009/2010,Tottenham Hotspur,Manchester City,1.6,1.4,1.8,1.0,1.8,0.2,3.0,1,53.333333333333336,59.166666666666664,0.20000000000000018,0.8,1.6,-5.833333333333329,H,2
2194,2009-12-16,2009/2010,Burnley,Arsenal,0.6,1.8,1.6,2.0,-0.8,0.4,1.2806963396144682,0,68.33333333333333,38.5,-1.2000000000000002,-0.3999999999999999,-1.2000000000000002,29.83333333333333,D,1
2197,2009-12-16,2009/2010,Liverpool,Wigan Athletic,1.2,1.0,1.6,0.8,0.2,-1.6,2.0,1,50.833333333333336,60.833333333333336,0.19999999999999996,0.8,1.8,-10.0,H,2
2198,2009-12-16,2009/2010,Chelsea,Portsmouth,2.0,0.8,2.6,1.0,1.4,-0.8,3.0,1,57.666666666666664,62.5,1.2,1.6,2.2,-4.833333333333336,H,2
2208,2009-12-19,2009/2010,Aston Villa,Stoke City,2.2,1.0,2.2,1.0,1.2,-0.4,0.5,1,57.333333333333336,60.833333333333336,1.2000000000000002,1.2000000000000002,1.6,-3.5,H,2
2207,2009-12-19,2009/2010,Blackburn Rovers,Tottenham Hotspur,0.6,1.6,2.2,1.2,-0.8,2.0,1.5,1,59.166666666666664,53.333333333333336,-1.0,1.0000000000000002,-2.8,5.833333333333329,A,0
2205,2009-12-19,2009/2010,Fulham,Manchester United,1.6,2.4,2.6,1.8,0.6,2.4,1.5,1,54.166666666666664,52.5,-0.7999999999999998,0.8,-1.7999999999999998,1.6666666666666643,H,2
2199,2009-12-19,2009/2010,Arsenal,Hull City,1.4,1.2,2.4,0.2,-0.2,-0.4,1.5,1,38.5,65.0,0.19999999999999996,2.1999999999999997,0.2,-26.5,H,2
2203,2009-12-19,2009/2010,Portsmouth,Liverpool,0.8,1.6,1.2,0.8,-0.6,0.4,0.0,1,62.5,50.833333333333336,-0.8,0.3999999999999999,-1.0,11.666666666666664,H,2
2204,2009-12-19,2009/2010,Manchester City,Sunderland,1.2,0.8,1.8,0.2,-0.4,-0.6,3.0,1,59.166666666666664,60.0,0.3999999999999999,1.6,0.19999999999999996,-0.8333333333333357,H,2
2202,2009-12-20,2009/2010,West Ham United,Chelsea,0.8,2.0,1.4,1.2,-1.0,1.4,0.5,1,44.833333333333336,57.666666666666664,-1.2,0.19999999999999996,-2.4,-12.833333333333329,D,1
2200,2009-12-20,2009/2010,Wolverhampton Wanderers,Burnley,1.2,0.6,0.8,0.2,-1.2,-0.8,1.2806963396144682,0,70.0,68.33333333333333,0.6,0.6000000000000001,-0.3999999999999999,1.6666666666666714,H,2
2206,2009-12-20,2009/2010,Everton,Birmingham City,0.4,3.0,0.8,1.4,-1.2,1.0,1.2806963396144682,0,56.666666666666664,70.0,-2.6,-0.5999999999999999,-2.2,-13.333333333333336,D,1
2215,2009-12-26,2009/2010,Fulham,Tottenham Hotspur,2.2,1.6,2.6,1.6,1.4,0.8,2.0,1,54.166666666666664,53.333333333333336,0.6000000000000001,1.0,0.5999999999999999,0.8333333333333286,D,1
2216,2009-12-26,2009/2010,Burnley,Bolton Wanderers,0.4,1.0,1.2,0.8,-1.2,-0.2,1.2806963396144682,0,68.33333333333333,57.5,-0.6,0.3999999999999999,-1.0,10.833333333333329,D,1
2213,2009-12-26,2009/2010,Liverpool,Wolverhampton Wanderers,1.4,1.8,1.6,1.0,0.0,0.0,1.2806963396144682,0,50.833333333333336,70.0,-0.40000000000000013,0.6000000000000001,0.0,-19.166666666666664,H,2
2217,2009-12-26,2009/2010,Birmingham City,Chelsea,2.6,1.6,2.6,1.4,0.8,0.6,1.2806963396144682,0,70.0,57.666666666666664,1.0,1.2000000000000002,0.20000000000000007,12.333333333333336,D,1
2211,2009-12-26,2009/2010,Sunderland,Everton,0.2,0.6,1.6,0.8,-1.0,-0.6,0.0,1,60.0,56.666666666666664,-0.39999999999999997,0.8,-0.4,3.3333333333333357,D,1
2210,2009-12-26,2009/2010,West Ham United,Portsmouth,0.8,1.4,1.4,0.4,-1.0,0.0,2.0,1,44.833333333333336,62.5,-0.5999999999999999,0.9999999999999999,-1.0,-17.666666666666664,H,2
2209,2009-12-26,2009/2010,Wigan Athletic,Blackburn Rovers,0.8,0.6,1.6,0.8,-1.8,-0.6,1.5,1,60.833333333333336,59.166666666666664,0.20000000000000007,0.8,-1.2000000000000002,1.6666666666666714,D,1
2212,2009-12-26,2009/2010,Manchester City,Stoke City,1.6,1.0,1.8,0.8,-0.2,-0.4,1.5,1,59.166666666666664,60.833333333333336,0.6000000000000001,1.0,0.2,-1.6666666666666714,H,2
2218,2009-12-27,2009/2010,Arsenal,Aston Villa,2.0,2.6,2.4,1.6,0.6,1.4,0.5,1,38.5,57.333333333333336,-0.6000000000000001,0.7999999999999998,-0.7999999999999999,-18.833333333333336,H,2
2214,2009-12-27,2009/2010,Hull City,Manchester United,1.0,1.8,1.8,1.2,-1.0,1.2,0.0,1,65.0,52.5,-0.8,0.6000000000000001,-2.2,12.5,A,0
2229,2009-12-28,2009/2010,Wolverhampton Wanderers,Manchester City,1.8,2.0,1.4,0.8,-0.2,0.2,0.0,1,70.0,59.166666666666664,-0.19999999999999996,0.5999999999999999,-0.4,10.833333333333336,A,0
2230,2009-12-28,2009/2010,Tottenham Hotspur,West Ham United,1.6,0.8,1.8,0.4,0.8,-1.0,3.0,1,53.333333333333336,44.833333333333336,0.8,1.4,1.8,8.5,H,2
2231,2009-12-28,2009/2010,Stoke City,Birmingham City,0.4,2.2,1.6,1.6,-1.0,0.6,1.0,1,60.833333333333336,70.0,-1.8000000000000003,0.0,-1.6,-9.166666666666664,A,0
2233,2009-12-28,2009/2010,Everton,Burnley,0.8,0.6,0.8,0.2,-0.4,-0.8,0.0,1,56.666666666666664,68.33333333333333,0.20000000000000007,0.6000000000000001,0.4,-11.666666666666664,H,2
2234,2009-12-28,2009/2010,Chelsea,Fulham,1.2,1.8,2.6,0.8,0.0,0.8,2.3333333333333335,1,57.666666666666664,54.166666666666664,-0.6000000000000001,1.8,-0.8,3.5,H,2
2236,2009-12-28,2009/2010,Blackburn Rovers,Sunderland,0.6,0.4,1.6,0.0,-0.6,-0.8,0.3333333333333333,1,59.166666666666664,60.0,0.19999999999999996,1.6,0.20000000000000007,-0.8333333333333357,D,1
2235,2009-12-29,2009/2010,Bolton Wanderers,Hull City,1.2,0.4,1.4,0.2,0.2,-1.6,1.3333333333333333,1,57.5,65.0,0.7999999999999999,1.2,1.8,-7.5,D,1
2237,2009-12-29,2009/2010,Aston Villa,Liverpool,2.4,1.4,2.6,0.8,0.8,0.0,1.3333333333333333,1,57.333333333333336,50.833333333333336,1.0,1.8,0.8,6.5,A,0
2232,2009-12-30,2009/2010,Portsmouth,Arsenal,1.4,2.6,1.8,1.6,0.2,1.8,0.0,1,62.5,38.5,-1.2000000000000002,0.19999999999999996,-1.6,24.0,A,0
2238,2009-12-30,2009/2010,Manchester United,Wigan Athletic,1.8,1.0,2.4,0.8,1.0,-0.2,3.0,1,52.5,60.833333333333336,0.8,1.5999999999999999,1.2,-8.333333333333336,H,2
2191,2010-01-05,2009/2010,Stoke City,Fulham,0.2,1.6,1.6,0.6,-1.2,0.6,0.5,1,60.833333333333336,54.166666666666664,-1.4000000000000001,1.0,-1.7999999999999998,6.666666666666671,H,2
2247,2010-01-09,2009/2010,Birmingham City,Manchester United,2.2,1.8,2.2,1.8,0.6,1.2,0.0,1,70.0,52.5,0.40000000000000013,0.40000000000000013,-0.6,17.5,D,1
2248,2010-01-09,2009/2010,Arsenal,Everton,2.6,1.4,2.4,1.0,2.0,0.4,2.3333333333333335,1,38.5,56.666666666666664,1.2000000000000002,1.4,1.6,-18.166666666666664,D,1
2241,2010-01-11,2009/2010,Manchester City,Blackburn Rovers,2.0,0.6,2.2,1.0,0.6,-0.6,2.3333333333333335,1,59.166666666666664,59.166666666666664,1.4,1.2000000000000002,1.2,0.0,H,2
2250,2010-01-16,2009/2010,Stoke City,Liverpool,0.8,1.8,1.6,1.4,-0.6,0.2,0.6666666666666666,1,60.833333333333336,50.833333333333336,-1.0,0.20000000000000018,-0.8,10.0,D,1
2251,2010-01-16,2009/2010,Tottenham Hotspur,Hull City,2.0,0.4,2.4,0.4,1.2,-1.6,2.0,1,53.333333333333336,65.0,1.6,2.0,2.8,-11.666666666666664,D,1
2252,2010-01-16,2009/2010,Wolverhampton Wanderers,Wigan Athletic,1.2,0.4,1.2,0.2,-1.0,-1.4,3.0,1,70.0,60.833333333333336,0.7999999999999999,1.0,0.3999999999999999,9.166666666666664,A,0
2253,2010-01-16,2009/2010,Manchester United,Burnley,2.0,0.6,2.4,0.2,1.4,-0.8,0.0,1,52.5,68.33333333333333,1.4,2.1999999999999997,2.2,-15.833333333333329,H,2
2254,2010-01-16,2009/2010,Everton,Manchester City,1.4,2.4,1.2,1.2,0.4,1.2,1.5,1,56.666666666666664,59.166666666666664,-1.0,0.0,-0.7999999999999999,-2.5,H,2
2255,2010-01-16,2009/2010,Chelsea,Sunderland,1.8,0.6,2.6,0.2,0.4,-0.6,3.0,1,57.666666666666664,60.0,1.2000000000000002,2.4,1.0,-2.3333333333333357,H,2
2258,2010-01-17,2009/2010,Aston Villa,West Ham United,1.8,0.8,2.0,0.4,0.0,-0.6,1.3333333333333333,1,57.333333333333336,44.833333333333336,1.0,1.6,0.6,12.5,D,1
2256,2010-01-17,2009/2010,Bolton Wanderers,Arsenal,1.2,2.2,1.0,2.0,0.2,1.8,0.0,1,57.5,38.5,-1.0000000000000002,-1.0,-1.6,19.0,A,0
2257,2010-01-17,2009/2010,Blackburn Rovers,Fulham,0.4,1.0,1.2,0.4,-1.2,0.2,2.0,1,59.166666666666664,54.166666666666664,-0.6,0.7999999999999999,-1.4,5.0,H,2
2219,2010-01-20,2009/2010,Arsenal,Bolton Wanderers,2.6,1.2,2.0,0.4,2.2,0.0,3.0,1,38.5,57.5,1.4000000000000001,1.6,2.2,-19.0,H,2
2242,2010-01-20,2009/2010,Liverpool,Tottenham Hotspur,2.0,2.2,1.6,1.2,0.4,1.4,1.0,1,50.833333333333336,53.333333333333336,-0.20000000000000018,0.40000000000000013,-0.9999999999999999,-2.5,H,2
2263,2010-01-23,2009/2010,Manchester United,Hull City,2.0,0.6,2.4,0.6,1.4,-1.0,3.0,1,52.5,65.0,1.4,1.7999999999999998,2.4,-12.5,H,2
2259,2010-01-26,2009/2010,Wolverhampton Wanderers,Liverpool,0.6,2.0,1.2,1.6,-1.6,0.6,0.0,1,70.0,50.833333333333336,-1.4,-0.40000000000000013,-2.2,19.166666666666664,D,1
2260,2010-01-26,2009/2010,Tottenham Hotspur,Fulham,1.6,0.8,2.0,0.2,0.4,-0.2,0.6666666666666666,1,53.333333333333336,54.166666666666664,0.8,1.8,0.6000000000000001,-0.8333333333333286,H,2
2262,2010-01-26,2009/2010,Portsmouth,West Ham United,0.8,1.0,1.8,0.4,-0.8,-0.4,0.3333333333333333,1,62.5,44.833333333333336,-0.19999999999999996,1.4,-0.4,17.666666666666664,D,1
2264,2010-01-26,2009/2010,Bolton Wanderers,Burnley,1.0,0.4,1.0,0.0,-0.4,-1.4,1.0,1,57.5,68.33333333333333,0.6,1.0,0.9999999999999999,-10.833333333333329,H,2
2268,2010-01-27,2009/2010,Aston Villa,Arsenal,1.4,2.6,1.6,2.0,-0.2,2.0,1.3333333333333333,1,57.333333333333336,38.5,-1.2000000000000002,-0.3999999999999999,-2.2,18.833333333333336,D,1
2267,2010-01-27,2009/2010,Blackburn Rovers,Wigan Athletic,1.0,1.0,1.2,0.8,-0.6,-0.8,1.3333333333333333,1,59.166666666666664,60.833333333333336,0.0,0.3999999999999999,0.20000000000000007,-1.6666666666666714,H,2
2265,2010-01-27,2009/2010,Everton,Sunderland,1.8,0.4,1.6,0.2,0.8,-1.6,2.3333333333333335,1,56.666666666666664,60.0,1.4,1.4000000000000001,2.4000000000000004,-3.3333333333333357,H,2
2266,2010-01-27,2009/2010,Chelsea,Birmingham City,2.2,1.8,2.6,2.2,1.4,0.4,1.0,1,57.666666666666664,70.0,0.40000000000000013,0.3999999999999999,0.9999999999999999,-12.333333333333336,H,2
2269,2010-01-30,2009/2010,West Ham United,Blackburn Rovers,1.2,1.6,1.4,0.4,0.0,0.0,1.6666666666666667,1,44.833333333333336,59.166666666666664,-0.40000000000000013,0.9999999999999999,0.0,-14.333333333333329,D,1
2270,2010-01-30,2009/2010,Wigan Athletic,Everton,0.8,2.2,1.2,0.6,-1.0,1.2,1.0,1,60.833333333333336,56.666666666666664,-1.4000000000000001,0.6,-2.2,4.166666666666671,A,0
2273,2010-01-30,2009/2010,Liverpool,Bolton Wanderers,2.2,1.0,2.0,0.4,1.0,-0.6,3.0,1,50.833333333333336,57.5,1.2000000000000002,1.6,1.6,-6.666666666666664,H,2
2274,2010-01-30,2009/2010,Hull City,Wolverhampton Wanderers,0.4,0.8,1.6,0.8,-1.8,-1.0,1.0,1,65.0,70.0,-0.4,0.8,-0.8,-5.0,D,1
2275,2010-01-30,2009/2010,Fulham,Aston Villa,0.2,1.0,2.2,1.4,-1.2,-0.6,1.3333333333333333,1,54.166666666666664,57.333333333333336,-0.8,0.8000000000000003,-0.6,-3.1666666666666714,A,0
2276,2010-01-30,2009/2010,Burnley,Chelsea,0.2,2.2,1.4,1.6,-1.6,1.8,0.0,1,68.33333333333333,57.666666666666664,-2.0,-0.20000000000000018,-3.4000000000000004,10.666666666666664,A,0
2278,2010-01-30,2009/2010,Birmingham City,Tottenham Hotspur,1.2,1.6,2.2,1.2,-0.4,0.4,0.0,1,70.0,53.333333333333336,-0.40000000000000013,1.0000000000000002,-0.8,16.666666666666664,D,1
2272,2010-01-31,2009/2010,Manchester City,Portsmouth,2.4,0.8,2.6,0.2,1.4,-0.8,2.0,1,59.166666666666664,62.5,1.5999999999999999,2.4,2.2,-3.3333333333333357,H,2
2277,2010-01-31,2009/2010,Arsenal,Manchester United,2.2,2.6,2.6,2.0,1.4,2.8,1.3333333333333333,1,38.5,52.5,-0.3999999999999999,0.6000000000000001,-1.4,-14.0,A,0
2271,2010-02-01,2009/2010,Sunderland,Stoke City,0.4,0.8,1.2,0.2,-1.6,-0.6,1.0,1,60.0,60.833333333333336,-0.4,1.0,-1.0,-0.8333333333333357,D,1
2243,2010-02-02,2009/2010,Hull City,Chelsea,0.6,2.6,1.2,1.6,-1.2,2.0,0.3333333333333333,1,65.0,57.666666666666664,-2.0,-0.40000000000000013,-3.2,7.333333333333336,D,1
2244,2010-02-03,2009/2010,Fulham,Portsmouth,0.0,0.8,1.6,0.2,-1.6,-1.0,2.3333333333333335,1,54.166666666666664,62.5,-0.8,1.4000000000000001,-0.6000000000000001,-8.333333333333336,H,2
2279,2010-02-06,2009/2010,Manchester United,Portsmouth,2.6,0.2,2.4,0.2,2.8,-1.6,3.0,1,52.5,62.5,2.4,2.1999999999999997,4.4,-10.0,H,2
2280,2010-02-06,2009/2010,Stoke City,Blackburn Rovers,1.0,1.6,1.6,0.6,-0.4,0.0,1.3333333333333333,1,60.833333333333336,59.166666666666664,-0.6000000000000001,1.0,-0.4,1.6666666666666714,H,2
2281,2010-02-06,2009/2010,Sunderland,Wigan Athletic,0.6,0.8,1.2,0.8,-1.4,-1.0,0.3333333333333333,1,60.0,60.833333333333336,-0.20000000000000007,0.3999999999999999,-0.3999999999999999,-0.8333333333333357,D,1
2282,2010-02-06,2009/2010,Tottenham Hotspur,Aston Villa,1.6,1.0,2.0,2.0,0.4,-0.4,1.3333333333333333,1,53.333333333333336,57.333333333333336,0.6000000000000001,0.0,0.8,-4.0,D,1
2283,2010-02-06,2009/2010,Burnley,West Ham United,0.2,1.2,0.8,0.4,-1.4,0.0,0.0,1,68.33333333333333,44.833333333333336,-1.0,0.4,-1.4,23.499999999999993,H,2
2285,2010-02-06,2009/2010,Bolton Wanderers,Fulham,0.8,0.6,1.6,0.2,-1.0,-1.2,0.3333333333333333,1,57.5,54.166666666666664,0.20000000000000007,1.4000000000000001,0.19999999999999996,3.3333333333333357,D,1
2286,2010-02-06,2009/2010,Hull City,Manchester City,0.8,2.4,1.2,1.0,-0.8,1.6,0.6666666666666666,1,65.0,59.166666666666664,-1.5999999999999999,0.19999999999999996,-2.4000000000000004,5.833333333333336,H,2
2287,2010-02-06,2009/2010,Liverpool,Everton,2.2,2.6,2.4,1.2,1.0,1.4,2.3333333333333335,1,50.833333333333336,56.666666666666664,-0.3999999999999999,1.2,-0.3999999999999999,-5.833333333333329,H,2
2284,2010-02-07,2009/2010,Chelsea,Arsenal,2.6,1.6,2.6,2.2,2.0,0.4,2.0,1,57.666666666666664,38.5,1.0,0.3999999999999999,1.6,19.166666666666664,H,2
2288,2010-02-07,2009/2010,Birmingham City,Wolverhampton Wanderers,1.2,0.4,1.8,0.8,-0.4,-1.4,3.0,1,70.0,70.0,0.7999999999999999,1.0,0.9999999999999999,0.0,H,2
2298,2010-02-09,2009/2010,Manchester City,Bolton Wanderers,1.8,0.8,3.0,0.4,1.0,-1.0,1.3333333333333333,1,59.166666666666664,57.5,1.0,2.6,2.0,1.6666666666666643,H,2
2294,2010-02-09,2009/2010,Portsmouth,Sunderland,0.2,0.6,1.4,0.2,-2.2,-1.4,2.3333333333333335,1,62.5,60.0,-0.39999999999999997,1.2,-0.8000000000000003,2.5,D,1
2293,2010-02-09,2009/2010,Wigan Athletic,Stoke City,0.8,1.6,1.0,0.4,-1.0,0.6,0.6666666666666666,1,60.833333333333336,60.833333333333336,-0.8,0.6,-1.6,0.0,D,1
2290,2010-02-09,2009/2010,Fulham,Burnley,0.8,0.6,2.0,0.0,-1.0,-1.2,1.0,1,54.166666666666664,68.33333333333333,0.20000000000000007,2.0,0.19999999999999996,-14.166666666666664,H,2
2289,2010-02-10,2009/2010,Arsenal,Liverpool,1.4,2.2,2.0,1.2,0.0,1.0,1.6666666666666667,1,38.5,50.833333333333336,-0.8000000000000003,0.8,-1.0,-12.333333333333336,H,2
2291,2010-02-10,2009/2010,West Ham United,Birmingham City,0.6,1.6,1.6,2.0,-0.6,-0.2,0.0,1,44.833333333333336,70.0,-1.0,-0.3999999999999999,-0.39999999999999997,-25.166666666666664,H,2
2292,2010-02-10,2009/2010,Wolverhampton Wanderers,Tottenham Hotspur,0.4,1.2,1.4,1.2,-1.2,0.0,3.0,1,70.0,53.333333333333336,-0.7999999999999999,0.19999999999999996,-1.2,16.666666666666664,H,2
2295,2010-02-10,2009/2010,Blackburn Rovers,Hull City,1.4,1.2,1.6,0.4,-0.6,-0.6,1.6666666666666667,1,59.166666666666664,65.0,0.19999999999999996,1.2000000000000002,0.0,-5.833333333333336,H,2
2296,2010-02-10,2009/2010,Aston Villa,Manchester United,1.2,2.6,1.6,2.0,0.2,2.8,1.3333333333333333,1,57.333333333333336,52.5,-1.4000000000000001,-0.3999999999999999,-2.5999999999999996,4.833333333333336,D,1
2297,2010-02-10,2009/2010,Everton,Chelsea,2.0,2.6,2.2,1.2,0.8,2.2,1.0,1,56.666666666666664,57.666666666666664,-0.6000000000000001,1.0000000000000002,-1.4000000000000001,-1.0,H,2
2261,2010-02-16,2009/2010,Stoke City,Manchester City,1.8,1.8,1.6,0.8,0.8,0.8,1.0,1,60.833333333333336,59.166666666666664,0.0,0.8,0.0,1.6666666666666714,D,1
2201,2010-02-17,2009/2010,Wigan Athletic,Bolton Wanderers,1.0,0.8,1.0,0.2,0.0,-1.0,2.0,1,60.833333333333336,57.5,0.19999999999999996,0.8,1.0,3.3333333333333357,D,1
2303,2010-02-20,2009/2010,Everton,Manchester United,2.4,2.6,2.6,1.6,1.0,2.8,0.3333333333333333,1,56.666666666666664,52.5,-0.20000000000000018,1.0,-1.7999999999999998,4.166666666666664,H,2
2304,2010-02-20,2009/2010,Arsenal,Sunderland,1.4,0.6,2.0,0.4,-0.2,-1.4,0.6666666666666666,1,38.5,60.0,0.7999999999999999,1.6,1.2,-21.5,H,2
2306,2010-02-20,2009/2010,Wolverhampton Wanderers,Chelsea,1.0,2.0,1.4,1.2,-0.4,1.0,0.0,1,70.0,57.666666666666664,-1.0,0.19999999999999996,-1.4,12.333333333333336,A,0
2301,2010-02-20,2009/2010,West Ham United,Hull City,1.2,1.0,1.6,0.4,0.2,-0.8,1.3333333333333333,1,44.833333333333336,65.0,0.19999999999999996,1.2000000000000002,1.0,-20.166666666666664,H,2
2300,2010-02-20,2009/2010,Portsmouth,Stoke City,0.4,1.4,1.6,0.4,-1.6,0.6,1.3333333333333333,1,62.5,60.833333333333336,-0.9999999999999999,1.2000000000000002,-2.2,1.6666666666666643,A,0
2299,2010-02-21,2009/2010,Fulham,Birmingham City,1.4,1.0,2.0,1.4,0.0,-0.8,0.0,1,54.166666666666664,70.0,0.3999999999999999,0.6000000000000001,0.8,-15.833333333333336,H,2
2302,2010-02-21,2009/2010,Blackburn Rovers,Bolton Wanderers,2.0,1.0,2.0,0.4,0.2,-0.6,1.6666666666666667,1,59.166666666666664,57.5,1.0,1.6,0.8,1.6666666666666643,H,2
2305,2010-02-21,2009/2010,Wigan Athletic,Tottenham Hotspur,0.6,1.0,0.6,1.0,-0.4,-0.2,1.3333333333333333,1,60.833333333333336,53.333333333333336,-0.4,-0.4,-0.2,7.5,A,0
2307,2010-02-21,2009/2010,Manchester City,Liverpool,1.4,2.0,3.0,1.0,0.2,0.8,0.6666666666666666,1,59.166666666666664,50.833333333333336,-0.6000000000000001,2.0,-0.6000000000000001,8.333333333333329,D,1
2308,2010-02-21,2009/2010,Aston Villa,Burnley,1.4,0.6,1.2,0.0,0.4,-1.4,1.0,1,57.333333333333336,68.33333333333333,0.7999999999999999,1.2,1.7999999999999998,-10.999999999999993,H,2
2312,2010-02-23,2009/2010,Manchester United,West Ham United,2.0,1.6,3.0,0.4,1.8,0.8,3.0,1,52.5,44.833333333333336,0.3999999999999999,2.6,1.0,7.666666666666664,H,2
2318,2010-02-27,2009/2010,Bolton Wanderers,Wolverhampton Wanderers,0.4,1.0,1.6,0.8,-1.4,-0.4,0.0,1,57.5,70.0,-0.6,0.8,-0.9999999999999999,-12.5,H,2
2317,2010-02-27,2009/2010,Burnley,Portsmouth,0.6,0.2,1.2,0.0,-1.4,-1.8,0.0,1,68.33333333333333,62.5,0.39999999999999997,1.2,0.40000000000000013,5.833333333333329,A,0
2316,2010-02-27,2009/2010,Birmingham City,Wigan Athletic,0.8,0.6,1.8,0.8,-1.0,-0.8,3.0,1,70.0,60.833333333333336,0.20000000000000007,1.0,-0.19999999999999996,9.166666666666664,H,2
2311,2010-02-27,2009/2010,Stoke City,Arsenal,1.8,1.4,1.6,1.6,0.8,-0.2,1.0,1,60.833333333333336,38.5,0.40000000000000013,0.0,1.0,22.333333333333336,A,0
2315,2010-02-27,2009/2010,Chelsea,Manchester City,2.0,1.6,3.0,0.8,0.8,0.6,2.0,1,57.666666666666664,59.166666666666664,0.3999999999999999,2.2,0.20000000000000007,-1.5,A,0
2309,2010-02-28,2009/2010,Sunderland,Fulham,0.6,2.0,0.8,0.2,-0.8,0.6,1.3333333333333333,1,60.0,54.166666666666664,-1.4,0.6000000000000001,-1.4,5.833333333333336,D,1
2310,2010-02-28,2009/2010,Tottenham Hotspur,Everton,1.6,2.4,2.2,1.2,0.8,1.0,0.6666666666666666,1,53.333333333333336,56.666666666666664,-0.7999999999999998,1.0000000000000002,-0.19999999999999996,-3.3333333333333286,H,2
2313,2010-02-28,2009/2010,Liverpool,Blackburn Rovers,1.6,2.0,3.0,0.4,0.4,0.4,2.3333333333333335,1,50.833333333333336,59.166666666666664,-0.3999999999999999,2.6,0.0,-8.333333333333329,H,2
2320,2010-03-06,2009/2010,West Ham United,Bolton Wanderers,1.4,1.0,2.2,0.2,0.2,-0.8,0.0,1,44.833333333333336,57.5,0.3999999999999999,2.0,1.0,-12.666666666666664,A,0
2326,2010-03-06,2009/2010,Arsenal,Burnley,1.8,0.6,2.0,0.0,0.2,-1.4,1.0,1,38.5,68.33333333333333,1.2000000000000002,2.0,1.5999999999999999,-29.83333333333333,H,2
2327,2010-03-06,2009/2010,Wolverhampton Wanderers,Manchester United,0.8,2.0,0.8,1.6,-0.6,1.6,0.0,1,70.0,52.5,-1.2,-0.8,-2.2,17.5,A,0
2323,2010-03-07,2009/2010,Everton,Hull City,1.8,1.0,3.0,0.4,0.4,-0.6,1.3333333333333333,1,56.666666666666664,65.0,0.8,2.6,1.0,-8.333333333333336,H,2
2319,2010-03-08,2009/2010,Wigan Athletic,Liverpool,0.6,2.0,0.6,1.2,-0.8,0.6,0.3333333333333333,1,60.833333333333336,50.833333333333336,-1.4,-0.6,-1.4,10.0,H,2
2249,2010-03-09,2009/2010,Portsmouth,Birmingham City,0.8,1.4,1.0,0.8,-1.2,-0.2,0.0,1,62.5,70.0,-0.5999999999999999,0.19999999999999996,-1.0,-7.5,A,0
2246,2010-03-09,2009/2010,Sunderland,Bolton Wanderers,0.8,1.4,0.8,0.8,-0.4,-0.6,1.3333333333333333,1,60.0,57.5,-0.5999999999999999,0.0,0.19999999999999996,2.5,H,2
2245,2010-03-10,2009/2010,Burnley,Stoke City,0.6,1.6,1.0,1.0,-1.6,0.4,0.0,1,68.33333333333333,60.833333333333336,-1.0,0.0,-2.0,7.499999999999993,D,1
2339,2010-03-13,2009/2010,Tottenham Hotspur,Blackburn Rovers,1.6,1.4,2.2,0.4,0.6,0.0,2.0,1,53.333333333333336,59.166666666666664,0.20000000000000018,1.8000000000000003,0.6,-5.833333333333329,H,2
2341,2010-03-13,2009/2010,Stoke City,Aston Villa,1.2,1.8,1.6,2.0,-0.2,1.0,1.3333333333333333,1,60.833333333333336,57.333333333333336,-0.6000000000000001,-0.3999999999999999,-1.2,3.5,D,1
2344,2010-03-13,2009/2010,Hull City,Arsenal,0.8,2.4,1.2,2.0,-1.4,1.0,1.0,1,65.0,38.5,-1.5999999999999999,-0.8,-2.4,26.5,A,0
2345,2010-03-13,2009/2010,Birmingham City,Everton,1.8,1.8,1.8,1.0,0.0,1.0,1.0,1,70.0,56.666666666666664,0.0,0.8,-1.0,13.333333333333336,D,1
2346,2010-03-13,2009/2010,Bolton Wanderers,Wigan Athletic,1.4,1.0,1.6,0.8,-1.0,-0.6,0.6666666666666666,1,57.5,60.833333333333336,0.3999999999999999,0.8,-0.4,-3.3333333333333357,H,2
2347,2010-03-13,2009/2010,Burnley,Wolverhampton Wanderers,0.2,0.6,1.0,0.2,-1.8,-0.8,0.0,1,68.33333333333333,70.0,-0.39999999999999997,0.8,-1.0,-1.6666666666666714,A,0
2348,2010-03-13,2009/2010,Chelsea,West Ham United,1.4,1.2,2.4,0.4,0.2,0.0,1.6666666666666667,1,57.666666666666664,44.833333333333336,0.19999999999999996,2.0,0.2,12.833333333333329,H,2
2342,2010-03-14,2009/2010,Manchester United,Fulham,2.0,2.2,3.0,0.4,1.4,1.0,1.0,1,52.5,54.166666666666664,-0.20000000000000018,2.6,0.3999999999999999,-1.6666666666666643,H,2
2340,2010-03-14,2009/2010,Sunderland,Manchester City,1.2,1.6,1.4,1.4,0.4,0.6,0.0,1,60.0,59.166666666666664,-0.40000000000000013,0.0,-0.19999999999999996,0.8333333333333357,D,1
2343,2010-03-15,2009/2010,Liverpool,Portsmouth,1.4,0.8,3.0,0.6,0.0,-1.2,2.0,1,50.833333333333336,62.5,0.5999999999999999,2.4,1.2,-11.666666666666664,H,2
2239,2010-03-16,2009/2010,Wigan Athletic,Aston Villa,0.8,1.8,1.0,1.6,-1.4,1.0,1.3333333333333333,1,60.833333333333336,57.333333333333336,-1.0,-0.6000000000000001,-2.4,3.5,A,0
2351,2010-03-20,2009/2010,Arsenal,West Ham United,3.0,1.2,2.4,0.4,1.6,-0.4,1.6666666666666667,1,38.5,44.833333333333336,1.8,2.0,2.0,-6.333333333333336,H,2
2352,2010-03-20,2009/2010,Aston Villa,Wolverhampton Wanderers,1.8,1.2,1.2,0.8,0.8,-0.4,1.0,1,57.333333333333336,70.0,0.6000000000000001,0.3999999999999999,1.2000000000000002,-12.666666666666664,D,1
2354,2010-03-20,2009/2010,Portsmouth,Hull City,0.8,0.6,0.4,0.2,-0.8,-1.6,1.0,1,62.5,65.0,0.20000000000000007,0.2,0.8,-2.5,H,2
2355,2010-03-20,2009/2010,Everton,Bolton Wanderers,2.0,1.8,3.0,0.8,1.2,-0.2,2.0,1,56.666666666666664,57.5,0.19999999999999996,2.2,1.4,-0.8333333333333357,H,2
2358,2010-03-20,2009/2010,Stoke City,Tottenham Hotspur,1.2,2.0,1.2,1.0,-0.2,1.0,2.0,1,60.833333333333336,53.333333333333336,-0.8,0.19999999999999996,-1.2,7.5,A,0
2349,2010-03-20,2009/2010,Wigan Athletic,Burnley,0.6,0.2,1.0,0.0,-1.6,-1.4,3.0,1,60.833333333333336,68.33333333333333,0.39999999999999997,1.0,-0.20000000000000018,-7.499999999999993,H,2
2350,2010-03-20,2009/2010,Sunderland,Birmingham City,1.2,1.4,1.4,1.2,0.4,-0.2,0.0,1,60.0,70.0,-0.19999999999999996,0.19999999999999996,0.6000000000000001,-10.0,H,2
2357,2010-03-21,2009/2010,Manchester United,Liverpool,2.0,1.4,3.0,0.6,1.0,0.4,0.0,1,52.5,50.833333333333336,0.6000000000000001,2.4,0.6,1.6666666666666643,H,2
2353,2010-03-21,2009/2010,Blackburn Rovers,Chelsea,1.2,1.8,2.6,1.6,-0.4,0.8,0.0,1,59.166666666666664,57.666666666666664,-0.6000000000000001,1.0,-1.2000000000000002,1.5,D,1
2356,2010-03-21,2009/2010,Fulham,Manchester City,1.6,1.8,2.0,1.0,0.2,0.8,1.6666666666666667,1,54.166666666666664,59.166666666666664,-0.19999999999999996,1.0,-0.6000000000000001,-5.0,A,0
2240,2010-03-23,2009/2010,West Ham United,Wolverhampton Wanderers,0.6,0.8,2.0,1.0,-1.2,-0.6,3.0,1,44.833333333333336,70.0,-0.20000000000000007,1.0,-0.6,-25.166666666666664,A,0
2228,2010-03-24,2009/2010,Manchester City,Everton,1.8,2.0,2.6,1.0,0.6,1.4,1.0,1,59.166666666666664,56.666666666666664,-0.19999999999999996,1.6,-0.7999999999999999,2.5,A,0
2322,2010-03-24,2009/2010,Portsmouth,Chelsea,1.2,1.4,1.0,1.6,-0.6,0.4,0.0,1,62.5,57.666666666666664,-0.19999999999999996,-0.6000000000000001,-1.0,4.833333333333336,A,0
2324,2010-03-24,2009/2010,Blackburn Rovers,Birmingham City,1.4,1.4,2.6,0.6,0.2,-0.2,0.0,1,59.166666666666664,70.0,0.0,2.0,0.4,-10.833333333333336,H,2
2325,2010-03-24,2009/2010,Aston Villa,Sunderland,1.8,1.6,1.4,0.4,0.8,0.8,3.0,1,57.333333333333336,60.0,0.19999999999999996,0.9999999999999999,0.0,-2.6666666666666643,D,1
2366,2010-03-27,2009/2010,Chelsea,Aston Villa,2.0,1.8,2.4,1.6,1.6,0.8,2.0,1,57.666666666666664,57.333333333333336,0.19999999999999996,0.7999999999999998,0.8,0.3333333333333286,H,2
2368,2010-03-27,2009/2010,Birmingham City,Arsenal,1.4,3.0,1.8,2.0,-0.2,1.8,0.0,1,70.0,38.5,-1.6,-0.19999999999999996,-2.0,31.5,D,1
2365,2010-03-27,2009/2010,Hull City,Fulham,0.0,1.4,1.0,0.4,-2.0,0.0,2.0,1,65.0,54.166666666666664,-1.4,0.6,-2.0,10.833333333333336,H,2
2364,2010-03-27,2009/2010,Wolverhampton Wanderers,Everton,1.4,2.0,0.8,1.4,0.2,1.4,1.0,1,70.0,56.666666666666664,-0.6000000000000001,-0.5999999999999999,-1.2,13.333333333333336,D,1
2363,2010-03-27,2009/2010,West Ham United,Stoke City,0.0,1.0,1.4,1.2,-2.2,-0.4,2.0,1,44.833333333333336,60.833333333333336,-1.0,0.19999999999999996,-1.8000000000000003,-16.0,A,0
2362,2010-03-27,2009/2010,Bolton Wanderers,Manchester United,1.8,2.4,2.0,1.6,0.0,1.2,0.0,1,57.5,52.5,-0.5999999999999999,0.3999999999999999,-1.2,5.0,A,0
2361,2010-03-27,2009/2010,Tottenham Hotspur,Portsmouth,2.4,1.2,2.2,0.6,1.2,-1.4,1.3333333333333333,1,53.333333333333336,62.5,1.2,1.6,2.5999999999999996,-9.166666666666664,H,2
2359,2010-03-28,2009/2010,Liverpool,Sunderland,1.4,1.8,3.0,0.4,0.4,1.2,2.0,1,50.833333333333336,60.0,-0.40000000000000013,2.6,-0.7999999999999999,-9.166666666666664,H,2
2367,2010-03-28,2009/2010,Burnley,Blackburn Rovers,0.2,1.4,0.8,0.2,-1.0,0.2,0.0,1,68.33333333333333,59.166666666666664,-1.2,0.6000000000000001,-1.2,9.166666666666664,A,0
2360,2010-03-29,2009/2010,Manchester City,Wigan Athletic,1.6,1.2,2.0,0.8,0.2,-0.8,1.3333333333333333,1,59.166666666666664,60.833333333333336,0.40000000000000013,1.2,1.0,-1.6666666666666714,H,2
2376,2010-04-03,2009/2010,Bolton Wanderers,Aston Villa,1.2,1.2,2.0,1.6,-1.0,-1.0,0.3333333333333333,1,57.5,57.333333333333336,0.0,0.3999999999999999,0.0,0.1666666666666643,A,0
2375,2010-04-03,2009/2010,Burnley,Manchester City,0.2,2.0,0.8,1.6,-1.0,0.8,1.0,1,68.33333333333333,59.166666666666664,-1.8,-0.8,-1.8,9.166666666666664,A,0
2378,2010-04-03,2009/2010,Arsenal,Wolverhampton Wanderers,2.6,1.6,2.4,1.4,1.4,0.4,3.0,1,38.5,70.0,1.0,1.0,0.9999999999999999,-31.5,H,2
2371,2010-04-03,2009/2010,Portsmouth,Blackburn Rovers,0.6,1.4,0.8,0.8,-2.0,-0.2,1.0,1,62.5,59.166666666666664,-0.7999999999999999,0.0,-1.8,3.3333333333333357,D,1
2370,2010-04-03,2009/2010,Stoke City,Hull City,1.0,0.6,1.0,0.0,-0.4,-1.4,1.3333333333333333,1,60.833333333333336,65.0,0.4,1.0,0.9999999999999999,-4.166666666666664,H,2
2369,2010-04-03,2009/2010,Sunderland,Tottenham Hotspur,1.6,3.0,1.8,1.4,0.6,1.8,1.3333333333333333,1,60.0,53.333333333333336,-1.4,0.40000000000000013,-1.2000000000000002,6.666666666666664,H,2
2372,2010-04-03,2009/2010,Manchester United,Chelsea,3.0,2.0,3.0,1.6,2.4,2.4,1.3333333333333333,1,52.5,57.666666666666664,1.0,1.4,0.0,-5.166666666666664,A,0
2374,2010-04-04,2009/2010,Everton,West Ham United,2.2,0.0,3.0,0.2,1.6,-1.8,3.0,1,56.666666666666664,44.833333333333336,2.2,2.8,3.4000000000000004,11.833333333333329,D,1
2377,2010-04-04,2009/2010,Birmingham City,Liverpool,1.0,1.8,1.8,0.4,-0.4,1.0,1.0,1,70.0,50.833333333333336,-0.8,1.4,-1.4,19.166666666666664,D,1
2373,2010-04-04,2009/2010,Fulham,Wigan Athletic,0.8,1.2,1.8,0.2,-1.0,-1.2,1.6666666666666667,1,54.166666666666664,60.833333333333336,-0.3999999999999999,1.6,0.19999999999999996,-6.666666666666671,H,2
2379,2010-04-10,2009/2010,West Ham United,Sunderland,0.2,1.6,1.2,0.4,-1.6,0.2,2.3333333333333335,1,44.833333333333336,60.0,-1.4000000000000001,0.7999999999999999,-1.8,-15.166666666666664,H,2
2385,2010-04-10,2009/2010,Hull City,Burnley,0.6,0.2,1.6,0.0,-1.2,-1.6,0.0,1,65.0,68.33333333333333,0.39999999999999997,1.6,0.40000000000000013,-3.3333333333333286,A,0
2380,2010-04-11,2009/2010,Wolverhampton Wanderers,Stoke City,1.6,1.6,1.0,1.8,0.4,0.4,1.0,1,70.0,60.833333333333336,0.0,-0.8,0.0,9.166666666666664,D,1
2383,2010-04-11,2009/2010,Manchester City,Birmingham City,2.0,0.6,2.0,0.6,1.4,-0.6,1.0,1,59.166666666666664,70.0,1.4,1.4,2.0,-10.833333333333336,H,2
2384,2010-04-11,2009/2010,Liverpool,Fulham,1.4,0.8,3.0,0.4,0.8,-1.0,1.3333333333333333,1,50.833333333333336,54.166666666666664,0.5999999999999999,2.6,1.8,-3.3333333333333286,D,1
2387,2010-04-11,2009/2010,Blackburn Rovers,Manchester United,1.6,2.4,2.6,2.0,0.0,1.6,0.0,1,59.166666666666664,52.5,-0.7999999999999998,0.6000000000000001,-1.6,6.666666666666664,D,1
2386,2010-04-13,2009/2010,Chelsea,Bolton Wanderers,2.6,0.6,2.4,0.8,3.0,-1.4,3.0,1,57.666666666666664,57.5,2.0,1.5999999999999999,4.4,0.1666666666666643,H,2
2382,2010-04-14,2009/2010,Tottenham Hotspur,Arsenal,2.4,2.6,2.6,1.6,0.8,1.2,0.6666666666666666,1,53.333333333333336,38.5,-0.20000000000000018,1.0,-0.3999999999999999,14.833333333333336,H,2
2381,2010-04-14,2009/2010,Wigan Athletic,Portsmouth,0.6,0.8,1.4,0.6,-1.6,-1.8,2.0,1,60.833333333333336,62.5,-0.20000000000000007,0.7999999999999999,0.19999999999999996,-1.6666666666666643,D,1
2388,2010-04-14,2009/2010,Aston Villa,Everton,1.6,1.8,1.4,1.0,-0.8,0.8,1.6666666666666667,1,57.333333333333336,56.666666666666664,-0.19999999999999996,0.3999999999999999,-1.6,0.6666666666666714,D,1
2390,2010-04-17,2009/2010,Tottenham Hotspur,Chelsea,2.4,2.6,2.6,2.0,0.8,2.6,1.3333333333333333,1,53.333333333333336,57.666666666666664,-0.20000000000000018,0.6000000000000001,-1.8,-4.333333333333329,H,2
2391,2010-04-17,2009/2010,Sunderland,Burnley,1.4,0.6,2.2,0.6,0.0,-1.0,0.0,1,60.0,68.33333333333333,0.7999999999999999,1.6,1.0,-8.333333333333329,H,2
2396,2010-04-17,2009/2010,Blackburn Rovers,Everton,1.8,1.8,2.2,1.2,0.4,0.8,1.3333333333333333,1,59.166666666666664,56.666666666666664,0.0,1.0000000000000002,-0.4,2.5,A,0
2395,2010-04-17,2009/2010,Fulham,Wolverhampton Wanderers,0.8,1.2,2.4,1.4,-1.0,0.2,0.0,1,54.166666666666664,70.0,-0.3999999999999999,1.0,-1.2,-15.833333333333336,D,1
2392,2010-04-17,2009/2010,Stoke City,Bolton Wanderers,1.6,0.6,1.0,0.6,0.4,-0.8,1.3333333333333333,1,60.833333333333336,57.5,1.0,0.4,1.2000000000000002,3.3333333333333357,A,0
2397,2010-04-17,2009/2010,Birmingham City,Hull City,0.4,0.6,1.8,0.0,-1.4,-1.0,3.0,1,70.0,65.0,-0.19999999999999996,1.8,-0.3999999999999999,5.0,D,1
2398,2010-04-17,2009/2010,Manchester City,Manchester United,2.4,2.0,2.0,1.6,2.2,1.4,0.0,1,59.166666666666664,52.5,0.3999999999999999,0.3999999999999999,0.8000000000000003,6.666666666666664,A,0
2389,2010-04-18,2009/2010,Wigan Athletic,Arsenal,0.8,2.0,1.4,1.4,-0.8,0.6,0.0,1,60.833333333333336,38.5,-1.2,0.0,-1.4,22.333333333333336,H,2
2393,2010-04-18,2009/2010,Portsmouth,Aston Villa,1.0,1.2,0.8,1.6,-1.2,-1.0,0.3333333333333333,1,62.5,57.333333333333336,-0.19999999999999996,-0.8,-0.19999999999999996,5.166666666666664,A,0
2394,2010-04-19,2009/2010,Liverpool,West Ham United,1.6,0.8,2.6,0.2,1.0,-0.8,2.3333333333333335,1,50.833333333333336,44.833333333333336,0.8,2.4,1.8,6.0,H,2
2314,2010-04-21,2009/2010,Hull City,Aston Villa,0.8,1.6,1.4,2.0,-0.8,-0.8,0.0,1,65.0,57.333333333333336,-0.8,-0.6000000000000001,0.0,7.666666666666664,A,0
2403,2010-04-24,2009/2010,Manchester United,Tottenham Hotspur,2.0,2.4,2.4,1.4,1.0,0.6,2.3333333333333335,1,52.5,53.333333333333336,-0.3999999999999999,1.0,0.4,-0.8333333333333357,H,2
2406,2010-04-24,2009/2010,Bolton Wanderers,Portsmouth,0.6,0.4,1.4,0.8,-1.4,-1.6,2.0,1,57.5,62.5,0.19999999999999996,0.5999999999999999,0.20000000000000018,-5.0,D,1
2408,2010-04-24,2009/2010,Arsenal,Manchester City,1.4,1.8,3.0,2.2,0.2,1.8,1.0,1,38.5,59.166666666666664,-0.40000000000000013,0.7999999999999998,-1.6,-20.666666666666664,D,1
2402,2010-04-24,2009/2010,West Ham United,Wigan Athletic,0.8,1.4,1.2,0.2,-1.0,-0.4,2.0,1,44.833333333333336,60.833333333333336,-0.5999999999999999,1.0,-0.6,-16.0,H,2
2400,2010-04-24,2009/2010,Hull City,Sunderland,0.8,1.4,1.2,0.4,-1.0,-0.2,0.0,1,65.0,60.0,-0.5999999999999999,0.7999999999999999,-0.8,5.0,A,0
2401,2010-04-24,2009/2010,Wolverhampton Wanderers,Blackburn Rovers,1.2,1.6,1.0,0.8,0.2,0.2,0.0,1,70.0,59.166666666666664,-0.40000000000000013,0.19999999999999996,0.0,10.833333333333336,D,1
2399,2010-04-25,2009/2010,Everton,Fulham,1.8,1.0,2.6,0.6,0.6,-0.4,2.0,1,56.666666666666664,54.166666666666664,0.8,2.0,1.0,2.5,H,2
2404,2010-04-25,2009/2010,Chelsea,Stoke City,2.4,1.4,2.4,1.8,2.4,0.2,3.0,1,57.666666666666664,60.833333333333336,1.0,0.5999999999999999,2.1999999999999997,-3.1666666666666714,H,2
2405,2010-04-25,2009/2010,Burnley,Liverpool,0.6,1.6,0.2,0.4,-1.0,1.0,0.0,1,68.33333333333333,50.833333333333336,-1.0,-0.2,-2.0,17.499999999999993,A,0
2407,2010-04-25,2009/2010,Aston Villa,Birmingham City,2.0,0.6,1.4,0.6,-0.4,-1.0,3.0,1,57.333333333333336,70.0,1.4,0.7999999999999999,0.6,-12.666666666666664,H,2
2410,2010-05-01,2009/2010,Tottenham Hotspur,Bolton Wanderers,1.8,0.8,3.0,1.2,0.0,-1.0,1.3333333333333333,1,53.333333333333336,57.5,1.0,1.8,1.0,-4.166666666666664,H,2
2412,2010-05-01,2009/2010,Stoke City,Everton,1.4,1.8,0.8,1.8,-1.0,0.4,0.3333333333333333,1,60.833333333333336,56.666666666666664,-0.40000000000000013,-1.0,-1.4,4.166666666666671,D,1
2413,2010-05-01,2009/2010,Portsmouth,Wolverhampton Wanderers,0.6,0.8,0.8,1.6,-0.6,-0.2,3.0,1,62.5,70.0,-0.20000000000000007,-0.8,-0.39999999999999997,-7.5,H,2
2414,2010-05-01,2009/2010,Manchester City,Aston Villa,2.0,2.6,1.4,2.4,2.2,1.0,1.3333333333333333,1,59.166666666666664,57.333333333333336,-0.6000000000000001,-1.0,1.2000000000000002,1.8333333333333286,H,2
2415,2010-05-01,2009/2010,Birmingham City,Burnley,0.6,0.6,1.4,0.6,-1.0,-1.6,0.0,1,70.0,68.33333333333333,0.0,0.7999999999999999,0.6000000000000001,1.6666666666666714,H,2
2411,2010-05-02,2009/2010,Sunderland,Manchester United,1.8,2.0,2.6,2.0,0.0,1.2,0.3333333333333333,1,60.0,52.5,-0.19999999999999996,0.6000000000000001,-1.2,7.5,A,0
2417,2010-05-02,2009/2010,Fulham,West Ham United,1.0,1.4,2.0,0.2,-0.4,-0.4,0.3333333333333333,1,54.166666666666664,44.833333333333336,-0.3999999999999999,1.8,0.0,9.333333333333329,H,2
2418,2010-05-02,2009/2010,Liverpool,Chelsea,2.2,2.4,2.6,2.0,2.0,2.8,2.0,1,50.833333333333336,57.666666666666664,-0.19999999999999973,0.6000000000000001,-0.7999999999999998,-6.833333333333329,A,0
2409,2010-05-03,2009/2010,Wigan Athletic,Hull City,0.8,0.2,2.0,0.2,-0.8,-1.6,2.0,1,60.833333333333336,65.0,0.6000000000000001,1.8,0.8,-4.166666666666664,D,1
2416,2010-05-03,2009/2010,Blackburn Rovers,Arsenal,1.2,1.0,1.6,1.4,0.0,-0.2,0.0,1,59.166666666666664,38.5,0.19999999999999996,0.20000000000000018,0.2,20.666666666666664,H,2
2328,2010-05-05,2009/2010,Fulham,Stoke City,1.6,1.0,2.0,1.6,0.2,-1.2,1.3333333333333333,1,54.166666666666664,60.833333333333336,0.6000000000000001,0.3999999999999999,1.4,-6.666666666666671,A,0
2321,2010-05-05,2009/2010,Manchester City,Tottenham Hotspur,2.0,1.8,1.8,1.2,2.0,-0.2,0.0,1,59.166666666666664,53.333333333333336,0.19999999999999996,0.6000000000000001,2.2,5.833333333333329,A,0
2427,2010-05-09,2009/2010,West Ham United,Manchester City,1.4,1.4,1.2,2.2,-0.4,0.8,1.0,1,44.833333333333336,59.166666666666664,0.0,-1.0000000000000002,-1.2000000000000002,-14.333333333333329,D,1
2426,2010-05-09,2009/2010,Manchester United,Stoke City,2.0,1.0,2.4,1.6,0.6,-1.4,3.0,1,52.5,60.833333333333336,1.0,0.7999999999999998,2.0,-8.333333333333336,H,2
2428,2010-05-09,2009/2010,Hull City,Liverpool,0.4,1.6,0.6,1.0,-1.2,1.0,0.3333333333333333,1,65.0,50.833333333333336,-1.2000000000000002,-0.4,-2.2,14.166666666666664,D,1
2424,2010-05-09,2009/2010,Aston Villa,Blackburn Rovers,2.0,1.2,1.8,1.0,0.4,0.0,2.0,1,57.333333333333336,59.166666666666664,0.8,0.8,0.4,-1.8333333333333286,A,0
2425,2010-05-09,2009/2010,Arsenal,Fulham,0.8,1.0,2.6,0.4,-0.4,-0.2,1.3333333333333333,1,38.5,54.166666666666664,-0.19999999999999996,2.2,-0.2,-15.666666666666664,H,2
2422,2010-05-09,2009/2010,Burnley,Tottenham Hotspur,0.6,2.4,0.2,1.8,-1.6,0.4,0.0,1,68.33333333333333,53.333333333333336,-1.7999999999999998,-1.6,-2.0,14.999999999999993,H,2
2419,2010-05-09,2009/2010,Wolverhampton Wanderers,Sunderland,0.6,1.8,0.6,0.8,-0.6,0.4,0.0,1,70.0,60.0,-1.2000000000000002,-0.20000000000000007,-1.0,10.0,H,2
2420,2010-05-09,2009/2010,Everton,Portsmouth,1.8,1.2,2.6,1.0,0.4,0.2,1.0,1,56.666666666666664,62.5,0.6000000000000001,1.6,0.2,-5.833333333333336,H,2
2423,2010-05-09,2009/2010,Bolton Wanderers,Birmingham City,0.8,1.0,1.4,0.6,-0.4,-0.8,3.0,1,57.5,70.0,-0.19999999999999996,0.7999999999999999,0.4,-12.5,H,2
2421,2010-05-09,2009/2010,Chelsea,Wigan Athletic,2.4,1.0,2.4,0.0,2.0,-0.2,2.0,1,57.666666666666664,60.833333333333336,1.4,2.4,2.2,-3.1666666666666714,H,2
2489,2010-08-14,2010/2011,Aston Villa,West Ham United,1.8,1.4,1.2,0.2,0.2,-0.4,1.25,1,57.333333333333336,44.833333333333336,0.40000000000000013,1.0,0.6000000000000001,12.5,H,2
2490,2010-08-14,2010/2011,Blackburn Rovers,Everton,1.6,2.2,1.6,1.8,0.2,0.6,1.0,1,59.166666666666664,56.666666666666664,-0.6000000000000001,-0.19999999999999996,-0.39999999999999997,2.5,H,2
2491,2010-08-14,2010/2011,Bolton Wanderers,Fulham,1.4,0.8,1.4,0.2,0.0,-1.0,0.5,1,57.5,54.166666666666664,0.5999999999999999,1.2,1.0,3.3333333333333357,D,1
2492,2010-08-14,2010/2011,Chelsea,West Bromwich Albion,2.4,1.4,3.0,0.6,3.4,0.4,3.0,1,57.666666666666664,61.666666666666664,1.0,2.4,3.0,-4.0,H,2
2495,2010-08-14,2010/2011,Sunderland,Birmingham City,1.2,0.8,2.0,0.0,-0.2,-1.0,1.5,1,60.0,70.0,0.3999999999999999,2.0,0.8,-10.0,D,1
2496,2010-08-14,2010/2011,Tottenham Hotspur,Manchester City,1.8,1.0,3.0,1.8,-0.2,0.0,3.0,1,53.333333333333336,59.166666666666664,0.8,1.2,-0.2,-5.833333333333329,D,1
2497,2010-08-14,2010/2011,Wolverhampton Wanderers,Stoke City,1.2,0.8,1.2,1.4,-0.2,-2.2,1.0,1,70.0,60.833333333333336,0.3999999999999999,-0.19999999999999996,2.0,9.166666666666664,H,2
2498,2010-08-14,2010/2011,Wigan Athletic,Blackpool,1.0,1.4048478414720453,1.6,1.077605558524853,-1.6,0.04853149327671621,1.2806963396144682,0,60.833333333333336,69.16666666666667,-0.07272727272727274,0.591953097028285,-0.10007088428141059,-8.333333333333336,A,0
2493,2010-08-15,2010/2011,Liverpool,Arsenal,1.6,0.8,2.0,0.8,1.0,0.2,0.5,1,50.833333333333336,38.5,0.8,1.2,0.8,12.333333333333336,D,1
2494,2010-08-16,2010/2011,Manchester United,Newcastle United,2.6,0.8,2.4,0.4,1.6,-0.6,2.0,1,52.5,60.833333333333336,1.8,2.0,2.2,-8.333333333333336,H,2
2605,2010-08-21,2010/2011,Birmingham City,Blackburn Rovers,1.0,2.0,1.4,1.6,-0.2,0.4,1.5,1,70.0,59.166666666666664,-1.0,-0.20000000000000018,-0.6000000000000001,10.833333333333336,H,2
2607,2010-08-21,2010/2011,Stoke City,Tottenham Hotspur,0.8,1.4,1.0,1.2,-2.2,-0.4,1.5,1,60.833333333333336,53.333333333333336,-0.5999999999999999,-0.19999999999999996,-1.8000000000000003,7.5,A,0
2606,2010-08-21,2010/2011,West Bromwich Albion,Sunderland,0.8,1.4,1.4,0.8,-1.4,0.0,1.5,1,61.666666666666664,60.0,-0.5999999999999999,0.5999999999999999,-1.4,1.6666666666666643,H,2
2608,2010-08-21,2010/2011,Wigan Athletic,Chelsea,0.8,2.4,1.6,2.0,-2.4,4.4,0.75,1,60.833333333333336,57.666666666666664,-1.5999999999999999,-0.3999999999999999,-6.800000000000001,3.1666666666666714,A,0
2601,2010-08-21,2010/2011,Everton,Wolverhampton Wanderers,2.0,1.6,2.6,1.0,0.4,0.0,1.0,1,56.666666666666664,70.0,0.3999999999999999,1.6,0.4,-13.333333333333336,D,1
2600,2010-08-21,2010/2011,West Ham United,Bolton Wanderers,0.8,1.6,1.4,0.6,-1.2,0.2,0.0,1,44.833333333333336,57.5,-0.8,0.7999999999999999,-1.4,-12.666666666666664,A,0
2599,2010-08-21,2010/2011,Arsenal,Blackpool,1.0,3.0,2.6,3.0,0.4,4.0,1.2806963396144682,0,38.5,69.16666666666667,-2.0,-0.3999999999999999,-3.6,-30.66666666666667,H,2
2602,2010-08-22,2010/2011,Newcastle United,Aston Villa,0.6,1.8,0.8,1.8,-1.2,0.6,1.5,1,60.833333333333336,57.333333333333336,-1.2000000000000002,-1.0,-1.7999999999999998,3.5,H,2
2604,2010-08-22,2010/2011,Fulham,Manchester United,0.8,3.0,1.4,2.6,-1.0,2.2,1.5,1,54.166666666666664,52.5,-2.2,-1.2000000000000002,-3.2,1.6666666666666643,D,1
2603,2010-08-23,2010/2011,Manchester City,Liverpool,1.2,1.6,1.8,1.0,0.2,1.0,0.75,1,59.166666666666664,50.833333333333336,-0.40000000000000013,0.8,-0.8,8.333333333333329,H,2
2715,2010-08-28,2010/2011,Blackburn Rovers,Arsenal,2.0,1.6,2.0,0.4,0.4,1.8,0.75,1,59.166666666666664,38.5,0.3999999999999999,1.6,-1.4,20.666666666666664,A,0
2717,2010-08-28,2010/2011,Blackpool,Fulham,1.5,1.0,1.6726973098164974,0.4,-1.0,-0.8,1.2806963396144682,0,69.16666666666667,54.166666666666664,0.5,0.591953097028285,-0.19999999999999996,15.000000000000007,D,1
2718,2010-08-28,2010/2011,Chelsea,Stoke City,3.0,0.8,3.0,0.8,5.8,-1.0,3.0,1,57.666666666666664,60.833333333333336,2.2,2.2,6.8,-3.1666666666666714,H,2
2714,2010-08-28,2010/2011,Wolverhampton Wanderers,Newcastle United,1.6,1.2,1.8,0.2,0.0,0.6,1.2806963396144682,0,70.0,60.833333333333336,0.40000000000000013,1.6,-0.6,9.166666666666664,D,1
2709,2010-08-28,2010/2011,Manchester United,West Ham United,2.6,0.8,2.4,0.2,2.0,-1.0,3.0,1,52.5,44.833333333333336,1.8,2.1999999999999997,3.0,7.666666666666664,H,2
2712,2010-08-28,2010/2011,Tottenham Hotspur,Wigan Athletic,2.0,0.2,2.6,0.0,0.2,-3.8,1.75,1,53.333333333333336,60.833333333333336,1.8,2.6,4.0,-7.5,A,0
2710,2010-08-29,2010/2011,Liverpool,West Bromwich Albion,1.0,1.4,1.6,0.4,-0.2,-1.0,3.0,1,50.833333333333336,61.666666666666664,-0.3999999999999999,1.2000000000000002,0.8,-10.833333333333329,H,2
2711,2010-08-29,2010/2011,Sunderland,Manchester City,0.8,1.6,2.0,1.8,-0.4,0.8,0.25,1,60.0,59.166666666666664,-0.8,0.19999999999999996,-1.2000000000000002,0.8333333333333357,H,2
2713,2010-08-29,2010/2011,Aston Villa,Everton,1.2,1.6,1.6,1.2,-1.0,0.2,1.5,1,57.333333333333336,56.666666666666664,-0.40000000000000013,0.40000000000000013,-1.2,0.6666666666666714,H,2
2716,2010-08-29,2010/2011,Bolton Wanderers,Birmingham City,1.6,1.4,1.0,0.2,0.4,0.0,3.0,1,57.5,70.0,0.20000000000000018,0.8,0.4,-12.5,D,1
2809,2010-09-11,2010/2011,Arsenal,Bolton Wanderers,2.0,1.6,2.6,1.2,2.0,0.4,3.0,1,38.5,57.5,0.3999999999999999,1.4000000000000001,1.6,-19.0,H,2
2810,2010-09-11,2010/2011,West Ham United,Chelsea,0.2,3.0,1.4,2.4,-1.8,4.8,0.5,1,44.833333333333336,57.666666666666664,-2.8,-1.0,-6.6,-12.833333333333329,A,0
2811,2010-09-11,2010/2011,Everton,Manchester United,1.0,2.6,2.2,2.2,-0.2,2.2,1.0,1,56.666666666666664,52.5,-1.6,0.0,-2.4000000000000004,4.166666666666664,D,1
2812,2010-09-11,2010/2011,Newcastle United,Blackpool,0.8,1.3333333333333333,1.4,1.5,0.2,-0.6666666666666666,1.2806963396144682,0,60.833333333333336,69.16666666666667,-0.5333333333333332,-0.10000000000000009,0.8666666666666667,-8.333333333333336,A,0
2813,2010-09-11,2010/2011,Manchester City,Blackburn Rovers,1.0,1.8,1.8,1.6,0.2,0.2,2.5,1,59.166666666666664,59.166666666666664,-0.8,0.19999999999999996,0.0,0.0,D,1
2814,2010-09-11,2010/2011,Fulham,Wolverhampton Wanderers,0.6,1.6,1.6,1.0,-1.0,0.0,0.5,1,54.166666666666664,70.0,-1.0,0.6000000000000001,-1.0,-15.833333333333336,H,2
2816,2010-09-11,2010/2011,West Bromwich Albion,Tottenham Hotspur,0.8,1.4,1.8,1.2,-1.6,-0.2,1.5,1,61.666666666666664,53.333333333333336,-0.5999999999999999,0.6000000000000001,-1.4000000000000001,8.333333333333329,D,1
2818,2010-09-11,2010/2011,Wigan Athletic,Sunderland,0.8,0.8,1.0,0.6,-3.4,-0.4,2.0,1,60.833333333333336,60.0,0.0,0.4,-3.0,0.8333333333333357,D,1
2815,2010-09-12,2010/2011,Birmingham City,Liverpool,1.6,1.0,1.8,1.0,0.2,-0.8,1.0,1,70.0,50.833333333333336,0.6000000000000001,0.8,1.0,19.166666666666664,D,1
2817,2010-09-13,2010/2011,Stoke City,Aston Villa,0.6,1.2,0.8,1.8,-1.4,-1.0,1.25,1,60.833333333333336,57.333333333333336,-0.6,-1.0,-0.3999999999999999,3.5,H,2
2825,2010-09-18,2010/2011,West Bromwich Albion,Birmingham City,1.0,1.2,2.0,0.4,-1.2,0.0,1.2806963396144682,0,61.666666666666664,70.0,-0.19999999999999996,1.6,-1.2,-8.333333333333336,H,2
2826,2010-09-18,2010/2011,Stoke City,West Ham United,0.6,0.2,1.4,0.2,-1.4,-2.0,1.5,1,60.833333333333336,44.833333333333336,0.39999999999999997,1.2,0.6000000000000001,16.0,D,1
2824,2010-09-18,2010/2011,Blackburn Rovers,Fulham,1.4,1.2,1.4,0.6,0.0,-0.6,2.25,1,59.166666666666664,54.166666666666664,0.19999999999999996,0.7999999999999999,0.6,5.0,D,1
2823,2010-09-18,2010/2011,Everton,Newcastle United,1.0,0.8,1.8,0.2,-0.2,0.0,1.0,1,56.666666666666664,60.833333333333336,0.19999999999999996,1.6,-0.2,-4.166666666666671,A,0
2822,2010-09-18,2010/2011,Aston Villa,Bolton Wanderers,1.2,1.6,2.0,1.2,-0.8,0.0,2.5,1,57.333333333333336,57.5,-0.40000000000000013,0.8,-0.8,-0.1666666666666643,D,1
2821,2010-09-18,2010/2011,Tottenham Hotspur,Wolverhampton Wanderers,1.0,1.6,2.0,0.4,-0.4,0.2,0.0,1,53.333333333333336,70.0,-0.6000000000000001,1.6,-0.6000000000000001,-16.666666666666664,H,2
2820,2010-09-18,2010/2011,Sunderland,Arsenal,1.0,2.6,2.0,0.8,-0.2,2.8,1.25,1,60.0,38.5,-1.6,1.2,-3.0,21.5,D,1
2819,2010-09-19,2010/2011,Manchester United,Liverpool,2.2,1.2,2.4,1.2,2.0,-0.4,0.75,1,52.5,50.833333333333336,1.0000000000000002,1.2,2.4,1.6666666666666643,H,2
2827,2010-09-19,2010/2011,Wigan Athletic,Manchester City,0.8,1.2,1.0,1.2,-3.4,0.4,1.0,1,60.833333333333336,59.166666666666664,-0.3999999999999999,-0.19999999999999996,-3.8,1.6666666666666714,A,0
2828,2010-09-19,2010/2011,Chelsea,Blackpool,3.0,1.75,3.0,2.0,4.8,0.0,1.2806963396144682,0,57.666666666666664,69.16666666666667,1.25,1.0,4.8,-11.500000000000007,H,2
2838,2010-09-25,2010/2011,Blackpool,Blackburn Rovers,1.4,1.0,1.0,1.2,-0.8,-0.2,1.2806963396144682,0,69.16666666666667,59.166666666666664,0.3999999999999999,-0.19999999999999996,-0.6000000000000001,10.000000000000007,A,0
2836,2010-09-25,2010/2011,Birmingham City,Wigan Athletic,1.2,0.8,1.8,0.6,-0.2,-2.2,3.0,1,70.0,60.833333333333336,0.3999999999999999,1.2000000000000002,2.0,9.166666666666664,D,1
2835,2010-09-25,2010/2011,Fulham,Everton,1.4,0.4,1.6,1.0,0.2,-0.6,0.75,1,54.166666666666664,56.666666666666664,0.9999999999999999,0.6000000000000001,0.8,-2.5,D,1
2833,2010-09-25,2010/2011,Manchester City,Chelsea,1.6,3.0,1.4,2.4,0.8,4.0,1.5,1,59.166666666666664,57.666666666666664,-1.4,-1.0,-3.2,1.5,H,2
2831,2010-09-25,2010/2011,West Ham United,Tottenham Hotspur,0.2,1.6,1.4,1.4,-2.0,0.4,0.0,1,44.833333333333336,53.333333333333336,-1.4000000000000001,0.0,-2.4,-8.5,H,2
2830,2010-09-25,2010/2011,Liverpool,Sunderland,1.0,1.2,1.6,0.8,-0.6,0.0,2.25,1,50.833333333333336,60.0,-0.19999999999999996,0.8,-0.6,-9.166666666666664,D,1
2829,2010-09-25,2010/2011,Arsenal,West Bromwich Albion,2.2,1.4,2.6,0.2,2.0,-0.8,3.0,1,38.5,61.666666666666664,0.8000000000000003,2.4,2.8,-23.166666666666664,A,0
2832,2010-09-26,2010/2011,Newcastle United,Stoke City,1.4,0.8,1.4,0.6,0.4,-0.6,1.0,1,60.833333333333336,60.833333333333336,0.5999999999999999,0.7999999999999999,1.0,0.0,A,0
2834,2010-09-26,2010/2011,Wolverhampton Wanderers,Aston Villa,1.0,1.4,1.8,1.2,-0.4,-0.6,1.0,1,70.0,57.333333333333336,-0.3999999999999999,0.6000000000000001,0.19999999999999996,12.666666666666664,A,0
2837,2010-09-26,2010/2011,Bolton Wanderers,Manchester United,1.2,2.2,1.2,1.8,-0.2,1.4,0.0,1,57.5,52.5,-1.0000000000000002,-0.6000000000000001,-1.5999999999999999,5.0,D,1
2840,2010-10-02,2010/2011,Sunderland,Manchester United,1.2,1.8,1.6,1.8,0.0,0.8,0.25,1,60.0,52.5,-0.6000000000000001,-0.19999999999999996,-0.8,7.5,D,1
2845,2010-10-02,2010/2011,West Bromwich Albion,Bolton Wanderers,2.0,1.2,2.0,1.4,0.6,-0.2,1.0,1,61.666666666666664,57.5,0.8,0.6000000000000001,0.8,4.166666666666664,D,1
2842,2010-10-02,2010/2011,West Ham United,Fulham,0.8,1.4,1.4,0.6,-1.2,0.2,1.75,1,44.833333333333336,54.166666666666664,-0.5999999999999999,0.7999999999999999,-1.4,-9.333333333333329,D,1
2844,2010-10-02,2010/2011,Birmingham City,Everton,1.2,0.6,1.8,1.0,-0.2,-0.4,1.0,1,70.0,56.666666666666664,0.6,0.8,0.2,13.333333333333336,A,0
2841,2010-10-02,2010/2011,Tottenham Hotspur,Aston Villa,1.4,1.4,2.0,1.2,0.2,-1.0,1.25,1,53.333333333333336,57.333333333333336,0.0,0.8,1.2,-4.0,H,2
2846,2010-10-02,2010/2011,Stoke City,Blackburn Rovers,1.4,1.0,1.0,1.6,-0.2,-0.2,1.75,1,60.833333333333336,59.166666666666664,0.3999999999999999,-0.6000000000000001,0.0,1.6666666666666714,H,2
2847,2010-10-02,2010/2011,Wigan Athletic,Wolverhampton Wanderers,1.0,0.4,0.4,0.4,-1.4,-0.8,1.5,1,60.833333333333336,70.0,0.6,0.0,-0.5999999999999999,-9.166666666666664,H,2
2839,2010-10-03,2010/2011,Liverpool,Blackpool,1.0,0.8,1.6,1.5,-0.6,-1.8,1.2806963396144682,0,50.833333333333336,69.16666666666667,0.19999999999999996,0.10000000000000009,1.2000000000000002,-18.333333333333336,A,0
2843,2010-10-03,2010/2011,Manchester City,Newcastle United,2.0,1.4,2.0,0.8,1.0,0.8,2.0,1,59.166666666666664,60.833333333333336,0.6000000000000001,1.2,0.19999999999999996,-1.6666666666666714,H,2
2848,2010-10-03,2010/2011,Chelsea,Arsenal,2.4,2.0,3.0,1.0,2.6,1.8,2.25,1,57.666666666666664,38.5,0.3999999999999999,2.0,0.8,19.166666666666664,H,2
2849,2010-10-16,2010/2011,Manchester United,West Bromwich Albion,1.8,1.6,3.0,0.8,0.8,0.4,3.0,1,52.5,61.666666666666664,0.19999999999999996,2.2,0.4,-9.166666666666664,D,1
2854,2010-10-16,2010/2011,Wolverhampton Wanderers,West Ham United,0.2,1.0,1.6,0.2,-1.2,-0.8,1.5,1,70.0,44.833333333333336,-0.8,1.4000000000000001,-0.3999999999999999,25.166666666666664,D,1
2851,2010-10-16,2010/2011,Aston Villa,Chelsea,1.4,2.4,2.0,1.8,0.0,1.8,0.75,1,57.333333333333336,57.666666666666664,-1.0,0.19999999999999996,-1.8,-0.3333333333333286,D,1
2853,2010-10-16,2010/2011,Newcastle United,Wigan Athletic,0.8,1.6,1.2,0.8,-0.6,0.2,0.5,1,60.833333333333336,60.833333333333336,-0.8,0.3999999999999999,-0.8,0.0,D,1
2850,2010-10-16,2010/2011,Arsenal,Birmingham City,1.4,0.6,2.0,0.4,0.2,-0.8,2.0,1,38.5,70.0,0.7999999999999999,1.6,1.0,-31.5,H,2
2856,2010-10-16,2010/2011,Fulham,Tottenham Hotspur,1.4,1.4,1.6,1.4,0.2,0.2,1.25,1,54.166666666666664,53.333333333333336,0.0,0.20000000000000018,0.0,0.8333333333333286,A,0
2857,2010-10-16,2010/2011,Bolton Wanderers,Stoke City,0.8,2.0,1.4,1.2,-0.6,0.2,1.75,1,57.5,60.833333333333336,-1.2,0.19999999999999996,-0.8,-3.3333333333333357,H,2
2852,2010-10-17,2010/2011,Everton,Liverpool,1.0,1.0,1.6,1.0,0.0,-0.2,0.25,1,56.666666666666664,50.833333333333336,0.0,0.6000000000000001,0.2,5.833333333333329,H,2
2858,2010-10-17,2010/2011,Blackpool,Manchester City,1.4,2.0,0.5,1.2,-0.4,0.6,1.2806963396144682,0,69.16666666666667,59.166666666666664,-0.6000000000000001,-0.7,-1.0,10.000000000000007,A,0
2855,2010-10-18,2010/2011,Blackburn Rovers,Sunderland,1.0,1.4,1.4,1.0,-0.2,0.2,0.5,1,59.166666666666664,60.0,-0.3999999999999999,0.3999999999999999,-0.4,-0.8333333333333357,D,1
2862,2010-10-23,2010/2011,West Ham United,Newcastle United,1.2,0.8,1.0,0.8,-0.2,-0.6,2.0,1,44.833333333333336,60.833333333333336,0.3999999999999999,0.19999999999999996,0.39999999999999997,-16.0,A,0
2864,2010-10-23,2010/2011,Birmingham City,Blackpool,0.4,1.2,1.6,1.8,-1.0,-0.6,1.2806963396144682,0,70.0,69.16666666666667,-0.7999999999999999,-0.19999999999999996,-0.4,0.8333333333333286,H,2
2865,2010-10-23,2010/2011,West Bromwich Albion,Fulham,1.8,1.2,1.6,0.8,0.6,0.0,1.5,1,61.666666666666664,54.166666666666664,0.6000000000000001,0.8,0.6,7.5,H,2
2867,2010-10-23,2010/2011,Wigan Athletic,Bolton Wanderers,1.2,1.2,0.8,1.0,0.0,-0.4,1.25,1,60.833333333333336,57.5,0.0,-0.19999999999999996,0.4,3.3333333333333357,D,1
2868,2010-10-23,2010/2011,Chelsea,Wolverhampton Wanderers,2.0,0.2,3.0,0.2,1.4,-1.2,3.0,1,57.666666666666664,70.0,1.8,2.8,2.5999999999999996,-12.333333333333336,H,2
2860,2010-10-23,2010/2011,Sunderland,Aston Villa,1.0,1.0,1.2,0.6,0.0,-0.2,0.25,1,60.0,57.333333333333336,0.0,0.6,0.2,2.6666666666666643,H,2
2861,2010-10-23,2010/2011,Tottenham Hotspur,Everton,2.0,1.6,2.0,1.0,0.6,0.6,1.25,1,53.333333333333336,56.666666666666664,0.3999999999999999,1.0,0.0,-3.3333333333333286,D,1
2866,2010-10-24,2010/2011,Stoke City,Manchester United,2.0,1.4,1.6,1.4,0.4,0.2,0.0,1,60.833333333333336,52.5,0.6000000000000001,0.20000000000000018,0.2,8.333333333333336,A,0
2859,2010-10-24,2010/2011,Liverpool,Blackburn Rovers,0.4,1.2,1.0,1.4,-0.8,0.0,2.5,1,50.833333333333336,59.166666666666664,-0.7999999999999999,-0.3999999999999999,-0.8,-8.333333333333329,H,2
2863,2010-10-24,2010/2011,Manchester City,Arsenal,2.6,1.4,2.0,1.0,1.0,0.2,1.75,1,59.166666666666664,38.5,1.2000000000000002,1.0,0.8,20.666666666666664,A,0
2506,2010-10-30,2010/2011,Fulham,Wigan Athletic,0.6,1.2,1.0,1.0,-0.4,0.0,2.0,1,54.166666666666664,60.833333333333336,-0.6,0.0,-0.4,-6.666666666666671,H,2
2505,2010-10-30,2010/2011,Blackburn Rovers,Chelsea,1.0,2.0,1.6,2.0,-0.2,1.4,0.25,1,59.166666666666664,57.666666666666664,-1.0,-0.3999999999999999,-1.5999999999999999,1.5,A,0
2504,2010-10-30,2010/2011,Wolverhampton Wanderers,Manchester City,0.2,2.4,1.6,1.6,-1.4,0.4,0.0,1,70.0,59.166666666666664,-2.1999999999999997,0.0,-1.7999999999999998,10.833333333333336,H,2
2499,2010-10-30,2010/2011,Manchester United,Tottenham Hotspur,1.8,2.0,2.6,1.4,0.4,0.6,2.5,1,52.5,53.333333333333336,-0.19999999999999996,1.2000000000000002,-0.19999999999999996,-0.8333333333333357,H,2
2500,2010-10-30,2010/2011,Arsenal,West Ham United,1.4,1.2,2.4,0.4,0.2,0.0,2.0,1,38.5,44.833333333333336,0.19999999999999996,2.0,0.2,-6.333333333333336,H,2
2502,2010-10-30,2010/2011,Everton,Stoke City,1.6,1.4,1.6,0.6,0.6,0.0,2.0,1,56.666666666666664,60.833333333333336,0.20000000000000018,1.0,0.6,-4.166666666666671,H,2
2501,2010-10-31,2010/2011,Aston Villa,Birmingham City,1.0,0.8,1.6,0.4,-0.2,-0.6,3.0,1,57.333333333333336,70.0,0.19999999999999996,1.2000000000000002,0.39999999999999997,-12.666666666666664,D,1
2503,2010-10-31,2010/2011,Newcastle United,Sunderland,1.4,1.4,0.8,0.6,0.0,0.2,0.5,1,60.833333333333336,60.0,0.0,0.20000000000000007,-0.2,0.8333333333333357,H,2
2507,2010-10-31,2010/2011,Bolton Wanderers,Liverpool,1.4,0.8,1.8,0.4,0.2,-0.6,0.0,1,57.5,50.833333333333336,0.5999999999999999,1.4,0.8,6.666666666666664,A,0
2508,2010-11-01,2010/2011,Blackpool,West Bromwich Albion,0.6,2.2,0.3333333333333333,1.0,-1.4,0.8,1.2806963396144682,0,69.16666666666667,61.666666666666664,-1.6,-0.6666666666666667,-2.2,7.500000000000007,H,2
2512,2010-11-06,2010/2011,Sunderland,Stoke City,1.2,1.2,1.8,0.6,-0.6,-0.2,1.0,1,60.0,60.833333333333336,0.0,1.2000000000000002,-0.39999999999999997,-0.8333333333333357,H,2
2514,2010-11-06,2010/2011,Fulham,Aston Villa,1.0,1.0,1.6,0.6,0.0,-0.2,1.0,1,54.166666666666664,57.333333333333336,0.0,1.0,0.2,-3.1666666666666714,D,1
2509,2010-11-06,2010/2011,Manchester United,Wolverhampton Wanderers,1.8,0.8,2.6,0.2,0.6,-0.8,3.0,1,52.5,70.0,1.0,2.4,1.4,-17.5,H,2
2518,2010-11-06,2010/2011,Blackpool,Everton,1.2,2.2,1.0,1.0,-0.4,1.0,1.2806963396144682,0,69.16666666666667,56.666666666666664,-1.0000000000000002,0.0,-1.4,12.500000000000007,D,1
2513,2010-11-06,2010/2011,Blackburn Rovers,Wigan Athletic,0.8,1.2,1.0,1.0,-0.4,0.0,1.75,1,59.166666666666664,60.833333333333336,-0.3999999999999999,0.0,-0.4,-1.6666666666666714,H,2
2515,2010-11-06,2010/2011,Birmingham City,West Ham United,1.0,1.0,1.6,0.4,-0.2,-0.2,1.5,1,70.0,44.833333333333336,0.0,1.2000000000000002,0.0,25.166666666666664,D,1
2516,2010-11-06,2010/2011,Bolton Wanderers,Tottenham Hotspur,1.2,1.4,1.2,1.4,0.0,-0.2,1.0,1,57.5,53.333333333333336,-0.19999999999999996,-0.19999999999999996,0.2,4.166666666666664,H,2
2510,2010-11-07,2010/2011,Arsenal,Newcastle United,1.8,1.4,2.4,1.4,0.4,0.6,3.0,1,38.5,60.833333333333336,0.40000000000000013,1.0,-0.19999999999999996,-22.333333333333336,A,0
2511,2010-11-07,2010/2011,Liverpool,Chelsea,1.4,2.0,1.6,2.0,-0.2,0.8,1.5,1,50.833333333333336,57.666666666666664,-0.6000000000000001,-0.3999999999999999,-1.0,-6.833333333333329,H,2
2517,2010-11-07,2010/2011,West Bromwich Albion,Manchester City,1.6,1.8,2.2,1.4,0.2,-0.2,1.5,1,61.666666666666664,59.166666666666664,-0.19999999999999996,0.8000000000000003,0.4,2.5,A,0
2519,2010-11-09,2010/2011,Tottenham Hotspur,Sunderland,1.4,1.6,1.6,0.6,-0.4,-0.2,1.0,1,53.333333333333336,60.0,-0.20000000000000018,1.0,-0.2,-6.666666666666664,D,1
2522,2010-11-09,2010/2011,Stoke City,Birmingham City,0.6,1.0,1.4,0.6,-0.8,-0.2,0.5,1,60.833333333333336,70.0,-0.4,0.7999999999999999,-0.6000000000000001,-9.166666666666664,H,2
2526,2010-11-10,2010/2011,Newcastle United,Blackburn Rovers,2.0,0.8,1.4,0.8,1.0,-0.4,0.0,1,60.833333333333336,59.166666666666664,1.2,0.5999999999999999,1.4,1.6666666666666714,A,0
2528,2010-11-10,2010/2011,Chelsea,Fulham,2.0,1.0,3.0,0.8,0.6,0.0,2.5,1,57.666666666666664,54.166666666666664,1.0,2.2,0.6,3.5,H,2
2527,2010-11-10,2010/2011,Manchester City,Manchester United,1.8,2.2,2.0,1.4,0.0,0.8,0.0,1,59.166666666666664,52.5,-0.40000000000000013,0.6000000000000001,-0.8,6.666666666666664,D,1
2525,2010-11-10,2010/2011,Everton,Bolton Wanderers,2.2,1.6,1.6,1.2,1.0,0.4,2.25,1,56.666666666666664,57.5,0.6000000000000001,0.40000000000000013,0.6,-0.8333333333333357,D,1
2521,2010-11-10,2010/2011,Wolverhampton Wanderers,Arsenal,0.8,1.8,1.6,1.6,-0.8,0.4,0.0,1,70.0,38.5,-1.0,0.0,-1.2000000000000002,31.5,A,0
2523,2010-11-10,2010/2011,Wigan Athletic,Liverpool,1.0,1.8,1.0,0.8,-0.2,0.2,1.0,1,60.833333333333336,50.833333333333336,-0.8,0.19999999999999996,-0.4,10.0,D,1
2520,2010-11-10,2010/2011,West Ham United,West Bromwich Albion,0.6,1.0,0.8,0.8,-0.4,-0.4,0.5,1,44.833333333333336,61.666666666666664,-0.4,0.0,0.0,-16.83333333333333,D,1
2524,2010-11-10,2010/2011,Aston Villa,Blackpool,0.6,1.4,1.8,1.2,-0.4,-0.2,1.2806963396144682,0,57.333333333333336,69.16666666666667,-0.7999999999999999,0.6000000000000001,-0.2,-11.833333333333336,H,2
2529,2010-11-13,2010/2011,Tottenham Hotspur,Blackburn Rovers,1.0,1.4,1.6,1.4,-0.6,0.0,2.25,1,53.333333333333336,59.166666666666664,-0.3999999999999999,0.20000000000000018,-0.6,-5.833333333333329,H,2
2530,2010-11-13,2010/2011,West Ham United,Blackpool,0.6,0.8,1.0,1.2,-0.4,-0.6,1.2806963396144682,0,44.833333333333336,69.16666666666667,-0.20000000000000007,-0.19999999999999996,0.19999999999999996,-24.333333333333336,D,1
2531,2010-11-13,2010/2011,Aston Villa,Manchester United,1.2,2.2,1.8,1.4,0.0,0.8,1.25,1,57.333333333333336,52.5,-1.0000000000000002,0.40000000000000013,-0.8,4.833333333333336,D,1
2533,2010-11-13,2010/2011,Newcastle United,Fulham,2.0,0.8,0.8,0.6,1.0,-0.2,0.0,1,60.833333333333336,54.166666666666664,1.2,0.20000000000000007,1.2,6.666666666666671,D,1
2534,2010-11-13,2010/2011,Manchester City,Birmingham City,1.4,1.0,1.6,0.4,-0.2,0.0,2.0,1,59.166666666666664,70.0,0.3999999999999999,1.2000000000000002,-0.2,-10.833333333333336,D,1
2535,2010-11-13,2010/2011,Wolverhampton Wanderers,Bolton Wanderers,0.8,1.6,1.0,0.8,-0.8,0.4,1.5,1,70.0,57.5,-0.8,0.19999999999999996,-1.2000000000000002,12.5,A,0
2536,2010-11-13,2010/2011,Stoke City,Liverpool,0.6,2.0,2.0,1.0,-0.8,0.4,0.75,1,60.833333333333336,50.833333333333336,-1.4,1.0,-1.2000000000000002,10.0,H,2
2537,2010-11-13,2010/2011,Wigan Athletic,West Bromwich Albion,0.6,1.0,1.2,1.0,-0.6,-0.4,1.5,1,60.833333333333336,61.666666666666664,-0.4,0.19999999999999996,-0.19999999999999996,-0.8333333333333286,H,2
2532,2010-11-14,2010/2011,Everton,Arsenal,1.8,2.4,1.6,2.0,0.6,1.2,0.5,1,56.666666666666664,38.5,-0.5999999999999999,-0.3999999999999999,-0.6,18.166666666666664,A,0
2538,2010-11-14,2010/2011,Chelsea,Sunderland,2.0,1.6,3.0,0.8,0.4,-0.2,3.0,1,57.666666666666664,60.0,0.3999999999999999,2.2,0.6000000000000001,-2.3333333333333357,A,0
2545,2010-11-20,2010/2011,Birmingham City,Chelsea,1.2,1.8,1.2,1.4,0.2,-0.2,0.5,1,70.0,57.666666666666664,-0.6000000000000001,-0.19999999999999996,0.4,12.333333333333336,H,2
2539,2010-11-20,2010/2011,Manchester United,Wigan Athletic,2.2,1.0,2.6,1.0,0.8,-0.4,3.0,1,52.5,60.833333333333336,1.2000000000000002,1.6,1.2000000000000002,-8.333333333333336,H,2
2540,2010-11-20,2010/2011,Arsenal,Tottenham Hotspur,2.4,1.0,1.8,0.8,1.2,-0.4,1.25,1,38.5,53.333333333333336,1.4,1.0,1.6,-14.833333333333336,A,0
2547,2010-11-20,2010/2011,West Bromwich Albion,Stoke City,0.8,1.2,1.6,0.6,-0.6,-0.2,0.0,1,61.666666666666664,60.833333333333336,-0.3999999999999999,1.0,-0.39999999999999997,0.8333333333333286,A,0
2548,2010-11-20,2010/2011,Blackpool,Wolverhampton Wanderers,1.0,0.6,1.0,0.0,-0.4,-1.0,1.2806963396144682,0,69.16666666666667,70.0,0.4,1.0,0.6,-0.8333333333333286,H,2
2546,2010-11-20,2010/2011,Bolton Wanderers,Newcastle United,1.6,2.0,1.6,2.0,0.4,1.0,1.5,1,57.5,60.833333333333336,-0.3999999999999999,-0.3999999999999999,-0.6,-3.3333333333333357,H,2
2541,2010-11-20,2010/2011,Liverpool,West Ham United,2.0,0.6,2.0,0.6,0.4,-0.4,2.5,1,50.833333333333336,44.833333333333336,1.4,1.4,0.8,6.0,H,2
2543,2010-11-21,2010/2011,Blackburn Rovers,Aston Villa,1.2,1.2,1.0,0.8,-0.4,0.0,1.5,1,59.166666666666664,57.333333333333336,0.0,0.19999999999999996,-0.4,1.8333333333333286,H,2
2544,2010-11-21,2010/2011,Fulham,Manchester City,1.0,1.0,1.6,1.8,0.0,-0.4,1.25,1,54.166666666666664,59.166666666666664,0.0,-0.19999999999999996,0.4,-5.0,A,0
2542,2010-11-22,2010/2011,Sunderland,Everton,2.0,1.2,2.2,1.2,0.4,0.0,0.25,1,60.0,56.666666666666664,0.8,1.0000000000000002,0.4,3.3333333333333357,D,1
2557,2010-11-27,2010/2011,Bolton Wanderers,Blackpool,2.0,1.6,2.0,0.8,1.2,0.2,1.2806963396144682,0,57.5,69.16666666666667,0.3999999999999999,1.2,1.0,-11.666666666666671,D,1
2558,2010-11-27,2010/2011,Stoke City,Manchester City,1.8,1.6,2.0,2.4,0.6,0.8,1.0,1,60.833333333333336,59.166666666666664,0.19999999999999996,-0.3999999999999999,-0.20000000000000007,1.6666666666666714,D,1
2555,2010-11-27,2010/2011,Wolverhampton Wanderers,Sunderland,0.6,1.6,0.8,1.2,-0.8,0.2,1.5,1,70.0,60.0,-1.0,-0.3999999999999999,-1.0,10.0,H,2
2556,2010-11-27,2010/2011,Fulham,Birmingham City,1.0,1.2,1.0,0.4,-0.4,0.0,1.5,1,54.166666666666664,70.0,-0.19999999999999996,0.6,-0.4,-15.833333333333336,D,1
2552,2010-11-27,2010/2011,Aston Villa,Arsenal,1.2,1.8,1.4,2.0,-0.2,0.4,1.25,1,57.333333333333336,38.5,-0.6000000000000001,-0.6000000000000001,-0.6000000000000001,18.833333333333336,A,0
2551,2010-11-27,2010/2011,West Ham United,Wigan Athletic,0.6,0.8,1.2,0.4,-0.8,-0.8,2.25,1,44.833333333333336,60.833333333333336,-0.20000000000000007,0.7999999999999999,0.0,-16.0,H,2
2549,2010-11-27,2010/2011,Manchester United,Blackburn Rovers,2.2,1.8,2.6,1.2,1.0,0.2,2.5,1,52.5,59.166666666666664,0.40000000000000013,1.4000000000000001,0.8,-6.666666666666664,H,2
2553,2010-11-27,2010/2011,Everton,West Bromwich Albion,1.2,0.2,1.4,1.0,0.0,-1.4,3.0,1,56.666666666666664,61.666666666666664,1.0,0.3999999999999999,1.4,-5.0,A,0
2550,2010-11-28,2010/2011,Tottenham Hotspur,Liverpool,1.4,2.0,2.2,0.8,-0.2,0.8,1.5,1,53.333333333333336,50.833333333333336,-0.6000000000000001,1.4000000000000001,-1.0,2.5,H,2
2554,2010-11-28,2010/2011,Newcastle United,Chelsea,1.4,1.2,1.0,0.8,0.0,-0.8,0.5,1,60.833333333333336,57.666666666666664,0.19999999999999996,0.19999999999999996,0.8,3.1666666666666714,D,1
2562,2010-12-04,2010/2011,Manchester City,Bolton Wanderers,1.8,2.2,1.6,1.4,1.0,1.4,1.75,1,59.166666666666664,57.5,-0.40000000000000013,0.20000000000000018,-0.3999999999999999,1.6666666666666643,H,2
2563,2010-12-04,2010/2011,Blackburn Rovers,Wolverhampton Wanderers,1.8,0.6,1.6,0.0,-0.8,-0.8,2.0,1,59.166666666666664,70.0,1.2000000000000002,1.6,0.0,-10.833333333333336,H,2
2564,2010-12-04,2010/2011,Birmingham City,Tottenham Hotspur,1.2,2.0,1.6,1.2,0.0,0.4,0.5,1,70.0,53.333333333333336,-0.8,0.40000000000000013,-0.4,16.666666666666664,D,1
2567,2010-12-04,2010/2011,Wigan Athletic,Stoke City,0.8,2.0,1.6,1.2,-0.8,0.8,0.75,1,60.833333333333336,60.833333333333336,-1.2,0.40000000000000013,-1.6,0.0,D,1
2568,2010-12-04,2010/2011,Chelsea,Everton,0.8,0.6,2.4,1.4,-1.0,-0.8,0.75,1,57.666666666666664,56.666666666666664,0.20000000000000007,1.0,-0.19999999999999996,1.0,D,1
2559,2010-12-04,2010/2011,Arsenal,Fulham,1.8,0.6,1.2,0.6,0.6,-0.8,1.75,1,38.5,54.166666666666664,1.2000000000000002,0.6,1.4,-15.666666666666664,H,2
2565,2010-12-05,2010/2011,West Bromwich Albion,Newcastle United,0.8,1.0,1.4,1.8,-0.6,-0.8,0.0,1,61.666666666666664,60.833333333333336,-0.19999999999999996,-0.40000000000000013,0.20000000000000007,0.8333333333333286,H,2
2561,2010-12-05,2010/2011,Sunderland,West Ham United,1.6,1.2,1.8,0.6,0.8,-0.2,0.25,1,60.0,44.833333333333336,0.40000000000000013,1.2000000000000002,1.0,15.166666666666664,H,2
2560,2010-12-06,2010/2011,Liverpool,Aston Villa,1.4,1.0,2.0,0.8,0.4,-0.6,1.75,1,50.833333333333336,57.333333333333336,0.3999999999999999,1.2,1.0,-6.5,H,2
2571,2010-12-11,2010/2011,West Ham United,Manchester City,1.0,1.8,1.2,2.0,-0.4,0.8,1.0,1,44.833333333333336,59.166666666666664,-0.8,-0.8,-1.2000000000000002,-14.333333333333329,A,0
2572,2010-12-11,2010/2011,Aston Villa,West Bromwich Albion,0.8,1.4,1.2,1.0,-1.2,0.2,3.0,1,57.333333333333336,61.666666666666664,-0.5999999999999999,0.19999999999999996,-1.4,-4.333333333333329,H,2
2573,2010-12-11,2010/2011,Everton,Wigan Athletic,0.6,1.0,1.4,0.2,-0.8,-0.6,2.25,1,56.666666666666664,60.833333333333336,-0.4,1.2,-0.20000000000000007,-4.166666666666671,D,1
2574,2010-12-11,2010/2011,Newcastle United,Liverpool,0.4,1.4,1.2,0.8,-1.4,0.6,0.0,1,60.833333333333336,50.833333333333336,-0.9999999999999999,0.3999999999999999,-2.0,10.0,H,2
2576,2010-12-11,2010/2011,Fulham,Sunderland,0.4,1.6,1.0,1.0,-1.0,0.6,1.25,1,54.166666666666664,60.0,-1.2000000000000002,0.0,-1.6,-5.833333333333336,D,1
2578,2010-12-11,2010/2011,Stoke City,Blackpool,2.2,1.2,2.0,1.0,1.2,0.0,1.2806963396144682,0,60.833333333333336,69.16666666666667,1.0000000000000002,1.0,1.2,-8.333333333333336,A,0
2570,2010-12-12,2010/2011,Tottenham Hotspur,Chelsea,2.2,1.0,2.2,1.0,0.8,-0.6,1.75,1,53.333333333333336,57.666666666666664,1.2000000000000002,1.2000000000000002,1.4,-4.333333333333329,D,1
2575,2010-12-12,2010/2011,Wolverhampton Wanderers,Birmingham City,0.6,1.2,1.4,0.6,-1.2,0.0,0.0,1,70.0,70.0,-0.6,0.7999999999999999,-1.2,0.0,H,2
2577,2010-12-12,2010/2011,Bolton Wanderers,Blackburn Rovers,1.6,1.8,2.0,0.6,0.8,-0.4,0.5,1,57.5,59.166666666666664,-0.19999999999999996,1.4,1.2000000000000002,-1.6666666666666643,H,2
2569,2010-12-13,2010/2011,Manchester United,Arsenal,2.2,2.4,2.6,2.4,1.8,1.0,1.75,1,52.5,38.5,-0.19999999999999973,0.20000000000000018,0.8,14.0,H,2
2581,2010-12-18,2010/2011,Sunderland,Bolton Wanderers,1.6,2.0,2.2,1.2,0.6,1.0,1.75,1,60.0,57.5,-0.3999999999999999,1.0000000000000002,-0.4,2.5,H,2
2583,2010-12-18,2010/2011,Blackburn Rovers,West Ham United,1.2,0.8,2.0,0.4,-0.8,-0.8,0.75,1,59.166666666666664,44.833333333333336,0.3999999999999999,1.6,0.0,14.333333333333329,D,1
2582,2010-12-20,2010/2011,Manchester City,Everton,2.2,0.6,1.6,1.4,1.2,-0.8,0.75,1,59.166666666666664,56.666666666666664,1.6,0.20000000000000018,2.0,2.5,A,0
2589,2010-12-26,2010/2011,Manchester United,Sunderland,2.2,1.6,3.0,1.0,1.8,0.2,2.2,1,52.5,60.0,0.6000000000000001,2.0,1.6,-7.5,H,2
2591,2010-12-26,2010/2011,Aston Villa,Tottenham Hotspur,0.8,2.2,1.6,1.4,-1.2,0.8,1.0,1,57.333333333333336,53.333333333333336,-1.4000000000000001,0.20000000000000018,-2.0,4.0,A,0
2593,2010-12-26,2010/2011,Newcastle United,Manchester City,1.0,2.0,1.6,2.0,-0.8,1.0,0.3333333333333333,1,60.833333333333336,59.166666666666664,-1.0,-0.3999999999999999,-1.8,1.6666666666666714,A,0
2594,2010-12-26,2010/2011,Wolverhampton Wanderers,Wigan Athletic,1.2,1.0,1.8,0.2,-0.6,-0.6,1.0,1,70.0,60.833333333333336,0.19999999999999996,1.6,0.0,9.166666666666664,A,0
2595,2010-12-26,2010/2011,Blackburn Rovers,Stoke City,1.4,1.6,2.0,0.8,-0.4,0.8,0.8,1,59.166666666666664,60.833333333333336,-0.20000000000000018,1.2,-1.2000000000000002,-1.6666666666666714,A,0
2596,2010-12-26,2010/2011,Fulham,West Ham United,0.6,0.8,1.2,0.4,-0.8,-0.8,1.0,1,54.166666666666664,44.833333333333336,-0.20000000000000007,0.7999999999999999,0.0,9.333333333333329,A,0
2597,2010-12-26,2010/2011,Bolton Wanderers,West Bromwich Albion,1.4,1.2,2.0,0.8,0.6,0.0,1.0,1,57.5,61.666666666666664,0.19999999999999996,1.2,0.6,-4.166666666666664,H,2
2590,2010-12-27,2010/2011,Arsenal,Chelsea,1.8,0.6,1.8,1.0,0.4,-0.8,0.6,1,38.5,57.666666666666664,1.2000000000000002,0.8,1.2000000000000002,-19.166666666666664,H,2
2616,2010-12-28,2010/2011,Stoke City,Fulham,1.6,0.4,1.4,0.4,0.8,-1.2,1.75,1,60.833333333333336,54.166666666666664,1.2000000000000002,0.9999999999999999,2.0,6.666666666666671,A,0
2615,2010-12-28,2010/2011,West Bromwich Albion,Blackburn Rovers,1.2,0.8,1.4,0.6,-0.2,-1.2,1.0,1,61.666666666666664,59.166666666666664,0.3999999999999999,0.7999999999999999,1.0,2.5,A,0
2614,2010-12-28,2010/2011,Birmingham City,Manchester United,1.2,2.6,1.6,1.4,0.0,2.2,0.5,1,70.0,52.5,-1.4000000000000001,0.20000000000000018,-2.2,17.5,D,1
2612,2010-12-28,2010/2011,West Ham United,Everton,1.4,1.2,1.0,1.4,0.2,-0.4,0.25,1,44.833333333333336,56.666666666666664,0.19999999999999996,-0.3999999999999999,0.6000000000000001,-11.833333333333329,D,1
2613,2010-12-28,2010/2011,Manchester City,Aston Villa,2.0,0.6,1.0,0.2,0.8,-1.4,1.75,1,59.166666666666664,57.333333333333336,1.4,0.8,2.2,1.8333333333333286,H,2
2611,2010-12-28,2010/2011,Tottenham Hotspur,Newcastle United,2.2,0.8,1.8,1.2,0.6,-1.2,1.5,1,53.333333333333336,60.833333333333336,1.4000000000000001,0.6000000000000001,1.7999999999999998,-7.5,H,2
2610,2010-12-28,2010/2011,Sunderland,Blackpool,1.4,1.6,2.6,1.0,-0.2,0.2,1.2806963396144682,0,60.0,69.16666666666667,-0.20000000000000018,1.6,-0.4,-9.166666666666671,A,0
2609,2010-12-29,2010/2011,Liverpool,Wolverhampton Wanderers,1.2,1.2,2.4,0.0,0.2,-0.6,2.0,1,50.833333333333336,70.0,0.0,2.4,0.8,-19.166666666666664,A,0
2617,2010-12-29,2010/2011,Wigan Athletic,Arsenal,1.0,1.8,1.8,2.4,-0.6,0.6,0.75,1,60.833333333333336,38.5,-0.8,-0.5999999999999999,-1.2,22.333333333333336,D,1
2618,2010-12-29,2010/2011,Chelsea,Bolton Wanderers,0.6,1.4,2.0,1.0,-0.6,0.2,3.0,1,57.666666666666664,57.5,-0.7999999999999999,1.0,-0.8,0.1666666666666643,H,2
2624,2011-01-01,2010/2011,Birmingham City,Arsenal,1.2,2.0,1.8,2.0,0.0,0.8,0.3333333333333333,1,70.0,38.5,-0.8,-0.19999999999999996,-0.8,31.5,A,0
2623,2011-01-01,2010/2011,Manchester City,Blackpool,2.4,2.2,1.6,1.6,1.6,0.8,3.0,1,59.166666666666664,69.16666666666667,0.19999999999999973,0.0,0.8,-10.000000000000007,H,2
2626,2011-01-01,2010/2011,Stoke City,Everton,1.0,1.2,1.4,1.4,-0.2,-0.4,0.4,1,60.833333333333336,56.666666666666664,-0.19999999999999996,0.0,0.2,4.166666666666671,H,2
2625,2011-01-01,2010/2011,West Bromwich Albion,Manchester United,1.2,2.6,1.2,1.4,0.0,2.2,0.3333333333333333,1,61.666666666666664,52.5,-1.4000000000000001,-0.19999999999999996,-2.2,9.166666666666664,A,0
2619,2011-01-01,2010/2011,Liverpool,Bolton Wanderers,1.2,1.2,2.4,0.8,0.4,0.0,3.0,1,50.833333333333336,57.5,0.0,1.5999999999999999,0.4,-6.666666666666664,H,2
2622,2011-01-01,2010/2011,West Ham United,Wolverhampton Wanderers,1.0,1.8,1.2,0.6,-0.2,-0.2,1.3333333333333333,1,44.833333333333336,70.0,-0.8,0.6,0.0,-25.166666666666664,H,2
2621,2011-01-01,2010/2011,Tottenham Hotspur,Fulham,2.2,1.0,2.2,0.8,0.8,-0.2,1.6,1,53.333333333333336,54.166666666666664,1.2000000000000002,1.4000000000000001,1.0,-0.8333333333333286,H,2
2620,2011-01-01,2010/2011,Sunderland,Blackburn Rovers,1.4,1.4,2.0,1.2,-0.4,0.4,1.8,1,60.0,59.166666666666664,0.0,0.8,-0.8,0.8333333333333357,H,2
2627,2011-01-02,2010/2011,Wigan Athletic,Newcastle United,1.2,0.8,1.4,1.2,-0.2,-0.8,1.6666666666666667,1,60.833333333333336,60.833333333333336,0.3999999999999999,0.19999999999999996,0.6000000000000001,0.0,A,0
2628,2011-01-02,2010/2011,Chelsea,Aston Villa,1.2,0.6,2.0,0.2,-0.2,-1.8,2.0,1,57.666666666666664,57.333333333333336,0.6,1.8,1.6,0.3333333333333286,D,1
2629,2011-01-04,2010/2011,Manchester United,Stoke City,2.6,1.4,3.0,1.4,2.0,0.2,3.0,1,52.5,60.833333333333336,1.2000000000000002,1.6,1.8,-8.333333333333336,H,2
2633,2011-01-04,2010/2011,Blackpool,Birmingham City,2.0,0.6,1.4,0.6,0.6,-0.8,0.0,1,69.16666666666667,70.0,1.4,0.7999999999999999,1.4,-0.8333333333333286,A,0
2638,2011-01-04,2010/2011,Fulham,West Bromwich Albion,0.8,0.6,0.6,0.8,-0.4,-0.8,1.0,1,54.166666666666664,61.666666666666664,0.20000000000000007,-0.20000000000000007,0.4,-7.5,H,2
2636,2011-01-05,2010/2011,Newcastle United,West Ham United,1.2,1.6,1.0,1.0,-0.6,0.4,1.3333333333333333,1,60.833333333333336,44.833333333333336,-0.40000000000000013,0.0,-1.0,16.0,H,2
2631,2011-01-05,2010/2011,Wolverhampton Wanderers,Chelsea,1.2,1.2,1.2,0.4,-0.8,-0.2,0.0,1,70.0,57.666666666666664,0.0,0.7999999999999999,-0.6000000000000001,12.333333333333336,H,2
2632,2011-01-05,2010/2011,Bolton Wanderers,Wigan Athletic,1.2,1.2,2.6,0.8,0.0,0.0,1.2,1,57.5,60.833333333333336,0.0,1.8,0.0,-3.3333333333333357,D,1
2634,2011-01-05,2010/2011,Aston Villa,Sunderland,0.8,1.4,1.4,1.0,-1.4,0.0,2.0,1,57.333333333333336,60.0,-0.5999999999999999,0.3999999999999999,-1.4,-2.6666666666666643,A,0
2635,2011-01-05,2010/2011,Everton,Tottenham Hotspur,1.2,2.2,1.0,1.4,-0.2,0.8,1.2,1,56.666666666666664,53.333333333333336,-1.0000000000000002,-0.3999999999999999,-1.0,3.3333333333333286,H,2
2630,2011-01-05,2010/2011,Arsenal,Manchester City,2.0,2.4,1.8,2.6,1.0,1.6,1.4,1,38.5,59.166666666666664,-0.3999999999999999,-0.8,-0.6000000000000001,-20.666666666666664,D,1
2637,2011-01-05,2010/2011,Blackburn Rovers,Liverpool,0.8,1.2,2.0,0.8,-0.8,0.0,0.2,1,59.166666666666664,50.833333333333336,-0.3999999999999999,1.2,-0.8,8.333333333333329,H,2
2598,2011-01-12,2010/2011,Blackpool,Liverpool,1.4,1.2,1.4,0.2,0.2,-0.2,3.0,1,69.16666666666667,50.833333333333336,0.19999999999999996,1.2,0.4,18.333333333333336,H,2
2642,2011-01-15,2010/2011,West Ham United,Arsenal,1.6,1.6,1.6,2.0,-0.2,0.8,0.4,1,44.833333333333336,38.5,0.0,-0.3999999999999999,-1.0,6.333333333333336,A,0
2643,2011-01-15,2010/2011,Manchester City,Wolverhampton Wanderers,2.0,1.8,2.0,0.6,1.2,0.0,2.0,1,59.166666666666664,70.0,0.19999999999999996,1.4,1.2,-10.833333333333336,H,2
2645,2011-01-15,2010/2011,West Bromwich Albion,Blackpool,0.0,1.8,0.6,1.6,-1.8,0.4,0.0,1,61.666666666666664,69.16666666666667,-1.8,-1.0,-2.2,-7.500000000000007,H,2
2646,2011-01-15,2010/2011,Stoke City,Bolton Wanderers,1.2,0.8,1.4,0.6,0.0,-0.2,0.8,1,60.833333333333336,57.5,0.3999999999999999,0.7999999999999999,0.2,3.3333333333333357,H,2
2647,2011-01-15,2010/2011,Wigan Athletic,Fulham,1.2,1.4,1.2,0.8,0.0,0.4,0.4,1,60.833333333333336,54.166666666666664,-0.19999999999999996,0.3999999999999999,-0.4,6.666666666666671,D,1
2648,2011-01-15,2010/2011,Chelsea,Blackburn Rovers,1.0,1.4,1.6,0.6,-0.4,-0.2,2.6,1,57.666666666666664,59.166666666666664,-0.3999999999999999,1.0,-0.2,-1.5,H,2
2640,2011-01-16,2010/2011,Sunderland,Newcastle United,1.8,1.8,2.0,1.2,0.2,0.8,1.3333333333333333,1,60.0,60.833333333333336,0.0,0.8,-0.6000000000000001,-0.8333333333333357,D,1
2644,2011-01-16,2010/2011,Birmingham City,Aston Villa,1.0,0.8,1.2,0.4,-0.6,-1.0,0.3333333333333333,1,70.0,57.333333333333336,0.19999999999999996,0.7999999999999999,0.4,12.666666666666664,D,1
2639,2011-01-16,2010/2011,Liverpool,Everton,0.6,1.6,2.4,1.2,-1.0,0.0,2.0,1,50.833333333333336,56.666666666666664,-1.0,1.2,-1.0,-5.833333333333329,D,1
2641,2011-01-16,2010/2011,Tottenham Hotspur,Manchester United,2.0,2.6,2.6,1.8,0.6,1.0,0.2,1,53.333333333333336,52.5,-0.6000000000000001,0.8,-0.4,0.8333333333333357,D,1
2651,2011-01-22,2010/2011,Aston Villa,Manchester City,0.4,2.6,0.8,2.2,-1.2,1.6,0.8,1,57.333333333333336,59.166666666666664,-2.2,-1.4000000000000001,-2.8,-1.8333333333333286,H,2
2652,2011-01-22,2010/2011,Everton,West Ham United,1.6,1.4,1.0,0.8,0.0,-0.8,2.2,1,56.666666666666664,44.833333333333336,0.20000000000000018,0.19999999999999996,0.8,11.833333333333329,D,1
2653,2011-01-22,2010/2011,Newcastle United,Tottenham Hotspur,1.4,2.0,1.6,1.4,0.4,0.6,1.0,1,60.833333333333336,53.333333333333336,-0.6000000000000001,0.20000000000000018,-0.19999999999999996,7.5,D,1
2654,2011-01-22,2010/2011,Wolverhampton Wanderers,Liverpool,1.2,0.8,1.8,0.0,-0.4,-0.6,1.3333333333333333,1,70.0,50.833333333333336,0.3999999999999999,1.8,0.19999999999999996,19.166666666666664,A,0
2656,2011-01-22,2010/2011,Fulham,Stoke City,1.4,1.8,1.0,1.4,0.4,0.6,1.4,1,54.166666666666664,60.833333333333336,-0.40000000000000013,-0.3999999999999999,-0.19999999999999996,-6.666666666666671,H,2
2649,2011-01-22,2010/2011,Manchester United,Birmingham City,2.2,1.0,3.0,1.0,0.8,-0.6,1.6666666666666667,1,52.5,70.0,1.2000000000000002,2.0,1.4,-17.5,H,2
2650,2011-01-22,2010/2011,Arsenal,Wigan Athletic,2.2,1.2,1.4,1.0,1.6,0.0,2.0,1,38.5,60.833333333333336,1.0000000000000002,0.3999999999999999,1.6,-22.333333333333336,H,2
2658,2011-01-22,2010/2011,Blackpool,Sunderland,1.2,1.4,2.0,1.4,0.0,0.0,3.0,1,69.16666666666667,60.0,-0.19999999999999996,0.6000000000000001,0.0,9.166666666666671,A,0
2655,2011-01-23,2010/2011,Blackburn Rovers,West Bromwich Albion,1.2,0.6,2.0,0.6,-0.6,-1.4,1.6666666666666667,1,59.166666666666664,61.666666666666664,0.6,1.4,0.7999999999999999,-2.5,H,2
2657,2011-01-24,2010/2011,Bolton Wanderers,Chelsea,0.8,1.4,2.2,0.4,-0.4,0.0,0.0,1,57.5,57.666666666666664,-0.5999999999999999,1.8000000000000003,-0.4,-0.1666666666666643,A,0
2587,2011-01-25,2010/2011,Wigan Athletic,Aston Villa,0.6,1.0,1.2,0.4,-0.8,-0.8,1.0,1,60.833333333333336,57.333333333333336,-0.4,0.7999999999999999,0.0,3.5,A,0
2566,2011-01-25,2010/2011,Blackpool,Manchester United,0.6,2.2,1.4,1.4,-0.6,1.4,1.2806963396144682,0,69.16666666666667,52.5,-1.6,0.0,-2.0,16.66666666666667,A,0
2580,2011-01-26,2010/2011,Liverpool,Fulham,1.4,2.0,2.0,1.0,0.2,1.2,1.25,1,50.833333333333336,54.166666666666664,-0.6000000000000001,1.0,-1.0,-3.3333333333333286,H,2
2659,2011-02-01,2010/2011,Manchester United,Aston Villa,2.6,1.6,3.0,1.0,1.6,0.2,1.2,1,52.5,57.333333333333336,1.0,2.0,1.4000000000000001,-4.833333333333336,H,2
2660,2011-02-01,2010/2011,Arsenal,Everton,2.2,1.2,2.0,1.2,1.8,-0.2,2.2,1,38.5,56.666666666666664,1.0000000000000002,0.8,2.0,-18.166666666666664,H,2
2661,2011-02-01,2010/2011,Sunderland,Chelsea,2.0,2.0,2.0,1.0,0.6,1.2,0.6,1,60.0,57.666666666666664,0.0,1.0,-0.6,2.3333333333333357,A,0
2664,2011-02-01,2010/2011,West Bromwich Albion,Wigan Athletic,0.6,0.4,1.2,1.0,-1.4,-1.0,1.0,1,61.666666666666664,60.833333333333336,0.19999999999999996,0.19999999999999996,-0.3999999999999999,0.8333333333333286,D,1
2666,2011-02-02,2010/2011,Liverpool,Stoke City,1.4,1.2,2.0,1.4,0.2,-0.2,1.2,1,50.833333333333336,60.833333333333336,0.19999999999999996,0.6000000000000001,0.4,-10.0,H,2
2662,2011-02-02,2010/2011,Birmingham City,Manchester City,1.0,2.0,1.2,1.6,-1.4,1.0,0.6666666666666666,1,70.0,59.166666666666664,-1.0,-0.40000000000000013,-2.4,10.833333333333336,D,1
2663,2011-02-02,2010/2011,Bolton Wanderers,Wolverhampton Wanderers,0.2,1.2,1.6,0.6,-1.6,-0.8,2.0,1,57.5,70.0,-1.0,1.0,-0.8,-12.5,H,2
2665,2011-02-02,2010/2011,Blackpool,West Ham United,0.6,1.0,1.2,1.0,-0.6,-1.2,1.0,1,69.16666666666667,44.833333333333336,-0.4,0.19999999999999996,0.6,24.333333333333336,A,0
2667,2011-02-02,2010/2011,Blackburn Rovers,Tottenham Hotspur,1.8,1.6,2.0,1.6,0.2,0.4,0.6,1,59.166666666666664,53.333333333333336,0.19999999999999996,0.3999999999999999,-0.2,5.833333333333329,A,0
2668,2011-02-02,2010/2011,Fulham,Newcastle United,1.4,1.6,1.6,0.8,0.6,0.8,2.3333333333333335,1,54.166666666666664,60.833333333333336,-0.20000000000000018,0.8,-0.20000000000000007,-6.666666666666671,H,2
2669,2011-02-05,2010/2011,Tottenham Hotspur,Bolton Wanderers,1.6,0.8,2.2,0.0,0.2,-1.2,1.4,1,53.333333333333336,57.5,0.8,2.2,1.4,-4.166666666666664,H,2
2674,2011-02-05,2010/2011,Manchester City,West Bromwich Albion,1.6,0.8,2.4,0.6,0.2,-1.0,2.0,1,59.166666666666664,61.666666666666664,0.8,1.7999999999999998,1.2,-2.5,H,2
2672,2011-02-05,2010/2011,Everton,Blackpool,1.0,0.6,1.0,1.4,-0.4,-0.8,1.0,1,56.666666666666664,69.16666666666667,0.4,-0.3999999999999999,0.4,-12.500000000000007,H,2
2673,2011-02-05,2010/2011,Newcastle United,Arsenal,1.6,2.6,1.6,2.0,1.0,2.0,1.0,1,60.833333333333336,38.5,-1.0,-0.3999999999999999,-1.0,22.333333333333336,D,1
2671,2011-02-05,2010/2011,Aston Villa,Fulham,1.4,2.0,1.2,0.8,-0.2,1.0,1.6,1,57.333333333333336,54.166666666666664,-0.6000000000000001,0.3999999999999999,-1.2,3.1666666666666714,D,1
2675,2011-02-05,2010/2011,Wolverhampton Wanderers,Manchester United,0.6,2.6,1.8,1.8,-1.2,1.8,0.0,1,70.0,52.5,-2.0,0.0,-3.0,17.5,H,2
2676,2011-02-05,2010/2011,Stoke City,Sunderland,1.2,2.0,1.4,1.4,-0.2,0.6,1.4,1,60.833333333333336,60.0,-0.8,0.0,-0.8,0.8333333333333357,H,2
2677,2011-02-05,2010/2011,Wigan Athletic,Blackburn Rovers,0.6,1.2,0.6,0.6,-0.8,-0.4,0.8,1,60.833333333333336,59.166666666666664,-0.6,0.0,-0.4,1.6666666666666714,H,2
2678,2011-02-06,2010/2011,Chelsea,Liverpool,2.0,2.0,1.6,0.6,1.4,1.0,1.2,1,57.666666666666664,50.833333333333336,0.0,1.0,0.3999999999999999,6.833333333333329,A,0
2670,2011-02-06,2010/2011,West Ham United,Birmingham City,1.4,1.0,1.4,1.0,-0.8,-1.4,1.3333333333333333,1,44.833333333333336,70.0,0.3999999999999999,0.3999999999999999,0.5999999999999999,-25.166666666666664,A,0
2688,2011-02-12,2010/2011,Blackpool,Aston Villa,0.0,1.6,0.6,1.0,-1.4,0.0,0.0,1,69.16666666666667,57.333333333333336,-1.6,-0.4,-1.4,11.833333333333336,D,1
2685,2011-02-12,2010/2011,Birmingham City,Stoke City,1.6,1.2,0.8,0.8,-0.6,-0.4,1.3333333333333333,1,70.0,60.833333333333336,0.40000000000000013,0.0,-0.19999999999999996,9.166666666666664,H,2
2687,2011-02-12,2010/2011,West Bromwich Albion,West Ham United,0.8,0.8,1.4,1.6,-1.4,-1.4,1.6666666666666667,1,61.666666666666664,44.833333333333336,0.0,-0.20000000000000018,0.0,16.83333333333333,D,1
2683,2011-02-12,2010/2011,Blackburn Rovers,Newcastle United,1.2,1.2,1.4,0.8,0.0,0.8,3.0,1,59.166666666666664,60.833333333333336,0.0,0.5999999999999999,-0.8,-1.6666666666666714,D,1
2679,2011-02-12,2010/2011,Manchester United,Manchester City,2.0,1.6,3.0,1.6,1.4,0.6,2.6,1,52.5,59.166666666666664,0.3999999999999999,1.4,0.7999999999999999,-6.666666666666664,H,2
2681,2011-02-12,2010/2011,Liverpool,Wigan Athletic,2.6,1.0,2.0,1.2,1.4,-0.6,1.6,1,50.833333333333336,60.833333333333336,1.6,0.8,2.0,-10.0,D,1
2680,2011-02-12,2010/2011,Arsenal,Wolverhampton Wanderers,2.2,1.2,2.6,0.6,1.4,-0.6,3.0,1,38.5,70.0,1.0000000000000002,2.0,2.0,-31.5,H,2
2682,2011-02-12,2010/2011,Sunderland,Tottenham Hotspur,1.4,1.6,1.4,1.6,-0.2,0.2,1.6,1,60.0,53.333333333333336,-0.20000000000000018,-0.20000000000000018,-0.4,6.666666666666664,A,0
2686,2011-02-13,2010/2011,Bolton Wanderers,Everton,0.8,1.6,2.0,1.0,-1.2,0.4,0.8,1,57.5,56.666666666666664,-0.8,1.0,-1.6,0.8333333333333357,H,2
2684,2011-02-14,2010/2011,Fulham,Chelsea,1.6,1.8,2.0,1.4,0.4,1.2,0.2,1,54.166666666666664,57.666666666666664,-0.19999999999999996,0.6000000000000001,-0.7999999999999999,-3.5,D,1
2584,2011-02-15,2010/2011,Birmingham City,Newcastle United,1.6,0.8,1.2,1.0,-0.6,-0.2,1.2806963396144682,0,70.0,60.833333333333336,0.8,0.19999999999999996,-0.39999999999999997,9.166666666666664,A,0
2585,2011-02-20,2010/2011,West Bromwich Albion,Wolverhampton Wanderers,1.0,0.6,1.0,0.6,-0.8,-1.2,1.2806963396144682,0,61.666666666666664,70.0,0.4,0.4,0.3999999999999999,-8.333333333333336,D,1
2586,2011-02-22,2010/2011,Blackpool,Tottenham Hotspur,0.2,2.2,0.8,2.0,-1.2,0.6,1.2806963396144682,0,54.166666666666664,54.166666666666664,-2.0,-1.2,-1.7999999999999998,0.0,H,2
2579,2011-02-23,2010/2011,Arsenal,Stoke City,2.6,1.2,2.6,0.6,1.8,-0.4,2.25,1,51.666666666666664,47.5,1.4000000000000001,2.0,2.2,4.166666666666664,H,2
2691,2011-02-26,2010/2011,Aston Villa,Blackburn Rovers,1.6,0.8,1.4,0.6,0.0,-0.4,1.2,1,48.333333333333336,51.666666666666664,0.8,0.7999999999999999,0.4,-3.3333333333333286,H,2
2692,2011-02-26,2010/2011,Everton,Sunderland,1.0,0.8,1.6,1.4,-0.2,-0.6,2.2,1,56.666666666666664,53.333333333333336,0.19999999999999996,0.20000000000000018,0.39999999999999997,3.3333333333333286,H,2
2693,2011-02-26,2010/2011,Newcastle United,Bolton Wanderers,1.2,1.2,1.6,0.0,0.2,-0.8,1.0,1,52.5,52.5,0.0,1.6,1.0,0.0,D,1
2695,2011-02-26,2010/2011,Wolverhampton Wanderers,Blackpool,0.8,0.8,1.8,1.2,-1.0,-0.6,0.0,1,50.833333333333336,54.166666666666664,0.0,0.6000000000000001,-0.4,-3.3333333333333286,H,2
2697,2011-02-26,2010/2011,Wigan Athletic,Manchester United,1.0,2.4,1.0,1.6,-0.6,1.6,0.0,1,46.666666666666664,55.0,-1.4,-0.6000000000000001,-2.2,-8.333333333333336,A,0
2690,2011-02-27,2010/2011,West Ham United,Liverpool,1.0,2.6,0.8,1.2,-0.4,1.4,0.2,1,39.166666666666664,53.333333333333336,-1.6,-0.3999999999999999,-1.7999999999999998,-14.166666666666671,H,2
2694,2011-02-27,2010/2011,Manchester City,Fulham,1.4,1.6,2.4,1.0,0.4,0.4,1.6,1,67.5,45.0,-0.20000000000000018,1.4,0.0,22.5,D,1
2696,2011-02-28,2010/2011,Stoke City,West Bromwich Albion,0.6,0.6,1.8,0.0,-1.0,-1.0,3.0,1,47.5,50.0,0.0,1.8,0.0,-2.5,D,1
2588,2011-03-01,2010/2011,Chelsea,Manchester United,2.0,2.4,1.6,2.0,1.4,1.4,1.75,1,56.666666666666664,55.0,-0.3999999999999999,-0.3999999999999999,0.0,1.6666666666666643,H,2
2703,2011-03-05,2010/2011,Manchester City,Wigan Athletic,1.0,1.0,2.6,1.2,0.2,-0.8,2.0,1,67.5,46.666666666666664,0.0,1.4000000000000001,1.0,20.833333333333336,H,2
2699,2011-03-05,2010/2011,Arsenal,Sunderland,2.6,0.6,2.6,1.2,1.4,-1.0,1.2,1,51.666666666666664,53.333333333333336,2.0,1.4000000000000001,2.4,-1.6666666666666714,D,1
2706,2011-03-05,2010/2011,Birmingham City,West Bromwich Albion,1.4,0.8,1.0,0.2,-1.0,-0.6,0.0,1,45.0,50.0,0.5999999999999999,0.8,-0.4,-5.0,A,0
2702,2011-03-05,2010/2011,Newcastle United,Everton,1.2,1.4,1.2,0.4,0.2,0.2,1.6666666666666667,1,52.5,56.666666666666664,-0.19999999999999996,0.7999999999999999,0.0,-4.166666666666664,A,0
2707,2011-03-05,2010/2011,Bolton Wanderers,Aston Villa,1.4,1.6,2.0,1.2,-0.4,0.4,0.4,1,52.5,48.333333333333336,-0.20000000000000018,0.8,-0.8,4.166666666666664,H,2
2705,2011-03-05,2010/2011,Fulham,Blackburn Rovers,1.2,0.8,2.0,0.6,0.0,-0.6,0.8,1,45.0,51.666666666666664,0.3999999999999999,1.4,0.6,-6.666666666666664,H,2
2701,2011-03-05,2010/2011,West Ham United,Stoke City,1.6,0.8,1.4,0.0,0.6,-0.6,1.4,1,39.166666666666664,47.5,0.8,1.4,1.2,-8.333333333333336,H,2
2700,2011-03-06,2010/2011,Liverpool,Manchester United,2.0,1.8,2.2,1.4,0.4,1.0,1.8,1,53.333333333333336,55.0,0.19999999999999996,0.8000000000000003,-0.6,-1.6666666666666643,H,2
2704,2011-03-06,2010/2011,Wolverhampton Wanderers,Tottenham Hotspur,1.4,2.0,1.8,1.4,0.4,0.2,2.0,1,50.833333333333336,54.166666666666664,-0.6000000000000001,0.40000000000000013,0.2,-3.3333333333333286,D,1
2708,2011-03-07,2010/2011,Blackpool,Chelsea,0.8,2.0,0.8,1.4,-1.2,1.2,0.0,1,54.166666666666664,56.666666666666664,-1.2,-0.5999999999999999,-2.4,-2.5,A,0
2592,2011-03-09,2010/2011,Everton,Birmingham City,1.8,1.4,2.2,1.4,0.4,-0.4,1.6666666666666667,1,56.666666666666664,45.0,0.40000000000000013,0.8000000000000003,0.8,11.666666666666664,D,1
2727,2011-03-19,2010/2011,Wigan Athletic,Birmingham City,1.0,1.4,0.8,1.4,-0.8,-0.4,0.3333333333333333,1,46.666666666666664,45.0,-0.3999999999999999,-0.5999999999999999,-0.4,1.6666666666666643,H,2
2726,2011-03-19,2010/2011,Stoke City,Newcastle United,0.8,1.2,2.0,1.6,-0.8,0.2,1.6666666666666667,1,47.5,52.5,-0.3999999999999999,0.3999999999999999,-1.0,-5.0,H,2
2725,2011-03-19,2010/2011,West Bromwich Albion,Arsenal,1.2,2.2,1.2,1.6,-0.2,0.8,1.0,1,50.0,51.666666666666664,-1.0000000000000002,-0.40000000000000013,-1.0,-1.6666666666666643,D,1
2724,2011-03-19,2010/2011,Blackburn Rovers,Blackpool,0.2,0.8,1.4,0.6,-1.2,-1.2,3.0,1,51.666666666666664,54.166666666666664,-0.6000000000000001,0.7999999999999999,0.0,-2.5,D,1
2723,2011-03-19,2010/2011,Everton,Fulham,2.0,1.8,2.2,0.6,0.6,0.4,2.0,1,56.666666666666664,45.0,0.19999999999999996,1.6,0.19999999999999996,11.666666666666664,H,2
2722,2011-03-19,2010/2011,Aston Villa,Wolverhampton Wanderers,1.0,1.6,1.4,0.2,0.0,0.6,1.6666666666666667,1,48.333333333333336,50.833333333333336,-0.6000000000000001,1.2,-0.6,-2.5,A,0
2721,2011-03-19,2010/2011,Tottenham Hotspur,West Ham United,2.0,2.0,2.2,1.6,0.2,1.2,2.4,1,54.166666666666664,39.166666666666664,0.0,0.6000000000000001,-1.0,15.0,D,1
2719,2011-03-19,2010/2011,Manchester United,Bolton Wanderers,1.2,2.0,3.0,0.2,0.2,0.6,2.6,1,55.0,52.5,-0.8,2.8,-0.39999999999999997,2.5,H,2
2720,2011-03-20,2010/2011,Sunderland,Liverpool,0.2,2.0,0.8,1.2,-1.2,0.6,0.8,1,53.333333333333336,53.333333333333336,-1.8,-0.3999999999999999,-1.7999999999999998,0.0,A,0
2728,2011-03-20,2010/2011,Chelsea,Manchester City,2.0,1.6,2.0,1.0,0.8,0.6,1.2,1,56.666666666666664,67.5,0.3999999999999999,1.0,0.20000000000000007,-10.833333333333336,H,2
2737,2011-04-02,2010/2011,Stoke City,Chelsea,0.8,2.0,2.6,2.0,-0.2,0.8,0.0,1,47.5,56.666666666666664,-1.2,0.6000000000000001,-1.0,-9.166666666666664,D,1
2736,2011-04-02,2010/2011,West Bromwich Albion,Liverpool,1.4,2.0,1.4,1.8,0.4,0.6,0.0,1,50.0,53.333333333333336,-0.6000000000000001,-0.40000000000000013,-0.19999999999999996,-3.3333333333333357,H,2
2735,2011-04-02,2010/2011,Birmingham City,Bolton Wanderers,0.8,1.4,1.0,0.2,-0.8,0.2,0.3333333333333333,1,45.0,52.5,-0.5999999999999999,0.8,-1.0,-7.5,H,2
2738,2011-04-02,2010/2011,Wigan Athletic,Tottenham Hotspur,1.4,1.6,1.4,1.6,-0.6,0.0,1.4,1,46.666666666666664,54.166666666666664,-0.20000000000000018,-0.20000000000000018,-0.6,-7.5,D,1
2731,2011-04-02,2010/2011,Everton,Aston Villa,2.0,1.0,2.2,1.0,0.4,0.2,0.6,1,56.666666666666664,48.333333333333336,1.0,1.2000000000000002,0.2,8.333333333333329,D,1
2732,2011-04-02,2010/2011,Newcastle United,Wolverhampton Wanderers,1.0,1.6,1.2,0.8,-0.6,0.6,1.0,1,52.5,50.833333333333336,-0.6000000000000001,0.3999999999999999,-1.2,1.6666666666666643,H,2
2730,2011-04-02,2010/2011,West Ham United,Manchester United,1.6,1.8,1.8,1.2,0.8,0.6,0.0,1,39.166666666666664,55.0,-0.19999999999999996,0.6000000000000001,0.20000000000000007,-15.833333333333336,A,0
2729,2011-04-02,2010/2011,Arsenal,Blackburn Rovers,1.8,0.4,2.6,0.0,0.6,-1.0,2.4,1,51.666666666666664,51.666666666666664,1.4,2.6,1.6,0.0,D,1
2733,2011-04-03,2010/2011,Manchester City,Sunderland,1.4,0.2,2.6,1.4,0.2,-1.2,2.0,1,67.5,53.333333333333336,1.2,1.2000000000000002,1.4,14.166666666666664,H,2
2734,2011-04-03,2010/2011,Fulham,Blackpool,1.2,1.0,2.6,0.2,0.0,-0.8,1.0,1,45.0,54.166666666666664,0.19999999999999996,2.4,0.8,-9.166666666666664,H,2
2739,2011-04-09,2010/2011,Manchester United,Fulham,1.8,1.6,3.0,0.6,0.8,0.6,1.4,1,55.0,45.0,0.19999999999999996,2.4,0.20000000000000007,10.0,H,2
2745,2011-04-09,2010/2011,Blackburn Rovers,Birmingham City,0.6,0.8,1.6,1.4,-0.8,-0.8,1.0,1,51.666666666666664,45.0,-0.20000000000000007,0.20000000000000018,0.0,6.666666666666664,D,1
2742,2011-04-09,2010/2011,Tottenham Hotspur,Stoke City,1.2,1.0,2.2,0.0,-0.2,0.0,1.8,1,54.166666666666664,47.5,0.19999999999999996,2.2,-0.2,6.666666666666664,H,2
2744,2011-04-09,2010/2011,Wolverhampton Wanderers,Everton,1.6,2.2,2.0,0.8,0.4,0.8,1.0,1,50.833333333333336,56.666666666666664,-0.6000000000000001,1.2,-0.4,-5.833333333333329,A,0
2741,2011-04-09,2010/2011,Sunderland,West Bromwich Albion,0.2,1.8,0.8,0.8,-2.0,0.6,1.0,1,53.333333333333336,50.0,-1.6,0.0,-2.6,3.3333333333333357,A,0
2746,2011-04-09,2010/2011,Bolton Wanderers,West Ham United,1.4,1.6,2.0,1.2,0.2,0.6,3.0,1,52.5,39.166666666666664,-0.20000000000000018,0.8,-0.39999999999999997,13.333333333333336,H,2
2748,2011-04-09,2010/2011,Chelsea,Wigan Athletic,2.2,1.0,2.0,0.6,1.0,-0.8,2.4,1,56.666666666666664,46.666666666666664,1.2000000000000002,1.4,1.8,10.0,H,2
2743,2011-04-10,2010/2011,Aston Villa,Newcastle United,1.0,1.4,1.4,1.0,0.2,0.0,1.0,1,48.333333333333336,52.5,-0.3999999999999999,0.3999999999999999,0.2,-4.166666666666664,H,2
2747,2011-04-10,2010/2011,Blackpool,Arsenal,0.8,1.8,0.8,1.8,-1.4,0.6,0.0,1,54.166666666666664,51.666666666666664,-1.0,-1.0,-2.0,2.5,A,0
2740,2011-04-11,2010/2011,Liverpool,Manchester City,1.4,1.4,2.2,0.4,0.2,0.6,1.2,1,53.333333333333336,67.5,0.0,1.8000000000000003,-0.39999999999999997,-14.166666666666664,H,2
2749,2011-04-16,2010/2011,Blackpool,Wigan Athletic,0.2,0.8,0.8,0.4,-2.2,-1.0,3.0,1,54.166666666666664,46.666666666666664,-0.6000000000000001,0.4,-1.2000000000000002,7.5,A,0
2751,2011-04-16,2010/2011,West Ham United,Aston Villa,1.4,1.4,1.2,1.0,0.0,0.4,1.0,1,39.166666666666664,48.333333333333336,0.0,0.19999999999999996,-0.4,-9.166666666666671,A,0
2752,2011-04-16,2010/2011,Everton,Blackburn Rovers,2.2,0.6,2.2,0.2,1.0,-0.8,1.4,1,56.666666666666664,51.666666666666664,1.6,2.0,1.8,5.0,H,2
2756,2011-04-16,2010/2011,Birmingham City,Sunderland,1.0,0.2,1.4,0.8,-0.4,-2.0,1.3333333333333333,1,45.0,53.333333333333336,0.8,0.5999999999999999,1.6,-8.333333333333336,H,2
2757,2011-04-16,2010/2011,West Bromwich Albion,Chelsea,2.2,2.6,1.4,2.2,0.8,1.2,0.0,1,50.0,56.666666666666664,-0.3999999999999999,-0.8000000000000003,-0.3999999999999999,-6.666666666666664,A,0
2750,2011-04-17,2010/2011,Arsenal,Liverpool,1.8,1.8,2.2,1.8,0.6,0.8,1.8,1,51.666666666666664,53.333333333333336,0.0,0.40000000000000013,-0.20000000000000007,-1.6666666666666714,D,1
2753,2011-04-19,2010/2011,Newcastle United,Manchester United,0.8,1.8,1.2,1.2,-0.6,0.4,0.3333333333333333,1,52.5,55.0,-1.0,0.0,-1.0,-2.5,D,1
2698,2011-04-20,2010/2011,Chelsea,Birmingham City,2.6,1.6,2.4,1.0,1.4,0.4,1.3333333333333333,1,56.666666666666664,45.0,1.0,1.4,0.9999999999999999,11.666666666666664,H,2
2689,2011-04-20,2010/2011,Tottenham Hotspur,Arsenal,1.2,1.4,2.2,2.2,-0.2,0.4,1.6,1,54.166666666666664,51.666666666666664,-0.19999999999999996,0.0,-0.6000000000000001,2.5,D,1
2759,2011-04-23,2010/2011,Manchester United,Everton,2.0,2.2,3.0,1.4,0.6,1.2,1.6,1,55.0,56.666666666666664,-0.20000000000000018,1.6,-0.6,-1.6666666666666643,H,2
2760,2011-04-23,2010/2011,Liverpool,Birmingham City,2.0,1.4,2.6,1.0,1.2,0.0,1.0,1,53.333333333333336,45.0,0.6000000000000001,1.6,1.2,8.333333333333336,H,2
2761,2011-04-23,2010/2011,Sunderland,Wigan Athletic,0.2,1.4,0.2,1.0,-2.0,0.2,0.6,1,53.333333333333336,46.666666666666664,-1.2,-0.8,-2.2,6.666666666666671,H,2
2762,2011-04-23,2010/2011,Tottenham Hotspur,West Bromwich Albion,1.4,2.0,1.8,1.4,0.2,0.4,1.3333333333333333,1,54.166666666666664,50.0,-0.6000000000000001,0.40000000000000013,-0.2,4.166666666666664,D,1
2763,2011-04-23,2010/2011,Aston Villa,Stoke City,1.4,1.0,2.0,0.0,0.0,0.0,1.0,1,48.333333333333336,47.5,0.3999999999999999,2.0,0.0,0.8333333333333357,D,1
2764,2011-04-23,2010/2011,Wolverhampton Wanderers,Fulham,1.4,1.4,1.4,0.4,-0.2,0.2,1.3333333333333333,1,50.833333333333336,45.0,0.0,0.9999999999999999,-0.4,5.833333333333336,D,1
2767,2011-04-23,2010/2011,Blackpool,Newcastle United,0.2,0.8,0.8,0.8,-1.8,-0.6,3.0,1,54.166666666666664,52.5,-0.6000000000000001,0.0,-1.2000000000000002,1.6666666666666643,D,1
2768,2011-04-23,2010/2011,Chelsea,West Ham United,2.6,0.8,2.4,1.2,1.4,-0.6,2.2,1,56.666666666666664,39.166666666666664,1.8,1.2,2.0,17.5,H,2
2766,2011-04-24,2010/2011,Bolton Wanderers,Arsenal,1.4,1.4,2.4,1.8,0.4,0.4,0.0,1,52.5,51.666666666666664,0.0,0.5999999999999999,0.0,0.8333333333333357,H,2
2765,2011-04-25,2010/2011,Blackburn Rovers,Manchester City,0.6,1.4,1.2,0.2,-0.6,0.2,0.4,1,51.666666666666664,67.5,-0.7999999999999999,1.0,-0.8,-15.833333333333336,A,0
2758,2011-04-26,2010/2011,Stoke City,Wolverhampton Wanderers,1.0,1.0,2.2,0.8,0.0,-1.0,0.6666666666666666,1,47.5,50.833333333333336,0.0,1.4000000000000001,1.0,-3.3333333333333357,H,2
2755,2011-04-27,2010/2011,Fulham,Bolton Wanderers,1.4,1.8,2.6,0.2,0.2,0.6,1.8,1,45.0,52.5,-0.40000000000000013,2.4,-0.39999999999999997,-7.5,H,2
2771,2011-04-30,2010/2011,Sunderland,Fulham,0.6,1.4,0.6,0.6,-1.6,0.6,1.2,1,53.333333333333336,45.0,-0.7999999999999999,0.0,-2.2,8.333333333333336,A,0
2773,2011-04-30,2010/2011,Blackburn Rovers,Bolton Wanderers,0.6,1.2,0.6,0.2,-0.6,-0.2,1.6,1,51.666666666666664,52.5,-0.6,0.39999999999999997,-0.39999999999999997,-0.8333333333333357,H,2
2775,2011-04-30,2010/2011,West Bromwich Albion,Aston Villa,1.6,1.6,1.2,1.0,0.0,0.2,0.0,1,50.0,48.333333333333336,0.0,0.19999999999999996,-0.2,1.6666666666666643,H,2
2776,2011-04-30,2010/2011,Blackpool,Stoke City,0.4,1.6,0.8,0.2,-1.4,1.2,3.0,1,54.166666666666664,47.5,-1.2000000000000002,0.6000000000000001,-2.5999999999999996,6.666666666666664,D,1
2777,2011-04-30,2010/2011,Wigan Athletic,Everton,1.4,2.0,1.4,1.2,0.0,1.0,0.8,1,46.666666666666664,56.666666666666664,-0.6000000000000001,0.19999999999999996,-1.0,-10.0,D,1
2778,2011-04-30,2010/2011,Chelsea,Tottenham Hotspur,2.6,1.4,3.0,1.6,1.6,0.2,1.0,1,56.666666666666664,54.166666666666664,1.2000000000000002,1.4,1.4000000000000001,2.5,H,2
2774,2011-05-01,2010/2011,Birmingham City,Wolverhampton Wanderers,1.4,0.8,1.8,0.8,-0.8,-1.6,2.0,1,45.0,50.833333333333336,0.5999999999999999,1.0,0.8,-5.833333333333336,D,1
2772,2011-05-01,2010/2011,Manchester City,West Ham United,1.8,0.2,2.6,1.0,0.4,-1.8,2.0,1,67.5,39.166666666666664,1.6,1.6,2.2,28.333333333333336,H,2
2769,2011-05-01,2010/2011,Arsenal,Manchester United,1.2,2.6,1.8,1.4,0.2,1.2,0.8,1,51.666666666666664,55.0,-1.4000000000000001,0.40000000000000013,-1.0,-3.3333333333333357,H,2
2770,2011-05-01,2010/2011,Liverpool,Newcastle United,2.0,1.0,2.6,1.0,1.8,-0.4,2.0,1,53.333333333333336,52.5,1.0,1.6,2.2,0.8333333333333357,H,2
2780,2011-05-07,2010/2011,Tottenham Hotspur,Blackpool,1.2,0.4,1.8,0.2,0.0,-1.4,0.0,1,54.166666666666664,54.166666666666664,0.7999999999999999,1.6,1.4,0.0,D,1
2781,2011-05-07,2010/2011,West Ham United,Blackburn Rovers,0.0,1.0,1.2,0.2,-2.0,-0.4,1.4,1,39.166666666666664,51.666666666666664,-1.0,1.0,-1.6,-12.5,D,1
2782,2011-05-07,2010/2011,Aston Villa,Wigan Athletic,1.6,1.0,1.6,0.8,0.2,-0.2,2.0,1,48.333333333333336,46.666666666666664,0.6000000000000001,0.8,0.4,1.6666666666666714,D,1
2783,2011-05-07,2010/2011,Everton,Manchester City,1.6,1.8,2.2,0.8,0.8,0.4,2.4,1,56.666666666666664,67.5,-0.19999999999999996,1.4000000000000001,0.4,-10.833333333333336,H,2
2784,2011-05-07,2010/2011,Newcastle United,Birmingham City,1.0,1.0,1.2,0.4,-0.2,-1.0,3.0,1,52.5,45.0,0.0,0.7999999999999999,0.8,7.5,H,2
2787,2011-05-07,2010/2011,Bolton Wanderers,Sunderland,1.2,0.6,3.0,0.2,-0.2,-1.8,0.8,1,52.5,53.333333333333336,0.6,2.8,1.6,-0.8333333333333357,A,0
2785,2011-05-08,2010/2011,Wolverhampton Wanderers,West Bromwich Albion,0.4,2.0,1.6,1.6,-1.8,0.2,1.0,1,50.833333333333336,50.0,-1.6,0.0,-2.0,0.8333333333333357,H,2
2788,2011-05-08,2010/2011,Stoke City,Arsenal,1.2,1.6,2.2,1.2,0.4,0.4,0.6,1,47.5,51.666666666666664,-0.40000000000000013,1.0000000000000002,0.0,-4.166666666666664,H,2
2779,2011-05-08,2010/2011,Manchester United,Chelsea,2.0,3.0,3.0,2.2,0.8,1.8,0.8,1,55.0,56.666666666666664,-1.0,0.7999999999999998,-1.0,-1.6666666666666643,H,2
2786,2011-05-09,2010/2011,Fulham,Liverpool,2.0,2.0,2.6,1.4,1.4,2.0,1.0,1,45.0,53.333333333333336,0.0,1.2000000000000002,-0.6000000000000001,-8.333333333333336,A,0
2754,2011-05-10,2010/2011,Manchester City,Tottenham Hotspur,1.8,1.2,2.6,1.0,0.6,0.0,0.2,1,67.5,54.166666666666664,0.6000000000000001,1.6,0.6,13.333333333333336,H,2
2796,2011-05-14,2010/2011,Blackpool,Bolton Wanderers,0.6,1.2,0.4,0.2,-0.8,-0.2,1.0,1,54.166666666666664,52.5,-0.6,0.2,-0.6000000000000001,1.6666666666666643,H,2
2791,2011-05-14,2010/2011,Sunderland,Wolverhampton Wanderers,1.2,1.0,0.6,1.0,-0.6,-0.8,1.0,1,53.333333333333336,50.833333333333336,0.19999999999999996,-0.4,0.20000000000000007,2.5,A,0
2793,2011-05-14,2010/2011,Blackburn Rovers,Manchester United,1.0,2.0,1.2,0.8,-0.4,0.6,0.2,1,51.666666666666664,55.0,-1.0,0.3999999999999999,-1.0,-3.3333333333333357,D,1
2795,2011-05-14,2010/2011,West Bromwich Albion,Everton,1.4,2.0,1.6,1.4,-0.4,1.0,1.0,1,50.0,56.666666666666664,-0.6000000000000001,0.20000000000000018,-1.4,-6.666666666666664,H,2
2794,2011-05-15,2010/2011,Birmingham City,Fulham,0.8,1.4,1.4,1.0,-1.2,0.2,1.3333333333333333,1,45.0,45.0,-0.5999999999999999,0.3999999999999999,-1.4,0.0,A,0
2797,2011-05-15,2010/2011,Wigan Athletic,West Ham United,1.0,0.2,1.6,0.4,-0.2,-1.6,0.6,1,46.666666666666664,39.166666666666664,0.8,1.2000000000000002,1.4000000000000001,7.5,H,2
2789,2011-05-15,2010/2011,Arsenal,Aston Villa,1.0,1.6,1.8,1.0,-0.4,0.2,1.6,1,51.666666666666664,48.333333333333336,-0.6000000000000001,0.8,-0.6000000000000001,3.3333333333333286,A,0
2790,2011-05-15,2010/2011,Liverpool,Tottenham Hotspur,2.6,0.6,2.6,0.4,2.8,-0.4,1.2,1,53.333333333333336,54.166666666666664,2.0,2.2,3.1999999999999997,-0.8333333333333286,A,0
2798,2011-05-15,2010/2011,Chelsea,Newcastle United,2.4,1.0,3.0,0.8,1.4,-0.6,1.6666666666666667,1,56.666666666666664,52.5,1.4,2.2,2.0,4.166666666666664,D,1
2792,2011-05-17,2010/2011,Manchester City,Stoke City,1.8,1.6,2.6,0.4,-0.2,0.8,1.6,1,67.5,47.5,0.19999999999999996,2.2,-1.0,20.0,H,2
2805,2011-05-22,2010/2011,Wolverhampton Wanderers,Blackburn Rovers,1.6,1.0,1.6,0.4,0.2,-0.4,0.3333333333333333,1,50.833333333333336,51.666666666666664,0.6000000000000001,1.2000000000000002,0.6000000000000001,-0.8333333333333286,A,0
2806,2011-05-22,2010/2011,Fulham,Arsenal,2.0,0.8,2.0,1.0,1.0,-0.6,0.8,1,45.0,51.666666666666664,1.2,1.0,1.6,-6.666666666666664,D,1
2807,2011-05-22,2010/2011,Bolton Wanderers,Manchester City,0.6,2.4,2.4,0.6,-1.0,1.0,0.8,1,52.5,67.5,-1.7999999999999998,1.7999999999999998,-2.0,-15.0,A,0
2808,2011-05-22,2010/2011,Stoke City,Wigan Athletic,1.6,1.6,2.2,0.8,0.4,0.2,1.4,1,47.5,46.666666666666664,0.0,1.4000000000000001,0.2,0.8333333333333357,A,0
2804,2011-05-22,2010/2011,Newcastle United,West Bromwich Albion,1.2,1.4,1.6,1.6,-0.4,-0.4,2.0,1,52.5,50.0,-0.19999999999999996,0.0,0.0,2.5,D,1
2800,2011-05-22,2010/2011,Tottenham Hotspur,Birmingham City,1.0,0.2,1.4,0.2,0.0,-2.0,1.6666666666666667,1,54.166666666666664,45.0,0.8,1.2,2.0,9.166666666666664,H,2
2801,2011-05-22,2010/2011,West Ham United,Sunderland,0.2,1.2,1.4,0.8,-1.2,-0.8,2.0,1,39.166666666666664,53.333333333333336,-1.0,0.5999999999999999,-0.3999999999999999,-14.166666666666671,A,0
2802,2011-05-22,2010/2011,Aston Villa,Liverpool,1.6,2.0,1.6,1.4,0.2,1.8,0.8,1,48.333333333333336,53.333333333333336,-0.3999999999999999,0.20000000000000018,-1.6,-5.0,H,2
2799,2011-05-22,2010/2011,Manchester United,Blackpool,1.6,1.2,3.0,0.4,0.2,-0.2,3.0,1,55.0,54.166666666666664,0.40000000000000013,2.6,0.4,0.8333333333333357,H,2
2803,2011-05-22,2010/2011,Everton,Chelsea,1.4,2.0,2.2,1.6,0.2,1.0,1.4,1,56.666666666666664,56.666666666666664,-0.6000000000000001,0.6000000000000001,-0.8,0.0,H,2
2869,2011-08-13,2011/2012,Blackburn Rovers,Wolverhampton Wanderers,1.6,1.4,1.2,1.4,0.2,0.0,2.5,1,51.666666666666664,50.833333333333336,0.20000000000000018,-0.19999999999999996,0.2,0.8333333333333286,A,0
2870,2011-08-13,2011/2012,Fulham,Aston Villa,2.0,1.6,2.0,1.4,1.0,0.2,1.0,1,45.0,48.333333333333336,0.3999999999999999,0.6000000000000001,0.8,-3.3333333333333357,D,1
2871,2011-08-13,2011/2012,Liverpool,Sunderland,1.8,1.8,2.4,1.4,1.6,0.2,2.1666666666666665,1,53.333333333333336,53.333333333333336,0.0,1.0,1.4000000000000001,0.0,D,1
2873,2011-08-13,2011/2012,Newcastle United,Arsenal,1.2,0.8,1.6,1.0,-0.4,-0.6,1.0,1,52.5,51.666666666666664,0.3999999999999999,0.6000000000000001,0.19999999999999996,0.8333333333333357,D,1
2874,2011-08-13,2011/2012,Queens Park Rangers,Bolton Wanderers,1.3354177707118884,0.0,1.6726973098164974,0.0,-0.04822469528351881,-1.6,1.2806963396144682,0,45.833333333333336,52.5,-0.07272727272727274,0.591953097028285,-0.10007088428141059,-6.666666666666664,A,0
2878,2011-08-13,2011/2012,Wigan Athletic,Norwich City,1.6,1.4048478414720453,1.6,1.077605558524853,0.0,0.04853149327671621,1.2806963396144682,0,46.666666666666664,50.5,-0.07272727272727274,0.591953097028285,-0.10007088428141059,-3.8333333333333357,D,1
2877,2011-08-14,2011/2012,West Bromwich Albion,Manchester United,1.6,2.0,2.0,1.0,0.0,0.6,0.25,1,50.0,55.0,-0.3999999999999999,1.0,-0.6,-5.0,A,0
2875,2011-08-14,2011/2012,Stoke City,Chelsea,1.4,1.4,2.0,1.4,0.2,0.4,0.16666666666666666,1,47.5,56.666666666666664,0.0,0.6000000000000001,-0.2,-9.166666666666664,D,1
2872,2011-08-15,2011/2012,Manchester City,Swansea City,2.4,1.4048478414720453,3.0,1.077605558524853,1.2,0.04853149327671621,1.2806963396144682,0,67.5,51.166666666666664,-0.07272727272727274,0.591953097028285,-0.10007088428141059,16.333333333333336,H,2
2979,2011-08-20,2011/2012,Arsenal,Liverpool,1.0,1.4,1.2,1.4,-0.4,0.6,1.6666666666666667,1,51.666666666666664,53.333333333333336,-0.3999999999999999,-0.19999999999999996,-1.0,-1.6666666666666714,A,0
2980,2011-08-20,2011/2012,Aston Villa,Blackburn Rovers,1.6,1.6,1.6,1.0,0.2,0.2,1.5,1,48.333333333333336,51.666666666666664,0.0,0.6000000000000001,0.0,-3.3333333333333286,H,2
2982,2011-08-20,2011/2012,Chelsea,West Bromwich Albion,1.0,1.4,2.6,1.6,-0.2,-0.2,3.0,1,56.666666666666664,50.0,-0.3999999999999999,1.0,0.0,6.666666666666664,H,2
2983,2011-08-20,2011/2012,Everton,Queens Park Rangers,1.4,0.0,2.6,1.077605558524853,0.0,-4.0,1.2806963396144682,0,56.666666666666664,45.833333333333336,1.4,0.591953097028285,4.0,10.833333333333329,A,0
2986,2011-08-20,2011/2012,Sunderland,Newcastle United,1.4,1.2,0.6,0.4,-0.2,-0.4,1.25,1,53.333333333333336,52.5,0.19999999999999996,0.19999999999999996,0.2,0.8333333333333357,A,0
2987,2011-08-20,2011/2012,Swansea City,Wigan Athletic,0.0,1.8,1.6726973098164974,1.4,-4.0,0.4,1.2806963396144682,0,51.166666666666664,46.666666666666664,-1.8,0.591953097028285,-4.4,4.5,D,1
2981,2011-08-21,2011/2012,Bolton Wanderers,Manchester City,0.6,2.4,1.8,1.2,-0.2,1.8,0.6666666666666666,1,52.5,67.5,-1.7999999999999998,0.6000000000000001,-2.0,-15.0,A,0
2985,2011-08-21,2011/2012,Norwich City,Stoke City,1.0,1.0,1.6726973098164974,0.4,0.0,-0.4,1.2806963396144682,0,50.5,47.5,0.0,0.591953097028285,0.4,3.0,D,1
2988,2011-08-21,2011/2012,Wolverhampton Wanderers,Fulham,2.0,1.6,1.0,1.4,0.8,0.4,1.25,1,50.833333333333336,45.0,0.3999999999999999,-0.3999999999999999,0.4,5.833333333333336,H,2
2984,2011-08-22,2011/2012,Manchester United,Tottenham Hotspur,2.0,1.4,3.0,1.0,0.6,0.2,2.3333333333333335,1,55.0,54.166666666666664,0.6000000000000001,2.0,0.39999999999999997,0.8333333333333357,H,2
3089,2011-08-27,2011/2012,Aston Villa,Wolverhampton Wanderers,2.2,2.4,2.2,1.4,0.8,1.2,1.25,1,48.333333333333336,50.833333333333336,-0.19999999999999973,0.8000000000000003,-0.3999999999999999,-2.5,D,1
3090,2011-08-27,2011/2012,Blackburn Rovers,Everton,1.0,1.4,1.0,1.4,-0.4,0.0,1.1666666666666667,1,51.666666666666664,56.666666666666664,-0.3999999999999999,-0.3999999999999999,-0.4,-5.0,A,0
3091,2011-08-27,2011/2012,Chelsea,Norwich City,1.0,1.0,2.6,1.0,-0.2,0.0,1.2806963396144682,0,56.666666666666664,50.5,0.0,1.6,-0.2,6.166666666666664,H,2
3092,2011-08-27,2011/2012,Liverpool,Bolton Wanderers,1.4,0.6,2.0,0.6,0.4,-0.2,3.0,1,53.333333333333336,52.5,0.7999999999999999,1.4,0.6000000000000001,0.8333333333333357,H,2
3095,2011-08-27,2011/2012,Swansea City,Sunderland,0.5,1.4,1.0,1.4,-2.0,0.2,1.2806963396144682,0,51.166666666666664,53.333333333333336,-0.8999999999999999,-0.3999999999999999,-2.2,-2.1666666666666714,D,1
3098,2011-08-27,2011/2012,Wigan Athletic,Queens Park Rangers,1.8,1.5,1.8,3.0,0.4,-1.5,1.2806963396144682,0,46.666666666666664,45.833333333333336,0.30000000000000004,-1.2,1.9,0.8333333333333286,H,2
3093,2011-08-28,2011/2012,Manchester United,Arsenal,2.6,0.4,3.0,0.6,1.4,-1.0,1.6666666666666667,1,55.0,51.666666666666664,2.2,2.4,2.4,3.3333333333333357,H,2
3094,2011-08-28,2011/2012,Newcastle United,Fulham,1.8,1.0,1.8,1.4,0.4,-0.6,0.25,1,52.5,45.0,0.8,0.40000000000000013,1.0,7.5,H,2
3096,2011-08-28,2011/2012,Tottenham Hotspur,Manchester City,1.4,3.0,1.8,1.8,-0.2,2.2,2.1666666666666665,1,54.166666666666664,67.5,-1.6,0.0,-2.4000000000000004,-13.333333333333336,A,0
3097,2011-08-28,2011/2012,West Bromwich Albion,Stoke City,0.8,1.0,1.8,0.6,-0.6,-0.4,0.25,1,50.0,47.5,-0.19999999999999996,1.2000000000000002,-0.19999999999999996,2.5,A,0
3193,2011-09-10,2011/2012,Manchester City,Wigan Athletic,3.0,2.2,3.0,1.6,2.8,0.8,2.1666666666666665,1,67.5,46.666666666666664,0.7999999999999998,1.4,1.9999999999999998,20.833333333333336,H,2
3197,2011-09-10,2011/2012,Sunderland,Chelsea,1.0,1.6,0.6,1.0,0.0,0.4,0.5,1,53.333333333333336,56.666666666666664,-0.6000000000000001,-0.4,-0.4,-3.3333333333333286,A,0
3196,2011-09-10,2011/2012,Stoke City,Liverpool,1.0,1.4,1.6,1.4,-0.6,0.2,1.0,1,47.5,53.333333333333336,-0.3999999999999999,0.20000000000000018,-0.8,-5.833333333333336,H,2
3198,2011-09-10,2011/2012,Wolverhampton Wanderers,Tottenham Hotspur,2.0,1.2,1.4,0.8,0.8,-1.0,1.75,1,50.833333333333336,54.166666666666664,0.8,0.5999999999999999,1.8,-3.3333333333333286,A,0
3191,2011-09-10,2011/2012,Everton,Aston Villa,1.8,2.2,2.0,1.6,0.2,0.8,0.6666666666666666,1,56.666666666666664,48.333333333333336,-0.40000000000000013,0.3999999999999999,-0.6000000000000001,8.333333333333329,D,1
3190,2011-09-10,2011/2012,Bolton Wanderers,Manchester United,0.6,2.6,1.2,1.6,-0.4,2.4,0.16666666666666666,1,52.5,55.0,-2.0,-0.40000000000000013,-2.8,-2.5,A,0
3189,2011-09-10,2011/2012,Arsenal,Swansea City,0.4,0.6666666666666666,1.0,0.0,-1.8,-1.3333333333333333,1.2806963396144682,0,51.666666666666664,51.166666666666664,-0.2666666666666666,1.0,-0.4666666666666668,0.5,H,2
3192,2011-09-11,2011/2012,Fulham,Blackburn Rovers,1.0,0.8,1.6,1.0,-0.2,-0.6,1.1666666666666667,1,45.0,51.666666666666664,0.19999999999999996,0.6000000000000001,0.39999999999999997,-6.666666666666664,D,1
3194,2011-09-11,2011/2012,Norwich City,West Bromwich Albion,0.6666666666666666,0.8,1.0,1.0,-0.6666666666666666,-0.4,1.2806963396144682,0,50.5,50.0,-0.13333333333333341,0.0,-0.2666666666666666,0.5,A,0
3195,2011-09-12,2011/2012,Queens Park Rangers,Newcastle United,1.0,1.8,0.0,1.0,-1.6666666666666667,0.4,1.2806963396144682,0,45.833333333333336,52.5,-0.8,-1.0,-2.066666666666667,-6.666666666666664,D,1
3206,2011-09-17,2011/2012,Swansea City,West Bromwich Albion,0.5,0.8,1.0,1.0,-1.25,-0.4,1.2806963396144682,0,51.166666666666664,50.0,-0.30000000000000004,0.0,-0.85,1.1666666666666643,H,2
3202,2011-09-17,2011/2012,Everton,Wigan Athletic,1.4,1.6,2.0,1.0,0.0,0.0,1.8333333333333333,1,56.666666666666664,46.666666666666664,-0.20000000000000018,1.0,0.0,10.0,H,2
3208,2011-09-17,2011/2012,Wolverhampton Wanderers,Queens Park Rangers,1.4,1.0,1.4,1.5,0.0,-1.25,1.2806963396144682,0,50.833333333333336,45.833333333333336,0.3999999999999999,-0.10000000000000009,1.25,5.0,A,0
3200,2011-09-17,2011/2012,Blackburn Rovers,Arsenal,0.8,1.0,0.8,0.4,-0.6,-1.4,0.6666666666666666,1,51.666666666666664,51.666666666666664,-0.19999999999999996,0.4,0.7999999999999999,0.0,H,2
3201,2011-09-17,2011/2012,Bolton Wanderers,Norwich City,0.6,0.5,0.6,0.5,-1.2,-0.75,1.2806963396144682,0,52.5,50.5,0.09999999999999998,0.09999999999999998,-0.44999999999999996,2.0,A,0
3199,2011-09-17,2011/2012,Aston Villa,Newcastle United,1.8,1.8,1.8,1.2,0.6,0.4,1.5,1,48.333333333333336,52.5,0.0,0.6000000000000001,0.19999999999999996,-4.166666666666664,D,1
3203,2011-09-18,2011/2012,Fulham,Manchester City,0.6,3.0,1.2,2.4,-0.6,2.8,1.0,1,45.0,67.5,-2.4,-1.2,-3.4,-22.5,D,1
3204,2011-09-18,2011/2012,Manchester United,Chelsea,3.0,2.0,3.0,1.4,3.4,0.6,1.1666666666666667,1,55.0,56.666666666666664,1.0,1.6,2.8,-1.6666666666666643,H,2
3205,2011-09-18,2011/2012,Sunderland,Stoke City,1.0,1.6,0.6,1.2,0.2,0.2,1.1666666666666667,1,53.333333333333336,47.5,-0.6000000000000001,-0.6,0.0,5.833333333333336,H,2
3207,2011-09-18,2011/2012,Tottenham Hotspur,Liverpool,1.8,1.4,1.2,1.4,-0.4,0.4,2.0,1,54.166666666666664,53.333333333333336,0.40000000000000013,-0.19999999999999996,-0.8,0.8333333333333286,H,2
3213,2011-09-24,2011/2012,Newcastle United,Blackburn Rovers,1.8,0.8,1.8,1.0,0.4,-0.6,0.25,1,52.5,51.666666666666664,1.0,0.8,1.0,0.8333333333333357,H,2
3217,2011-09-24,2011/2012,West Bromwich Albion,Fulham,0.6,0.6,1.2,1.4,-1.0,-0.6,1.5,1,50.0,45.0,0.0,-0.19999999999999996,-0.4,5.0,D,1
3218,2011-09-24,2011/2012,Wigan Athletic,Tottenham Hotspur,1.0,1.8,1.8,1.2,-0.6,0.0,1.3333333333333333,1,46.666666666666664,54.166666666666664,-0.8,0.6000000000000001,-0.6,-7.5,A,0
3216,2011-09-24,2011/2012,Stoke City,Manchester United,1.6,3.0,2.0,1.6,-0.4,3.4,0.0,1,47.5,55.0,-1.4,0.3999999999999999,-3.8,-7.5,D,1
3210,2011-09-24,2011/2012,Chelsea,Swansea City,2.0,1.0,2.6,0.0,0.4,-0.4,1.2806963396144682,0,56.666666666666664,51.166666666666664,1.0,2.6,0.8,5.5,H,2
3211,2011-09-24,2011/2012,Liverpool,Wolverhampton Wanderers,1.4,1.4,2.0,1.6,-0.2,-0.4,1.75,1,53.333333333333336,50.833333333333336,0.0,0.3999999999999999,0.2,2.5,H,2
3212,2011-09-24,2011/2012,Manchester City,Everton,2.6,2.0,3.0,1.4,2.4,0.6,0.5,1,67.5,56.666666666666664,0.6000000000000001,1.6,1.7999999999999998,10.833333333333336,H,2
3209,2011-09-24,2011/2012,Arsenal,Bolton Wanderers,0.8,0.6,1.4,0.6,-1.6,-1.0,2.5,1,51.666666666666664,52.5,0.20000000000000007,0.7999999999999999,-0.6000000000000001,-0.8333333333333357,H,2
3215,2011-09-25,2011/2012,Queens Park Rangers,Aston Villa,1.4,1.4,0.5,1.6,-0.4,0.4,1.2806963396144682,0,45.833333333333336,48.333333333333336,0.0,-1.1,-0.8,-2.5,D,1
3214,2011-09-26,2011/2012,Norwich City,Sunderland,1.0,1.0,0.5,1.6,-0.4,0.4,1.2806963396144682,0,50.5,53.333333333333336,0.0,-1.1,-0.8,-2.8333333333333357,H,2
3220,2011-10-01,2011/2012,Blackburn Rovers,Manchester City,0.8,2.6,1.4,2.0,-0.8,2.0,0.3333333333333333,1,51.666666666666664,67.5,-1.8,-0.6000000000000001,-2.8,-15.833333333333336,A,0
3222,2011-10-01,2011/2012,Everton,Liverpool,1.4,1.8,2.0,1.2,0.0,0.0,0.8333333333333334,1,56.666666666666664,53.333333333333336,-0.40000000000000013,0.8,0.0,3.3333333333333286,A,0
3224,2011-10-01,2011/2012,Manchester United,Norwich City,2.6,1.4,3.0,1.3333333333333333,3.2,-0.2,1.2806963396144682,0,55.0,50.5,1.2000000000000002,1.6666666666666667,3.4000000000000004,4.5,H,2
3225,2011-10-01,2011/2012,Sunderland,West Bromwich Albion,0.8,0.8,0.6,0.8,0.2,-0.8,0.75,1,53.333333333333336,50.0,0.0,-0.20000000000000007,1.0,3.3333333333333357,D,1
3228,2011-10-01,2011/2012,Wolverhampton Wanderers,Newcastle United,0.8,2.2,1.2,1.2,-0.8,0.8,0.5,1,50.833333333333336,52.5,-1.4000000000000001,0.0,-1.6,-1.6666666666666643,A,0
3219,2011-10-01,2011/2012,Aston Villa,Wigan Athletic,1.4,0.8,1.8,1.0,0.4,-0.8,1.8333333333333333,1,48.333333333333336,46.666666666666664,0.5999999999999999,0.8,1.2000000000000002,1.6666666666666714,H,2
3227,2011-10-02,2011/2012,Tottenham Hotspur,Arsenal,1.8,1.2,1.6,0.4,0.0,-1.0,1.5,1,54.166666666666664,51.666666666666664,0.6000000000000001,1.2000000000000002,1.0,2.5,H,2
3226,2011-10-02,2011/2012,Swansea City,Stoke City,1.0,1.6,1.6666666666666667,1.0,-0.2,-0.4,1.2806963396144682,0,51.166666666666664,47.5,-0.6000000000000001,0.6666666666666667,0.2,3.6666666666666643,H,2
3221,2011-10-02,2011/2012,Bolton Wanderers,Chelsea,0.0,2.4,0.0,0.8,-2.4,1.0,0.0,1,52.5,56.666666666666664,-2.4,-0.8,-3.4,-4.166666666666664,A,0
3223,2011-10-02,2011/2012,Fulham,Queens Park Rangers,0.6,1.6,0.8,2.0,-0.6,0.4,1.2806963396144682,0,45.0,45.833333333333336,-1.0,-1.2,-1.0,-0.8333333333333357,H,2
3230,2011-10-15,2011/2012,Chelsea,Everton,2.4,1.4,2.6,0.8,1.6,-0.2,0.6666666666666666,1,56.666666666666664,56.666666666666664,1.0,1.8,1.8,0.0,H,2
3231,2011-10-15,2011/2012,Liverpool,Manchester United,1.8,2.6,2.0,1.6,0.0,3.0,2.0,1,53.333333333333336,55.0,-0.8,0.3999999999999999,-3.0,-1.6666666666666643,D,1
3232,2011-10-15,2011/2012,Manchester City,Aston Villa,2.6,1.4,3.0,1.2,2.6,0.4,1.6666666666666667,1,67.5,48.333333333333336,1.2000000000000002,1.8,2.2,19.166666666666664,H,2
3234,2011-10-15,2011/2012,Norwich City,Swansea City,1.2,1.4,1.3333333333333333,0.0,-0.6,0.2,1.2806963396144682,0,50.5,51.166666666666664,-0.19999999999999996,1.3333333333333333,-0.8,-0.6666666666666643,H,2
3235,2011-10-15,2011/2012,Queens Park Rangers,Blackburn Rovers,1.0,0.8,0.6666666666666666,1.0,-1.0,-1.2,1.2806963396144682,0,45.833333333333336,51.666666666666664,0.19999999999999996,-0.33333333333333337,0.19999999999999996,-5.833333333333329,D,1
3236,2011-10-15,2011/2012,Stoke City,Fulham,1.4,1.2,1.6,1.4,-0.8,1.0,1.1666666666666667,1,47.5,45.0,0.19999999999999996,0.20000000000000018,-1.8,2.5,H,2
3238,2011-10-15,2011/2012,Wigan Athletic,Bolton Wanderers,0.6,0.0,1.6,0.6,-1.2,-3.0,1.1666666666666667,1,46.666666666666664,52.5,0.6,1.0,1.8,-5.833333333333336,A,0
3229,2011-10-16,2011/2012,Arsenal,Sunderland,1.2,1.0,1.8,1.6,-0.8,0.4,1.1666666666666667,1,51.666666666666664,53.333333333333336,0.19999999999999996,0.19999999999999996,-1.2000000000000002,-1.6666666666666714,H,2
3233,2011-10-16,2011/2012,Newcastle United,Tottenham Hotspur,2.2,2.4,2.2,1.8,0.8,0.8,1.0,1,52.5,54.166666666666664,-0.19999999999999973,0.40000000000000013,0.0,-1.6666666666666643,D,1
3237,2011-10-16,2011/2012,West Bromwich Albion,Wolverhampton Wanderers,1.0,0.2,1.4,1.6,-0.6,-1.4,0.5,1,50.0,50.833333333333336,0.8,-0.20000000000000018,0.7999999999999999,-0.8333333333333357,H,2
3244,2011-10-22,2011/2012,Liverpool,Norwich City,1.4,1.8,1.6,1.0,-0.4,0.2,1.2806963396144682,0,53.333333333333336,50.5,-0.40000000000000013,0.6000000000000001,-0.6000000000000001,2.8333333333333357,D,1
3246,2011-10-22,2011/2012,Newcastle United,Wigan Athletic,1.8,0.0,1.8,0.8,0.6,-2.0,1.25,1,52.5,46.666666666666664,1.8,1.0,2.6,5.833333333333336,H,2
3248,2011-10-22,2011/2012,Wolverhampton Wanderers,Swansea City,0.0,1.2,0.6,0.0,-1.8,-0.2,1.2806963396144682,0,50.833333333333336,51.166666666666664,-1.2,0.6,-1.6,-0.3333333333333286,D,1
3242,2011-10-22,2011/2012,Bolton Wanderers,Sunderland,0.6,0.8,0.0,1.0,-2.2,0.2,0.6666666666666666,1,52.5,53.333333333333336,-0.20000000000000007,-1.0,-2.4000000000000004,-0.8333333333333357,A,0
3240,2011-10-22,2011/2012,Aston Villa,West Bromwich Albion,1.2,1.6,2.2,1.0,-0.2,0.0,2.25,1,48.333333333333336,50.0,-0.40000000000000013,1.2000000000000002,-0.2,-1.6666666666666643,A,0
3239,2011-10-23,2011/2012,Arsenal,Stoke City,1.8,1.4,1.8,0.8,0.6,-0.6,2.0,1,51.666666666666664,47.5,0.40000000000000013,1.0,1.2,4.166666666666664,H,2
3241,2011-10-23,2011/2012,Blackburn Rovers,Tottenham Hotspur,1.0,2.6,0.8,2.0,-1.0,1.6,0.5,1,51.666666666666664,54.166666666666664,-1.6,-1.2,-2.6,-2.5,A,0
3243,2011-10-23,2011/2012,Fulham,Everton,1.2,0.8,1.4,0.8,0.8,-0.8,0.6666666666666666,1,45.0,56.666666666666664,0.3999999999999999,0.5999999999999999,1.6,-11.666666666666664,A,0
3245,2011-10-23,2011/2012,Manchester United,Manchester City,2.2,2.6,3.0,2.6,1.8,2.4,2.6666666666666665,1,55.0,67.5,-0.3999999999999999,0.3999999999999999,-0.5999999999999999,-12.5,A,0
3247,2011-10-23,2011/2012,Queens Park Rangers,Chelsea,1.2,2.4,0.75,1.4,-0.6,1.6,1.2806963396144682,0,45.833333333333336,56.666666666666664,-1.2,-0.6499999999999999,-2.2,-10.833333333333329,H,2
2888,2011-10-29,2011/2012,Wigan Athletic,Fulham,0.0,1.0,1.4,0.8,-1.6,0.4,0.5,1,46.666666666666664,45.0,-1.0,0.5999999999999999,-2.0,1.6666666666666643,A,0
2885,2011-10-29,2011/2012,Swansea City,Bolton Wanderers,1.4,0.6,2.0,1.2,0.0,-1.6,1.2806963396144682,0,51.166666666666664,52.5,0.7999999999999999,0.8,1.6,-1.3333333333333357,H,2
2884,2011-10-29,2011/2012,Sunderland,Aston Villa,1.4,1.0,0.8,1.2,0.8,-0.4,1.1666666666666667,1,53.333333333333336,48.333333333333336,0.3999999999999999,-0.3999999999999999,1.2000000000000002,5.0,D,1
2887,2011-10-29,2011/2012,West Bromwich Albion,Liverpool,1.6,1.6,1.4,1.2,0.0,-0.2,0.75,1,50.0,53.333333333333336,0.0,0.19999999999999996,0.2,-3.3333333333333357,A,0
2880,2011-10-29,2011/2012,Everton,Manchester United,1.2,1.6,1.4,1.8,-0.4,-0.2,0.8333333333333334,1,56.666666666666664,55.0,-0.40000000000000013,-0.40000000000000013,-0.2,1.6666666666666643,A,0
2882,2011-10-29,2011/2012,Norwich City,Blackburn Rovers,2.0,0.8,1.75,1.0,0.4,-1.2,1.2806963396144682,0,50.5,51.666666666666664,1.2,0.75,1.6,-1.1666666666666643,D,1
2879,2011-10-29,2011/2012,Chelsea,Arsenal,1.8,1.8,2.6,0.4,1.2,0.8,2.0,1,56.666666666666664,51.666666666666664,0.0,2.2,0.3999999999999999,5.0,A,0
2881,2011-10-29,2011/2012,Manchester City,Wolverhampton Wanderers,2.6,0.2,3.0,1.4,2.8,-1.4,2.25,1,67.5,50.833333333333336,2.4,1.6,4.199999999999999,16.666666666666664,H,2
2886,2011-10-30,2011/2012,Tottenham Hotspur,Queens Park Rangers,2.6,1.6,2.0,1.5,1.4,-0.4,1.2806963396144682,0,54.166666666666664,45.833333333333336,1.0,0.5,1.7999999999999998,8.333333333333329,H,2
2883,2011-10-31,2011/2012,Stoke City,Newcastle United,0.8,2.2,1.6,1.8,-1.2,0.8,2.0,1,47.5,52.5,-1.4000000000000001,-0.19999999999999996,-2.0,-5.0,A,0
2897,2011-11-05,2011/2012,Queens Park Rangers,Manchester City,1.0,3.0,1.2,2.6,-1.4,3.2,1.2806963396144682,0,45.833333333333336,67.5,-2.0,-1.4000000000000001,-4.6,-21.666666666666664,A,0
2896,2011-11-05,2011/2012,Newcastle United,Everton,2.6,0.6,2.2,1.2,1.2,-1.0,1.25,1,52.5,56.666666666666664,2.0,1.0000000000000002,2.2,-4.166666666666664,H,2
2895,2011-11-05,2011/2012,Manchester United,Sunderland,1.6,1.0,2.4,1.0,-0.4,0.0,2.3333333333333335,1,55.0,53.333333333333336,0.6000000000000001,1.4,-0.4,1.6666666666666643,H,2
2894,2011-11-05,2011/2012,Liverpool,Swansea City,2.2,1.4,1.8,0.2,1.0,-0.2,1.2806963396144682,0,53.333333333333336,51.166666666666664,0.8000000000000003,1.6,1.2,2.1666666666666714,D,1
2891,2011-11-05,2011/2012,Blackburn Rovers,Chelsea,0.4,1.8,0.6,1.4,-1.4,1.2,0.16666666666666666,1,51.666666666666664,56.666666666666664,-1.4,-0.7999999999999999,-2.5999999999999996,-5.0,A,0
2890,2011-11-05,2011/2012,Aston Villa,Norwich City,1.0,1.6,1.6,1.0,-0.4,0.2,1.2806963396144682,0,48.333333333333336,50.5,-0.6000000000000001,0.6000000000000001,-0.6000000000000001,-2.1666666666666643,H,2
2889,2011-11-05,2011/2012,Arsenal,West Bromwich Albion,2.4,1.6,2.4,1.4,1.4,0.2,1.75,1,51.666666666666664,50.0,0.7999999999999998,1.0,1.2,1.6666666666666643,H,2
2892,2011-11-06,2011/2012,Bolton Wanderers,Stoke City,0.6,0.8,0.0,0.8,-1.8,-0.8,1.6666666666666667,1,52.5,47.5,-0.20000000000000007,-0.8,-1.0,5.0,H,2
2893,2011-11-06,2011/2012,Fulham,Tottenham Hotspur,1.4,2.6,1.2,2.0,0.8,1.0,0.8333333333333334,1,45.0,54.166666666666664,-1.2000000000000002,-0.8,-0.19999999999999996,-9.166666666666664,A,0
2898,2011-11-06,2011/2012,Wolverhampton Wanderers,Wigan Athletic,0.2,0.0,0.8,0.2,-1.2,-1.6,0.75,1,50.833333333333336,46.666666666666664,0.2,0.6000000000000001,0.40000000000000013,4.166666666666671,H,2
2908,2011-11-19,2011/2012,Wigan Athletic,Blackburn Rovers,0.0,0.4,0.8,0.6,-1.8,-1.2,1.1666666666666667,1,46.666666666666664,51.666666666666664,-0.4,0.20000000000000007,-0.6000000000000001,-5.0,D,1
2905,2011-11-19,2011/2012,Swansea City,Manchester United,1.6,2.0,2.2,2.2,0.4,-0.2,1.2806963396144682,0,51.166666666666664,55.0,-0.3999999999999999,0.0,0.6000000000000001,-3.8333333333333357,A,0
2904,2011-11-19,2011/2012,Sunderland,Fulham,1.0,1.2,1.0,0.8,0.0,0.4,1.0,1,53.333333333333336,45.0,-0.19999999999999996,0.19999999999999996,-0.4,8.333333333333336,D,1
2907,2011-11-19,2011/2012,West Bromwich Albion,Bolton Wanderers,1.4,1.2,0.8,1.2,-0.4,-0.2,0.75,1,50.0,52.5,0.19999999999999996,-0.3999999999999999,-0.2,-2.5,H,2
2902,2011-11-19,2011/2012,Norwich City,Arsenal,1.0,2.4,1.6,0.8,-0.2,1.4,1.2806963396144682,0,50.5,51.666666666666664,-1.4,0.8,-1.5999999999999999,-1.1666666666666643,A,0
2901,2011-11-19,2011/2012,Manchester City,Newcastle United,3.0,2.6,3.0,2.2,3.0,1.0,2.5,1,67.5,52.5,0.3999999999999999,0.7999999999999998,2.0,15.0,H,2
2900,2011-11-19,2011/2012,Everton,Wolverhampton Wanderers,0.6,0.8,0.8,0.8,-0.8,-0.6,1.5,1,56.666666666666664,50.833333333333336,-0.20000000000000007,0.0,-0.20000000000000007,5.833333333333329,H,2
2903,2011-11-19,2011/2012,Stoke City,Queens Park Rangers,0.6,0.8,1.6,1.2,-1.8,-1.6,1.2806963396144682,0,47.5,45.833333333333336,-0.20000000000000007,0.40000000000000013,-0.19999999999999996,1.6666666666666643,A,0
2899,2011-11-20,2011/2012,Chelsea,Liverpool,1.8,1.8,2.4,1.8,0.8,0.8,1.0,1,56.666666666666664,53.333333333333336,0.0,0.5999999999999999,0.0,3.3333333333333286,A,0
2906,2011-11-21,2011/2012,Tottenham Hotspur,Aston Villa,2.6,1.4,2.4,0.8,1.2,-0.2,1.8333333333333333,1,54.166666666666664,48.333333333333336,1.2000000000000002,1.5999999999999999,1.4,5.833333333333329,H,2
2918,2011-11-26,2011/2012,West Bromwich Albion,Tottenham Hotspur,1.8,2.6,1.4,2.6,-0.2,1.4,1.25,1,50.0,54.166666666666664,-0.8,-1.2000000000000002,-1.5999999999999999,-4.166666666666664,A,0
2915,2011-11-26,2011/2012,Stoke City,Blackburn Rovers,0.6,0.6,1.4,0.8,-1.6,-0.4,2.1666666666666665,1,47.5,51.666666666666664,0.0,0.5999999999999999,-1.2000000000000002,-4.166666666666664,H,2
2914,2011-11-26,2011/2012,Norwich City,Queens Park Rangers,1.0,1.4,1.4,1.2,0.0,-0.2,1.2806963396144682,0,50.5,45.833333333333336,-0.3999999999999999,0.19999999999999996,0.2,4.666666666666664,H,2
2916,2011-11-26,2011/2012,Sunderland,Wigan Athletic,1.0,0.2,1.2,0.0,0.0,-1.4,1.0,1,53.333333333333336,46.666666666666664,0.8,1.2,1.4,6.666666666666671,A,0
2911,2011-11-26,2011/2012,Chelsea,Wolverhampton Wanderers,1.2,0.8,1.8,0.2,-0.2,-0.6,2.25,1,56.666666666666664,50.833333333333336,0.3999999999999999,1.6,0.39999999999999997,5.833333333333329,H,2
2910,2011-11-26,2011/2012,Bolton Wanderers,Everton,1.2,1.2,0.6,1.2,0.4,-0.2,1.1666666666666667,1,52.5,56.666666666666664,0.0,-0.6,0.6000000000000001,-4.166666666666664,A,0
2909,2011-11-26,2011/2012,Arsenal,Fulham,3.0,0.8,3.0,1.0,1.8,-0.8,1.8333333333333333,1,51.666666666666664,45.0,2.2,2.0,2.6,6.666666666666664,D,1
2913,2011-11-26,2011/2012,Manchester United,Newcastle United,2.0,2.0,2.4,1.6,-0.4,0.4,2.0,1,55.0,52.5,0.0,0.7999999999999998,-0.8,2.5,D,1
2912,2011-11-27,2011/2012,Liverpool,Manchester City,1.8,3.0,1.8,2.6,0.6,2.6,1.5,1,53.333333333333336,67.5,-1.2,-0.8,-2.0,-14.166666666666664,D,1
2917,2011-11-27,2011/2012,Swansea City,Aston Villa,1.0,0.8,2.0,0.6,-0.2,-1.0,1.2806963396144682,0,51.166666666666664,48.333333333333336,0.19999999999999996,1.4,0.8,2.8333333333333286,D,1
2919,2011-12-03,2011/2012,Aston Villa,Manchester United,1.0,2.0,1.6,2.2,-0.4,-0.4,1.0,1,48.333333333333336,55.0,-1.0,-0.6000000000000001,0.0,-6.666666666666664,A,0
2920,2011-12-03,2011/2012,Blackburn Rovers,Swansea City,0.4,1.2,0.6,0.4,-0.8,0.2,1.2806963396144682,0,51.666666666666664,51.166666666666664,-0.7999999999999999,0.19999999999999996,-1.0,0.5,H,2
2923,2011-12-03,2011/2012,Manchester City,Norwich City,2.6,1.0,3.0,0.8,2.0,-0.2,1.2806963396144682,0,67.5,50.5,1.6,2.2,2.2,17.0,H,2
2924,2011-12-03,2011/2012,Newcastle United,Chelsea,2.0,1.2,2.6,1.8,0.4,0.0,0.75,1,52.5,56.666666666666664,0.8,0.8,0.4,-4.166666666666664,A,0
2925,2011-12-03,2011/2012,Queens Park Rangers,West Bromwich Albion,1.2,1.2,1.2,1.4,-0.4,-1.0,1.2806963396144682,0,45.833333333333336,50.0,0.0,-0.19999999999999996,0.6,-4.166666666666664,D,1
2926,2011-12-03,2011/2012,Tottenham Hotspur,Bolton Wanderers,3.0,0.6,2.4,0.6,1.8,-0.4,1.6666666666666667,1,54.166666666666664,52.5,2.4,1.7999999999999998,2.2,1.6666666666666643,H,2
2927,2011-12-03,2011/2012,Wigan Athletic,Arsenal,0.8,2.6,0.8,1.2,-0.8,1.6,0.6666666666666666,1,46.666666666666664,51.666666666666664,-1.8,-0.3999999999999999,-2.4000000000000004,-5.0,A,0
2921,2011-12-04,2011/2012,Everton,Stoke City,1.8,0.6,1.4,0.6,0.6,-1.6,1.8333333333333333,1,56.666666666666664,47.5,1.2000000000000002,0.7999999999999999,2.2,9.166666666666664,A,0
2928,2011-12-04,2011/2012,Wolverhampton Wanderers,Sunderland,0.8,1.0,0.8,0.8,-0.8,0.0,2.25,1,50.833333333333336,53.333333333333336,-0.19999999999999996,0.0,-0.8,-2.5,H,2
2922,2011-12-05,2011/2012,Fulham,Liverpool,1.0,1.8,1.0,1.8,-0.4,0.6,0.8333333333333334,1,45.0,53.333333333333336,-0.8,-0.8,-1.0,-8.333333333333336,H,2
2929,2011-12-10,2011/2012,Arsenal,Everton,2.6,1.2,2.6,1.2,2.0,0.0,2.3333333333333335,1,51.666666666666664,56.666666666666664,1.4000000000000001,1.4000000000000001,2.0,-5.0,H,2
2930,2011-12-10,2011/2012,Bolton Wanderers,Aston Villa,0.6,1.0,0.6,0.6,-0.6,-0.4,0.8333333333333334,1,52.5,48.333333333333336,-0.4,0.0,-0.19999999999999996,4.166666666666664,A,0
2932,2011-12-10,2011/2012,Liverpool,Queens Park Rangers,1.6,0.8,1.4,1.2,0.4,-0.6,1.2806963396144682,0,53.333333333333336,45.833333333333336,0.8,0.19999999999999996,1.0,7.5,H,2
2933,2011-12-10,2011/2012,Manchester United,Wolverhampton Wanderers,2.6,1.2,2.0,0.0,0.8,-0.6,2.25,1,55.0,50.833333333333336,1.4000000000000001,2.0,1.4,4.166666666666664,H,2
2934,2011-12-10,2011/2012,Norwich City,Newcastle United,0.8,1.4,2.0,1.6,-1.0,-0.4,1.2806963396144682,0,50.5,52.5,-0.5999999999999999,0.3999999999999999,-0.6,-2.0,H,2
2937,2011-12-10,2011/2012,Swansea City,Fulham,1.0,1.6,2.0,1.2,-0.2,0.2,1.2806963396144682,0,51.166666666666664,45.0,-0.6000000000000001,0.8,-0.4,6.166666666666664,H,2
2938,2011-12-10,2011/2012,West Bromwich Albion,Wigan Athletic,0.8,0.8,1.4,0.6,-1.2,-1.4,1.0,1,50.0,46.666666666666664,0.0,0.7999999999999999,0.19999999999999996,3.3333333333333357,A,0
2935,2011-12-11,2011/2012,Stoke City,Tottenham Hotspur,1.2,3.0,1.4,2.6,-1.0,2.2,1.0,1,47.5,54.166666666666664,-1.8,-1.2000000000000002,-3.2,-6.666666666666664,H,2
2936,2011-12-11,2011/2012,Sunderland,Blackburn Rovers,0.4,1.0,1.2,0.6,-0.6,-0.2,2.0,1,53.333333333333336,51.666666666666664,-0.6,0.6,-0.39999999999999997,1.6666666666666714,H,2
2931,2011-12-12,2011/2012,Chelsea,Manchester City,1.8,2.6,1.8,2.2,0.8,1.8,1.5,1,56.666666666666664,67.5,-0.8,-0.40000000000000013,-1.0,-10.833333333333336,H,2
2940,2011-12-17,2011/2012,Blackburn Rovers,West Bromwich Albion,0.8,0.8,1.2,1.0,-0.4,-1.0,2.0,1,51.666666666666664,50.0,0.0,0.19999999999999996,0.6,1.6666666666666643,A,0
2941,2011-12-17,2011/2012,Everton,Norwich City,1.2,1.2,1.2,0.8,0.0,-0.6,1.2806963396144682,0,56.666666666666664,50.5,0.0,0.3999999999999999,0.6,6.166666666666664,D,1
2942,2011-12-17,2011/2012,Fulham,Bolton Wanderers,1.0,0.6,1.4,0.6,-0.6,-0.4,2.0,1,45.0,52.5,0.4,0.7999999999999999,-0.19999999999999996,-7.5,H,2
2944,2011-12-17,2011/2012,Newcastle United,Swansea City,0.8,1.0,2.0,0.4,-1.2,-0.2,1.2806963396144682,0,52.5,51.166666666666664,-0.19999999999999996,1.6,-1.0,1.3333333333333357,D,1
2947,2011-12-17,2011/2012,Wigan Athletic,Chelsea,1.4,2.4,0.2,1.8,-0.8,1.4,0.5,1,46.666666666666664,56.666666666666664,-1.0,-1.6,-2.2,-10.0,D,1
2948,2011-12-17,2011/2012,Wolverhampton Wanderers,Stoke City,1.2,1.8,1.4,0.6,-0.8,-0.4,1.25,1,50.833333333333336,47.5,-0.6000000000000001,0.7999999999999999,-0.4,3.3333333333333357,A,0
2939,2011-12-18,2011/2012,Aston Villa,Liverpool,1.4,1.6,1.4,1.8,-0.2,0.2,1.1666666666666667,1,48.333333333333336,53.333333333333336,-0.20000000000000018,-0.40000000000000013,-0.4,-5.0,A,0
2943,2011-12-18,2011/2012,Manchester City,Arsenal,2.0,2.6,3.0,1.8,1.2,1.8,1.3333333333333333,1,67.5,51.666666666666664,-0.6000000000000001,1.2,-0.6000000000000001,15.833333333333336,H,2
2945,2011-12-18,2011/2012,Queens Park Rangers,Manchester United,0.8,2.6,1.2,2.2,-0.4,1.2,1.2806963396144682,0,45.833333333333336,55.0,-1.8,-1.0000000000000002,-1.6,-9.166666666666664,A,0
2946,2011-12-18,2011/2012,Tottenham Hotspur,Sunderland,2.4,0.8,3.0,0.6,1.6,-0.4,1.3333333333333333,1,54.166666666666664,53.333333333333336,1.5999999999999999,2.4,2.0,0.8333333333333286,H,2
2954,2011-12-20,2011/2012,Blackburn Rovers,Bolton Wanderers,0.8,0.0,0.6,0.6,-0.4,-1.8,1.8333333333333333,1,51.666666666666664,52.5,0.8,0.0,1.4,-0.8333333333333357,A,0
2952,2011-12-20,2011/2012,Wolverhampton Wanderers,Norwich City,0.6,1.4,1.4,0.4,-1.4,-0.4,1.2806963396144682,0,50.833333333333336,50.5,-0.7999999999999999,0.9999999999999999,-0.9999999999999999,0.3333333333333357,D,1
2949,2011-12-21,2011/2012,Queens Park Rangers,Sunderland,0.8,0.8,1.0,0.6,-0.6,-0.4,1.2806963396144682,0,45.833333333333336,53.333333333333336,0.0,0.4,-0.19999999999999996,-7.5,A,0
2951,2011-12-21,2011/2012,Wigan Athletic,Liverpool,1.6,2.0,0.4,2.4,-0.4,0.6,1.0,1,46.666666666666664,53.333333333333336,-0.3999999999999999,-2.0,-1.0,-6.666666666666671,D,1
2953,2011-12-21,2011/2012,Aston Villa,Arsenal,0.8,2.0,1.2,1.8,-0.8,1.0,1.3333333333333333,1,48.333333333333336,51.666666666666664,-1.2,-0.6000000000000001,-1.8,-3.3333333333333286,A,0
2955,2011-12-21,2011/2012,Everton,Swansea City,1.4,1.0,0.8,0.6,0.2,-0.2,1.2806963396144682,0,56.666666666666664,51.166666666666664,0.3999999999999999,0.20000000000000007,0.4,5.5,H,2
2956,2011-12-21,2011/2012,Fulham,Manchester United,1.6,2.6,1.8,2.6,0.2,1.4,1.1666666666666667,1,45.0,55.0,-1.0,-0.8,-1.2,-10.0,A,0
2957,2011-12-21,2011/2012,Manchester City,Stoke City,2.0,2.4,3.0,1.2,1.2,0.8,1.8333333333333333,1,67.5,47.5,-0.3999999999999999,1.8,0.3999999999999999,20.0,H,2
2958,2011-12-21,2011/2012,Newcastle United,West Bromwich Albion,0.4,1.4,1.6,1.6,-1.4,-0.2,1.75,1,52.5,50.0,-0.9999999999999999,0.0,-1.2,2.5,A,0
2950,2011-12-22,2011/2012,Tottenham Hotspur,Chelsea,2.4,2.0,3.0,2.0,1.4,1.2,1.3333333333333333,1,54.166666666666664,56.666666666666664,0.3999999999999999,1.0,0.19999999999999996,-2.5,D,1
2963,2011-12-26,2011/2012,Manchester United,Wigan Athletic,2.6,1.6,2.0,1.2,2.2,-0.4,3.0,1,55.0,46.666666666666664,1.0,0.8,2.6,8.333333333333336,H,2
2962,2011-12-26,2011/2012,Liverpool,Blackburn Rovers,1.6,0.6,1.4,0.6,0.4,-0.6,2.1666666666666665,1,53.333333333333336,51.666666666666664,1.0,0.7999999999999999,1.0,1.6666666666666714,D,1
2965,2011-12-26,2011/2012,Stoke City,Aston Villa,2.4,0.8,1.8,1.0,0.4,-0.6,1.5,1,47.5,48.333333333333336,1.5999999999999999,0.8,1.0,-0.8333333333333357,D,1
2961,2011-12-26,2011/2012,Chelsea,Fulham,2.2,1.4,1.8,1.0,1.4,-0.8,2.3333333333333335,1,56.666666666666664,45.0,0.8000000000000003,0.8,2.2,11.666666666666664,D,1
2968,2011-12-26,2011/2012,West Bromwich Albion,Manchester City,1.4,2.0,1.2,2.0,-0.2,1.4,0.75,1,50.0,67.5,-0.6000000000000001,-0.8,-1.5999999999999999,-17.5,D,1
2960,2011-12-26,2011/2012,Bolton Wanderers,Newcastle United,0.6,0.4,0.6,1.4,-1.4,-1.2,1.75,1,52.5,52.5,0.19999999999999996,-0.7999999999999999,-0.19999999999999996,0.0,A,0
2966,2011-12-26,2011/2012,Sunderland,Everton,1.2,1.4,1.2,1.2,-0.2,0.2,0.3333333333333333,1,53.333333333333336,56.666666666666664,-0.19999999999999996,0.0,-0.4,-3.3333333333333286,D,1
2964,2011-12-27,2011/2012,Norwich City,Tottenham Hotspur,1.6,2.0,2.0,2.0,-0.2,1.0,1.2806963396144682,0,50.5,54.166666666666664,-0.3999999999999999,0.0,-1.2,-3.6666666666666643,A,0
2967,2011-12-27,2011/2012,Swansea City,Queens Park Rangers,1.0,0.2,2.0,0.6,-0.2,-1.0,1.2806963396144682,0,51.166666666666664,45.833333333333336,0.8,1.4,0.8,5.333333333333329,D,1
2959,2011-12-27,2011/2012,Arsenal,Wolverhampton Wanderers,2.0,0.8,2.6,0.0,1.0,-1.2,3.0,1,51.666666666666664,50.833333333333336,1.2,2.6,2.2,0.8333333333333286,D,1
2972,2011-12-30,2011/2012,Liverpool,Newcastle United,1.6,0.8,1.4,1.4,0.4,-0.8,2.25,1,53.333333333333336,52.5,0.8,0.0,1.2000000000000002,0.8333333333333357,H,2
2970,2011-12-31,2011/2012,Bolton Wanderers,Wolverhampton Wanderers,0.6,1.0,0.6,0.2,-1.4,-0.6,2.25,1,52.5,50.833333333333336,-0.4,0.39999999999999997,-0.7999999999999999,1.6666666666666643,D,1
2973,2011-12-31,2011/2012,Manchester United,Blackburn Rovers,3.0,0.8,2.0,0.6,3.2,-0.2,2.3333333333333335,1,55.0,51.666666666666664,2.2,1.4,3.4000000000000004,3.3333333333333357,A,0
2969,2011-12-31,2011/2012,Arsenal,Queens Park Rangers,2.0,0.4,2.2,0.8,1.0,-0.8,1.2806963396144682,0,51.666666666666664,45.833333333333336,1.6,1.4000000000000001,1.8,5.833333333333329,H,2
2977,2011-12-31,2011/2012,Swansea City,Tottenham Hotspur,1.0,2.0,1.6,2.4,-0.2,1.0,1.2806963396144682,0,51.166666666666664,54.166666666666664,-1.0,-0.7999999999999998,-1.2,-3.0,D,1
2971,2011-12-31,2011/2012,Chelsea,Aston Villa,1.8,0.8,1.4,1.2,0.8,-0.6,1.8333333333333333,1,56.666666666666664,48.333333333333336,1.0,0.19999999999999996,1.4,8.333333333333329,A,0
2974,2011-12-31,2011/2012,Norwich City,Fulham,1.0,1.4,1.4,1.2,-0.8,-0.8,1.2806963396144682,0,50.5,45.0,-0.3999999999999999,0.19999999999999996,0.0,5.5,D,1
2975,2011-12-31,2011/2012,Stoke City,Wigan Athletic,2.0,1.0,1.4,1.2,0.0,-1.6,1.1666666666666667,1,47.5,46.666666666666664,1.0,0.19999999999999996,1.6,0.8333333333333357,D,1
2976,2012-01-01,2011/2012,Sunderland,Manchester City,1.4,2.0,1.2,1.6,0.0,1.4,0.6666666666666666,1,53.333333333333336,67.5,-0.6000000000000001,-0.40000000000000013,-1.4,-14.166666666666664,H,2
2978,2012-01-01,2011/2012,West Bromwich Albion,Everton,1.6,1.0,0.8,1.4,0.2,-0.2,1.5,1,50.0,56.666666666666664,0.6000000000000001,-0.5999999999999999,0.4,-6.666666666666664,A,0
2989,2012-01-02,2011/2012,Aston Villa,Swansea City,1.4,1.2,0.6,0.6,0.0,0.2,1.0,1,48.333333333333336,51.166666666666664,0.19999999999999996,0.0,-0.2,-2.8333333333333286,A,0
2990,2012-01-02,2011/2012,Blackburn Rovers,Stoke City,0.8,1.6,0.6,1.2,-0.4,-0.2,0.5714285714285714,1,51.666666666666664,47.5,-0.8,-0.6,-0.2,4.166666666666664,A,0
2992,2012-01-02,2011/2012,Fulham,Arsenal,1.0,2.0,1.2,2.4,-1.0,0.4,0.8571428571428571,1,45.0,51.666666666666664,-1.0,-1.2,-1.4,-6.666666666666664,H,2
2995,2012-01-02,2011/2012,Queens Park Rangers,Norwich City,0.2,1.2,0.8,0.6,-1.0,0.0,0.0,1,45.833333333333336,50.5,-1.0,0.20000000000000007,-1.0,-4.666666666666664,A,0
2998,2012-01-02,2011/2012,Wolverhampton Wanderers,Chelsea,0.6,1.2,1.6,1.6,-0.8,-0.2,0.6,1,50.833333333333336,56.666666666666664,-0.6,0.0,-0.6000000000000001,-5.833333333333329,A,0
2997,2012-01-03,2011/2012,Wigan Athletic,Sunderland,1.2,2.0,0.6,1.2,-0.8,0.4,1.7142857142857142,1,46.666666666666664,53.333333333333336,-0.8,-0.6,-1.2000000000000002,-6.666666666666671,A,0
2996,2012-01-03,2011/2012,Tottenham Hotspur,West Bromwich Albion,1.6,1.4,2.6,2.0,0.4,0.0,1.6,1,54.166666666666664,50.0,0.20000000000000018,0.6000000000000001,0.4,4.166666666666664,H,2
2993,2012-01-03,2011/2012,Manchester City,Liverpool,1.4,2.2,3.0,2.0,0.4,1.0,1.0,1,67.5,53.333333333333336,-0.8000000000000003,1.0,-0.6,14.166666666666664,H,2
2991,2012-01-04,2011/2012,Everton,Bolton Wanderers,1.6,0.8,1.4,0.6,0.2,-0.8,1.8571428571428572,1,56.666666666666664,52.5,0.8,0.7999999999999999,1.0,4.166666666666664,A,0
2994,2012-01-04,2011/2012,Newcastle United,Manchester United,0.8,2.4,1.4,3.0,-0.6,2.8,0.6,1,52.5,55.0,-1.5999999999999999,-1.6,-3.4,-2.5,H,2
2876,2012-01-11,2011/2012,Tottenham Hotspur,Everton,2.2,1.6,2.6,1.4,0.8,0.2,1.0,1,54.166666666666664,56.666666666666664,0.6000000000000001,1.2000000000000002,0.6000000000000001,-2.5,H,2
2999,2012-01-14,2011/2012,Aston Villa,Everton,0.8,1.4,0.6,1.4,-0.6,-0.2,1.5714285714285714,1,48.333333333333336,56.666666666666664,-0.5999999999999999,-0.7999999999999999,-0.39999999999999997,-8.333333333333329,D,1
3000,2012-01-14,2011/2012,Blackburn Rovers,Fulham,0.8,1.6,0.6,0.8,-0.4,-0.4,1.5714285714285714,1,51.666666666666664,45.0,-0.8,-0.20000000000000007,0.0,6.666666666666664,H,2
3001,2012-01-14,2011/2012,Chelsea,Sunderland,1.2,2.0,1.4,1.2,-0.2,0.8,2.5714285714285716,1,56.666666666666664,53.333333333333336,-0.8,0.19999999999999996,-1.0,3.3333333333333286,H,2
3002,2012-01-14,2011/2012,Liverpool,Stoke City,1.6,1.6,1.8,1.8,0.2,-0.2,1.2857142857142858,1,53.333333333333336,47.5,0.0,0.0,0.4,5.833333333333336,D,1
3003,2012-01-14,2011/2012,Manchester United,Bolton Wanderers,1.8,1.4,2.0,1.2,1.6,-0.4,2.7142857142857144,1,55.0,52.5,0.40000000000000013,0.8,2.0,2.5,H,2
3006,2012-01-14,2011/2012,Tottenham Hotspur,Wolverhampton Wanderers,2.2,0.6,2.6,0.4,1.0,-0.4,1.4,1,54.166666666666664,50.833333333333336,1.6,2.2,1.4,3.3333333333333286,D,1
3007,2012-01-14,2011/2012,West Bromwich Albion,Norwich City,1.4,1.2,0.8,1.0,0.0,-0.2,3.0,1,50.0,50.5,0.19999999999999996,-0.19999999999999996,0.2,-0.5,A,0
3005,2012-01-15,2011/2012,Swansea City,Arsenal,1.2,1.4,1.2,1.8,0.2,0.0,0.0,1,51.166666666666664,51.666666666666664,-0.19999999999999996,-0.6000000000000001,0.2,-0.5,H,2
3004,2012-01-15,2011/2012,Newcastle United,Queens Park Rangers,1.4,0.2,1.4,0.8,0.4,-1.0,1.0,1,52.5,45.833333333333336,1.2,0.5999999999999999,1.4,6.666666666666664,H,2
3008,2012-01-16,2011/2012,Wigan Athletic,Manchester City,0.6,2.0,0.6,1.0,-1.6,1.2,0.5714285714285714,1,46.666666666666664,67.5,-1.4,-0.4,-2.8,-20.833333333333336,A,0
3010,2012-01-21,2011/2012,Bolton Wanderers,Liverpool,1.4,1.2,0.8,1.4,-0.6,-0.2,0.0,1,52.5,53.333333333333336,0.19999999999999996,-0.5999999999999999,-0.39999999999999997,-0.8333333333333357,H,2
3011,2012-01-21,2011/2012,Everton,Blackburn Rovers,1.0,1.4,1.4,1.0,-0.4,0.2,1.8571428571428572,1,56.666666666666664,51.666666666666664,-0.3999999999999999,0.3999999999999999,-0.6000000000000001,5.0,D,1
3012,2012-01-21,2011/2012,Fulham,Newcastle United,1.0,1.8,1.8,0.8,-1.2,0.6,2.0,1,45.0,52.5,-0.8,1.0,-1.7999999999999998,-7.5,H,2
3014,2012-01-21,2011/2012,Norwich City,Chelsea,1.6,1.6,1.4,2.2,0.0,0.0,0.0,1,50.5,56.666666666666664,0.0,-0.8000000000000003,0.0,-6.166666666666664,D,1
3015,2012-01-21,2011/2012,Queens Park Rangers,Wigan Athletic,0.2,0.4,0.2,1.4,-0.8,-1.8,0.0,1,45.833333333333336,46.666666666666664,-0.2,-1.2,1.0,-0.8333333333333286,H,2
3016,2012-01-21,2011/2012,Stoke City,West Bromwich Albion,1.2,0.8,1.6,1.4,-0.4,-0.4,2.6,1,47.5,50.0,0.3999999999999999,0.20000000000000018,0.0,-2.5,A,0
3017,2012-01-21,2011/2012,Sunderland,Swansea City,2.0,1.6,1.6,1.0,0.8,0.4,1.0,1,53.333333333333336,51.166666666666664,0.3999999999999999,0.6000000000000001,0.4,2.1666666666666714,H,2
3018,2012-01-21,2011/2012,Wolverhampton Wanderers,Aston Villa,0.8,1.0,1.4,1.6,-0.2,-0.2,1.2,1,50.833333333333336,48.333333333333336,-0.19999999999999996,-0.20000000000000018,0.0,2.5,A,0
3009,2012-01-22,2011/2012,Arsenal,Manchester United,1.4,1.8,2.2,2.4,0.0,1.8,1.0,1,51.666666666666664,55.0,-0.40000000000000013,-0.19999999999999973,-1.8,-3.3333333333333357,A,0
3013,2012-01-22,2011/2012,Manchester City,Tottenham Hotspur,2.0,2.2,3.0,2.0,1.2,1.0,1.0,1,67.5,54.166666666666664,-0.20000000000000018,1.0,0.19999999999999996,13.333333333333336,H,2
3023,2012-01-31,2011/2012,Tottenham Hotspur,Wigan Athletic,1.6,0.2,2.2,1.4,0.4,-2.2,1.5714285714285714,1,54.166666666666664,46.666666666666664,1.4000000000000001,0.8000000000000003,2.6,7.5,H,2
3024,2012-01-31,2011/2012,Wolverhampton Wanderers,Liverpool,0.6,1.0,0.8,0.8,-0.4,-0.6,0.8,1,50.833333333333336,53.333333333333336,-0.4,0.0,0.19999999999999996,-2.5,A,0
3027,2012-01-31,2011/2012,Everton,Manchester City,1.0,2.0,1.0,1.0,-0.4,0.8,2.142857142857143,1,56.666666666666664,67.5,-1.0,0.0,-1.2000000000000002,-10.833333333333336,H,2
3022,2012-01-31,2011/2012,Swansea City,Chelsea,1.6,1.6,1.8,1.8,0.2,0.0,0.0,1,51.166666666666664,56.666666666666664,0.0,0.0,0.2,-5.5,D,1
3020,2012-01-31,2011/2012,Manchester United,Stoke City,1.8,1.2,2.0,2.0,1.0,0.0,2.7142857142857144,1,55.0,47.5,0.6000000000000001,0.0,1.0,7.5,H,2
3026,2012-02-01,2011/2012,Blackburn Rovers,Newcastle United,1.6,1.8,1.2,0.8,0.4,0.2,2.0,1,51.666666666666664,52.5,-0.19999999999999996,0.3999999999999999,0.2,-0.8333333333333357,A,0
3019,2012-02-01,2011/2012,Bolton Wanderers,Arsenal,1.4,0.8,0.8,1.2,-0.4,-0.4,0.42857142857142855,1,52.5,51.666666666666664,0.5999999999999999,-0.3999999999999999,0.0,0.8333333333333357,D,1
3021,2012-02-01,2011/2012,Sunderland,Norwich City,2.0,1.6,2.0,1.6,1.0,0.0,0.0,1,53.333333333333336,50.5,0.3999999999999999,0.3999999999999999,1.0,2.8333333333333357,H,2
3025,2012-02-01,2011/2012,Aston Villa,Queens Park Rangers,1.6,0.8,0.2,0.2,0.2,-0.2,1.0,1,48.333333333333336,45.833333333333336,0.8,0.0,0.4,2.5,D,1
3028,2012-02-01,2011/2012,Fulham,West Bromwich Albion,1.6,0.8,2.4,2.0,0.4,-0.4,1.4,1,45.0,50.0,0.8,0.3999999999999999,0.8,-5.0,D,1
3029,2012-02-04,2011/2012,Arsenal,Blackburn Rovers,0.8,1.4,1.6,1.0,-0.4,0.0,1.8571428571428572,1,51.666666666666664,51.666666666666664,-0.5999999999999999,0.6000000000000001,-0.4,0.0,H,2
3032,2012-02-04,2011/2012,Manchester City,Fulham,1.8,1.6,3.0,0.6,0.6,0.4,1.4285714285714286,1,67.5,45.0,0.19999999999999996,2.4,0.19999999999999996,22.5,H,2
3036,2012-02-04,2011/2012,Stoke City,Sunderland,1.0,2.4,1.6,1.2,-0.4,1.6,1.4285714285714286,1,47.5,53.333333333333336,-1.4,0.40000000000000013,-2.0,-5.833333333333336,A,0
3035,2012-02-04,2011/2012,Queens Park Rangers,Wolverhampton Wanderers,0.8,0.4,0.8,0.6,-0.2,-1.0,3.0,1,45.833333333333336,50.833333333333336,0.4,0.20000000000000007,0.8,-5.0,A,0
3034,2012-02-04,2011/2012,Norwich City,Bolton Wanderers,1.6,1.6,1.6,1.2,-0.2,0.0,3.0,1,50.5,52.5,0.0,0.40000000000000013,-0.2,-2.0,H,2
3037,2012-02-04,2011/2012,West Bromwich Albion,Swansea City,0.8,1.6,0.2,0.8,-0.4,0.2,0.0,1,50.0,51.166666666666664,-0.8,-0.6000000000000001,-0.6000000000000001,-1.1666666666666643,A,0
3038,2012-02-04,2011/2012,Wigan Athletic,Everton,0.2,1.0,0.4,1.0,-1.6,-0.4,0.7142857142857143,1,46.666666666666664,56.666666666666664,-0.8,-0.6,-1.2000000000000002,-10.0,D,1
3030,2012-02-05,2011/2012,Chelsea,Manchester United,1.6,1.8,2.0,2.4,0.0,0.4,1.4285714285714286,1,56.666666666666664,55.0,-0.19999999999999996,-0.3999999999999999,-0.4,1.6666666666666643,D,1
3033,2012-02-05,2011/2012,Newcastle United,Aston Villa,1.8,1.6,1.4,2.2,0.2,0.2,1.4,1,52.5,48.333333333333336,0.19999999999999996,-0.8000000000000003,0.0,4.166666666666664,H,2
3031,2012-02-06,2011/2012,Liverpool,Tottenham Hotspur,1.4,2.0,1.8,1.4,0.0,0.8,0.8571428571428571,1,53.333333333333336,54.166666666666664,-0.6000000000000001,0.40000000000000013,-0.8,-0.8333333333333286,D,1
3045,2012-02-11,2011/2012,Sunderland,Arsenal,2.4,0.8,2.6,0.8,1.6,0.6,1.0,1,53.333333333333336,51.666666666666664,1.5999999999999999,1.8,1.0,1.6666666666666714,A,0
3044,2012-02-11,2011/2012,Manchester United,Liverpool,2.0,1.0,2.4,1.4,0.6,-0.4,1.0,1,55.0,53.333333333333336,1.0,1.0,1.0,1.6666666666666643,H,2
3047,2012-02-11,2011/2012,Tottenham Hotspur,Newcastle United,1.6,2.4,2.2,1.2,0.6,0.8,1.6,1,54.166666666666664,52.5,-0.7999999999999998,1.0000000000000002,-0.20000000000000007,1.6666666666666643,H,2
3046,2012-02-11,2011/2012,Swansea City,Norwich City,2.0,2.0,1.8,1.6,0.4,0.2,0.0,1,51.166666666666664,50.5,0.0,0.19999999999999996,0.2,0.6666666666666643,A,0
3040,2012-02-11,2011/2012,Blackburn Rovers,Queens Park Rangers,0.8,0.8,0.6,0.4,-1.4,-0.2,1.0,1,51.666666666666664,45.833333333333336,0.0,0.19999999999999996,-1.2,5.833333333333329,H,2
3043,2012-02-11,2011/2012,Fulham,Stoke City,1.4,0.8,2.0,1.4,-0.2,-0.6,1.4285714285714286,1,45.0,47.5,0.5999999999999999,0.6000000000000001,0.39999999999999997,-2.5,H,2
3042,2012-02-11,2011/2012,Everton,Chelsea,1.2,1.8,1.6,1.4,-0.2,0.4,1.4285714285714286,1,56.666666666666664,56.666666666666664,-0.6000000000000001,0.20000000000000018,-0.6000000000000001,0.0,H,2
3041,2012-02-11,2011/2012,Bolton Wanderers,Wigan Athletic,1.4,0.2,1.0,0.8,-0.4,-1.6,1.4285714285714286,1,52.5,46.666666666666664,1.2,0.19999999999999996,1.2000000000000002,5.833333333333336,A,0
3039,2012-02-12,2011/2012,Aston Villa,Manchester City,1.0,2.4,0.4,0.8,-0.4,1.4,1.0,1,48.333333333333336,67.5,-1.4,-0.4,-1.7999999999999998,-19.166666666666664,A,0
3048,2012-02-12,2011/2012,Wolverhampton Wanderers,West Bromwich Albion,0.8,0.8,0.2,2.0,-0.8,-0.4,1.3333333333333333,1,50.833333333333336,50.0,0.0,-1.8,-0.4,0.8333333333333357,A,0
3057,2012-02-25,2011/2012,West Bromwich Albion,Sunderland,1.4,1.8,0.2,1.8,0.6,0.8,2.0,1,45.166666666666664,55.333333333333336,-0.40000000000000013,-1.6,-0.20000000000000007,-10.166666666666671,H,2
3055,2012-02-25,2011/2012,Queens Park Rangers,Fulham,0.8,1.4,0.6,0.4,-0.2,-0.2,0.0,1,52.666666666666664,43.5,-0.5999999999999999,0.19999999999999996,0.0,9.166666666666664,A,0
3058,2012-02-25,2011/2012,Wigan Athletic,Aston Villa,0.8,1.0,0.6,2.0,-0.8,-0.2,0.7142857142857143,1,42.333333333333336,53.0,-0.19999999999999996,-1.4,-0.6000000000000001,-10.666666666666664,D,1
3052,2012-02-25,2011/2012,Manchester City,Blackburn Rovers,2.4,1.4,3.0,1.0,1.0,-1.0,2.4285714285714284,1,49.666666666666664,50.166666666666664,1.0,2.0,2.0,-0.5,H,2
3050,2012-02-25,2011/2012,Chelsea,Bolton Wanderers,1.2,0.8,1.6,1.2,-0.2,-0.8,3.0,1,54.5,51.333333333333336,0.3999999999999999,0.40000000000000013,0.6000000000000001,3.1666666666666643,H,2
3053,2012-02-25,2011/2012,Newcastle United,Wolverhampton Wanderers,1.8,0.8,2.0,1.2,-0.8,-1.4,2.3333333333333335,1,51.666666666666664,56.833333333333336,1.0,0.8,0.5999999999999999,-5.166666666666671,D,1
3049,2012-02-26,2011/2012,Arsenal,Tottenham Hotspur,1.4,1.6,2.0,1.0,1.0,1.2,0.8571428571428571,1,40.333333333333336,48.5,-0.20000000000000018,1.0,-0.19999999999999996,-8.166666666666664,H,2
3054,2012-02-26,2011/2012,Norwich City,Manchester United,2.0,2.6,1.6,2.0,0.2,1.4,0.0,1,53.0,48.5,-0.6000000000000001,-0.3999999999999999,-1.2,4.5,A,0
3056,2012-02-26,2011/2012,Stoke City,Swansea City,0.2,1.4,1.0,1.4,-1.0,-0.2,0.0,1,58.833333333333336,45.833333333333336,-1.2,-0.3999999999999999,-0.8,13.0,H,2
3067,2012-03-03,2011/2012,West Bromwich Albion,Chelsea,2.0,1.2,0.8,1.2,1.6,0.2,0.0,1,45.166666666666664,54.5,0.8,-0.3999999999999999,1.4000000000000001,-9.333333333333336,H,2
3065,2012-03-03,2011/2012,Stoke City,Norwich City,0.6,1.4,1.0,2.0,-0.6,-0.2,1.0,1,58.833333333333336,53.0,-0.7999999999999999,-1.0,-0.39999999999999997,5.833333333333336,H,2
3068,2012-03-03,2011/2012,Wigan Athletic,Swansea City,1.0,0.8,0.6,1.2,-0.6,-0.8,1.0,1,42.333333333333336,45.833333333333336,0.19999999999999996,-0.6,0.20000000000000007,-3.5,A,0
3062,2012-03-03,2011/2012,Manchester City,Bolton Wanderers,2.4,0.8,3.0,1.2,1.4,-0.8,2.2857142857142856,1,49.666666666666664,51.333333333333336,1.5999999999999999,1.8,2.2,-1.6666666666666714,H,2
3061,2012-03-03,2011/2012,Liverpool,Arsenal,1.0,2.0,1.8,1.4,0.0,1.8,1.0,1,53.166666666666664,40.333333333333336,-1.0,0.40000000000000013,-1.8,12.833333333333329,A,0
3059,2012-03-03,2011/2012,Blackburn Rovers,Aston Villa,0.8,1.0,1.2,1.6,-2.0,-0.2,1.2857142857142858,1,50.166666666666664,53.0,-0.19999999999999996,-0.40000000000000013,-1.8,-2.8333333333333357,D,1
3064,2012-03-03,2011/2012,Queens Park Rangers,Everton,0.8,1.8,0.6,1.2,-0.2,0.6,3.0,1,52.666666666666664,52.666666666666664,-1.0,-0.6,-0.8,0.0,D,1
3060,2012-03-04,2011/2012,Fulham,Wolverhampton Wanderers,2.0,0.8,2.0,1.4,0.4,-1.4,1.0,1,43.5,56.833333333333336,1.2,0.6000000000000001,1.7999999999999998,-13.333333333333336,H,2
3063,2012-03-04,2011/2012,Newcastle United,Sunderland,1.4,1.8,2.0,1.8,-1.0,0.2,1.6,1,51.666666666666664,55.333333333333336,-0.40000000000000013,0.19999999999999996,-1.2,-3.6666666666666714,D,1
3066,2012-03-04,2011/2012,Tottenham Hotspur,Manchester United,1.4,2.6,2.6,2.0,0.6,1.0,0.2857142857142857,1,48.5,48.5,-1.2000000000000002,0.6000000000000001,-0.4,0.0,A,0
3070,2012-03-10,2011/2012,Aston Villa,Fulham,0.6,2.0,0.4,1.0,-0.4,0.8,1.4285714285714286,1,53.0,43.5,-1.4,-0.6,-1.2000000000000002,9.5,H,2
3071,2012-03-10,2011/2012,Bolton Wanderers,Queens Park Rangers,0.2,0.4,1.0,0.4,-1.6,-0.6,3.0,1,51.333333333333336,52.666666666666664,-0.2,0.6,-1.0,-1.3333333333333286,H,2
3072,2012-03-10,2011/2012,Chelsea,Stoke City,1.0,1.2,1.6,0.8,0.0,-0.2,2.4285714285714284,1,54.5,58.833333333333336,-0.19999999999999996,0.8,0.2,-4.333333333333336,H,2
3073,2012-03-10,2011/2012,Everton,Tottenham Hotspur,1.8,1.4,2.0,1.0,0.6,0.4,1.2857142857142858,1,52.666666666666664,48.5,0.40000000000000013,1.0,0.19999999999999996,4.166666666666664,H,2
3076,2012-03-10,2011/2012,Sunderland,Liverpool,1.4,0.8,2.0,0.8,-0.2,-0.2,0.7142857142857143,1,55.333333333333336,53.166666666666664,0.5999999999999999,1.2,0.0,2.1666666666666714,H,2
3078,2012-03-10,2011/2012,Wolverhampton Wanderers,Blackburn Rovers,0.8,0.8,0.2,1.0,-2.2,-2.0,0.8,1,56.833333333333336,50.166666666666664,0.0,-0.8,-0.20000000000000018,6.666666666666671,A,0
3075,2012-03-11,2011/2012,Norwich City,Wigan Athletic,1.2,1.0,1.0,0.8,-0.4,-0.6,1.0,1,53.0,42.333333333333336,0.19999999999999996,0.19999999999999996,0.19999999999999996,10.666666666666664,D,1
3074,2012-03-11,2011/2012,Manchester United,West Bromwich Albion,2.6,2.0,2.4,2.0,1.2,1.6,2.6,1,48.5,45.166666666666664,0.6000000000000001,0.3999999999999999,-0.40000000000000013,3.3333333333333357,H,2
3077,2012-03-11,2011/2012,Swansea City,Manchester City,1.4,2.4,1.2,1.4,0.0,1.6,0.0,1,45.833333333333336,49.666666666666664,-1.0,-0.19999999999999996,-1.6,-3.8333333333333286,H,2
3069,2012-03-12,2011/2012,Arsenal,Newcastle United,2.6,1.6,2.0,1.2,2.2,-0.4,1.6,1,40.333333333333336,51.666666666666664,1.0,0.8,2.6,-11.333333333333329,H,2
3051,2012-03-13,2011/2012,Liverpool,Everton,0.8,2.2,1.2,1.2,0.0,0.8,2.0,1,53.166666666666664,52.666666666666664,-1.4000000000000001,0.0,-0.8,0.5,H,2
3082,2012-03-17,2011/2012,Fulham,Swansea City,1.8,1.8,2.6,1.8,0.6,0.2,0.0,1,43.5,45.833333333333336,0.0,0.8,0.39999999999999997,-2.3333333333333357,A,0
3087,2012-03-17,2011/2012,Wigan Athletic,West Bromwich Albion,1.2,1.8,0.4,1.4,-0.2,1.2,2.0,1,42.333333333333336,45.166666666666664,-0.6000000000000001,-0.9999999999999999,-1.4,-2.8333333333333286,D,1
3084,2012-03-18,2011/2012,Newcastle United,Norwich City,1.0,1.4,2.2,1.8,-1.0,0.2,0.0,1,51.666666666666664,53.0,-0.3999999999999999,0.40000000000000013,-1.2,-1.3333333333333357,H,2
3088,2012-03-18,2011/2012,Wolverhampton Wanderers,Manchester United,0.8,2.6,0.0,2.0,-2.0,1.2,0.6,1,56.833333333333336,48.5,-1.8,-2.0,-3.2,8.333333333333336,A,0
3080,2012-03-20,2011/2012,Blackburn Rovers,Sunderland,1.4,1.4,1.4,1.4,-1.2,-0.6,0.42857142857142855,1,50.166666666666664,55.333333333333336,0.0,0.0,-0.6,-5.166666666666671,H,2
3081,2012-03-21,2011/2012,Everton,Arsenal,1.6,3.0,2.0,1.4,0.0,2.4,0.2857142857142857,1,52.666666666666664,40.333333333333336,-1.4,0.6000000000000001,-2.4,12.333333333333329,A,0
3083,2012-03-21,2011/2012,Manchester City,Chelsea,2.4,1.4,3.0,1.0,1.6,0.2,1.2857142857142858,1,49.666666666666664,54.5,1.0,2.0,1.4000000000000001,-4.833333333333336,H,2
3085,2012-03-21,2011/2012,Queens Park Rangers,Liverpool,0.2,0.8,0.8,0.6,-0.8,0.0,0.0,1,52.666666666666664,53.166666666666664,-0.6000000000000001,0.20000000000000007,-0.8,-0.5,H,2
3086,2012-03-21,2011/2012,Tottenham Hotspur,Stoke City,0.8,1.2,2.0,0.8,-0.2,0.0,1.7142857142857142,1,48.5,58.833333333333336,-0.3999999999999999,1.2,-0.2,-10.333333333333336,D,1
3106,2012-03-24,2011/2012,Sunderland,Queens Park Rangers,0.8,0.8,2.4,0.2,-1.2,-0.4,3.0,1,55.333333333333336,52.666666666666664,0.0,2.1999999999999997,-0.7999999999999999,2.6666666666666714,H,2
3104,2012-03-24,2011/2012,Norwich City,Wolverhampton Wanderers,0.8,0.2,1.2,1.2,-0.4,-3.2,1.0,1,53.0,56.833333333333336,0.6000000000000001,0.0,2.8000000000000003,-3.8333333333333357,H,2
3105,2012-03-24,2011/2012,Stoke City,Manchester City,1.4,2.4,1.4,1.2,0.2,1.2,0.7142857142857143,1,58.833333333333336,49.666666666666664,-1.0,0.19999999999999996,-1.0,9.166666666666671,D,1
3107,2012-03-24,2011/2012,Swansea City,Everton,1.8,1.4,1.6,0.6,0.6,-0.2,0.0,1,45.833333333333336,52.666666666666664,0.40000000000000013,1.0,0.8,-6.833333333333329,A,0
3102,2012-03-24,2011/2012,Liverpool,Wigan Athletic,0.6,1.2,1.6,1.0,-0.2,-0.2,1.4285714285714286,1,53.166666666666664,42.333333333333336,-0.6,0.6000000000000001,0.0,10.833333333333329,A,0
3101,2012-03-24,2011/2012,Chelsea,Tottenham Hotspur,1.2,0.8,2.0,0.4,0.0,-0.2,1.2857142857142858,1,54.5,48.5,0.3999999999999999,1.6,0.2,6.0,D,1
3100,2012-03-24,2011/2012,Bolton Wanderers,Blackburn Rovers,0.6,2.0,1.6,1.4,-1.4,0.4,1.1428571428571428,1,51.333333333333336,50.166666666666664,-1.4,0.20000000000000018,-1.7999999999999998,1.1666666666666714,H,2
3099,2012-03-24,2011/2012,Arsenal,Aston Villa,3.0,1.0,2.4,1.6,1.4,-0.2,1.5714285714285714,1,40.333333333333336,53.0,2.0,0.7999999999999998,1.5999999999999999,-12.666666666666664,H,2
3108,2012-03-25,2011/2012,West Bromwich Albion,Newcastle United,2.0,1.0,1.2,0.6,1.4,-1.0,1.4,1,45.166666666666664,51.666666666666664,1.0,0.6,2.4,-6.5,A,0
3103,2012-03-26,2011/2012,Manchester United,Fulham,3.0,1.8,2.4,0.8,2.2,0.6,1.8571428571428572,1,48.5,43.5,1.2,1.5999999999999999,1.6,5.0,H,2
3117,2012-03-31,2011/2012,Wigan Athletic,Stoke City,1.2,1.6,0.6,0.4,-0.2,0.4,1.1428571428571428,1,42.333333333333336,58.833333333333336,-0.40000000000000013,0.19999999999999996,-0.6000000000000001,-16.5,H,2
3118,2012-03-31,2011/2012,Wolverhampton Wanderers,Bolton Wanderers,0.2,1.2,0.0,0.6,-2.6,-0.8,0.8,1,56.833333333333336,51.333333333333336,-1.0,-0.6,-1.8,5.5,A,0
3115,2012-03-31,2011/2012,Queens Park Rangers,Arsenal,0.8,3.0,1.4,2.0,-0.6,1.8,0.0,1,52.666666666666664,40.333333333333336,-2.2,-0.6000000000000001,-2.4,12.333333333333329,H,2
3113,2012-03-31,2011/2012,Manchester City,Sunderland,2.0,1.4,3.0,0.8,1.0,-0.6,1.8571428571428572,1,49.666666666666664,55.333333333333336,0.6000000000000001,2.2,1.6,-5.666666666666671,D,1
3112,2012-03-31,2011/2012,Fulham,Norwich City,1.2,0.8,2.0,1.2,0.2,-0.4,1.0,1,43.5,53.0,0.3999999999999999,0.8,0.6000000000000001,-9.5,H,2
3111,2012-03-31,2011/2012,Everton,West Bromwich Albion,1.4,1.4,2.0,1.6,-0.2,0.2,1.8,1,52.666666666666664,45.166666666666664,0.0,0.3999999999999999,-0.4,7.5,H,2
3109,2012-03-31,2011/2012,Aston Villa,Chelsea,1.0,1.4,1.0,0.4,-0.6,0.4,1.1428571428571428,1,53.0,54.5,-0.3999999999999999,0.6,-1.0,-1.5,A,0
3114,2012-04-01,2011/2012,Newcastle United,Liverpool,1.6,0.6,2.2,0.6,0.4,-0.2,0.6,1,51.666666666666664,53.166666666666664,1.0,1.6,0.6000000000000001,-1.5,H,2
3116,2012-04-01,2011/2012,Tottenham Hotspur,Swansea City,0.4,1.8,1.6,1.8,-1.2,0.4,1.0,1,48.5,45.833333333333336,-1.4,-0.19999999999999996,-1.6,2.6666666666666643,H,2
3110,2012-04-02,2011/2012,Blackburn Rovers,Manchester United,1.4,3.0,2.0,2.6,0.0,2.2,0.7142857142857143,1,50.166666666666664,48.5,-1.6,-0.6000000000000001,-2.2,1.6666666666666643,A,0
3127,2012-04-06,2011/2012,Swansea City,Newcastle United,1.8,2.0,1.4,1.2,0.4,0.8,1.0,1,45.833333333333336,51.666666666666664,-0.19999999999999996,0.19999999999999996,-0.4,-5.833333333333329,A,0
3121,2012-04-07,2011/2012,Chelsea,Wigan Athletic,1.4,1.6,2.2,1.4,0.2,0.2,2.2857142857142856,1,54.5,42.333333333333336,-0.20000000000000018,0.8000000000000003,0.0,12.166666666666664,H,2
3124,2012-04-07,2011/2012,Norwich City,Everton,0.8,1.8,1.6,1.2,-0.4,0.2,1.0,1,53.0,52.666666666666664,-1.0,0.40000000000000013,-0.6000000000000001,0.3333333333333357,D,1
3120,2012-04-07,2011/2012,Bolton Wanderers,Fulham,1.8,1.2,2.0,0.6,-0.4,0.2,0.42857142857142855,1,51.333333333333336,43.5,0.6000000000000001,1.4,-0.6000000000000001,7.833333333333336,A,0
3128,2012-04-07,2011/2012,West Bromwich Albion,Blackburn Rovers,0.8,1.4,1.2,0.8,-1.0,0.2,1.0,1,45.166666666666664,50.166666666666664,-0.5999999999999999,0.3999999999999999,-1.2,-5.0,H,2
3122,2012-04-07,2011/2012,Liverpool,Aston Villa,0.6,1.0,1.0,1.0,-0.4,-0.8,1.8571428571428572,1,53.166666666666664,53.0,-0.4,0.0,0.4,0.1666666666666643,D,1
3125,2012-04-07,2011/2012,Stoke City,Wolverhampton Wanderers,1.0,0.0,1.4,1.0,-0.4,-2.8,1.6,1,58.833333333333336,56.833333333333336,1.0,0.3999999999999999,2.4,2.0,H,2
3126,2012-04-07,2011/2012,Sunderland,Tottenham Hotspur,1.6,1.0,2.4,0.4,0.2,-0.2,1.1428571428571428,1,55.333333333333336,48.5,0.6000000000000001,2.0,0.4,6.833333333333336,D,1
3119,2012-04-08,2011/2012,Arsenal,Manchester City,2.4,1.6,2.4,1.4,1.0,0.4,1.1428571428571428,1,40.333333333333336,49.666666666666664,0.7999999999999998,1.0,0.6,-9.333333333333329,H,2
3123,2012-04-08,2011/2012,Manchester United,Queens Park Rangers,3.0,1.4,3.0,0.2,2.4,-0.2,3.0,1,48.5,52.666666666666664,1.6,2.8,2.6,-4.166666666666664,H,2
3129,2012-04-09,2011/2012,Aston Villa,Stoke City,1.0,1.0,1.0,0.2,-0.8,-0.4,1.0,1,53.0,58.833333333333336,0.0,0.8,-0.4,-5.833333333333336,D,1
3131,2012-04-09,2011/2012,Everton,Sunderland,1.4,1.6,2.4,1.0,0.0,0.2,2.142857142857143,1,52.666666666666664,55.333333333333336,-0.20000000000000018,1.4,-0.2,-2.6666666666666714,H,2
3132,2012-04-09,2011/2012,Fulham,Chelsea,1.2,2.0,2.0,0.8,-0.2,0.6,0.42857142857142855,1,43.5,54.5,-0.8,1.2,-0.8,-11.0,D,1
3134,2012-04-09,2011/2012,Newcastle United,Bolton Wanderers,2.4,1.8,2.2,0.6,1.2,-0.4,1.4,1,51.666666666666664,51.333333333333336,0.5999999999999999,1.6,1.6,0.3333333333333286,H,2
3136,2012-04-09,2011/2012,Tottenham Hotspur,Norwich City,1.2,1.0,2.0,0.6,0.2,-0.2,3.0,1,48.5,53.0,0.19999999999999996,1.4,0.4,-4.5,A,0
3130,2012-04-10,2011/2012,Blackburn Rovers,Liverpool,1.2,0.8,1.4,0.6,-0.4,-0.2,0.7142857142857143,1,50.166666666666664,53.166666666666664,0.3999999999999999,0.7999999999999999,-0.2,-3.0,A,0
3138,2012-04-11,2011/2012,Wolverhampton Wanderers,Arsenal,0.0,2.4,0.0,2.0,-2.0,1.0,0.2,1,56.833333333333336,40.333333333333336,-2.4,-2.0,-3.0,16.5,A,0
3137,2012-04-11,2011/2012,Wigan Athletic,Manchester United,1.6,3.0,1.2,2.6,0.4,2.4,0.0,1,42.333333333333336,48.5,-1.4,-1.4000000000000001,-2.0,-6.166666666666664,H,2
3135,2012-04-11,2011/2012,Queens Park Rangers,Swansea City,1.2,1.2,1.4,1.8,-0.6,-0.4,1.0,1,52.666666666666664,45.833333333333336,0.0,-0.40000000000000013,-0.19999999999999996,6.833333333333329,H,2
3133,2012-04-11,2011/2012,Manchester City,West Bromwich Albion,1.0,0.8,2.6,1.0,-0.2,-0.6,2.0,1,49.666666666666664,45.166666666666664,0.19999999999999996,1.6,0.39999999999999997,4.5,H,2
3144,2012-04-14,2011/2012,Norwich City,Manchester City,1.4,1.6,1.6,0.8,0.0,0.8,0.0,1,53.0,49.666666666666664,-0.20000000000000018,0.8,-0.8,3.3333333333333357,A,0
3146,2012-04-14,2011/2012,Sunderland,Wolverhampton Wanderers,1.0,0.0,2.0,0.8,-0.8,-2.2,0.6,1,55.333333333333336,56.833333333333336,1.0,1.2,1.4000000000000001,-1.5,D,1
3147,2012-04-14,2011/2012,Swansea City,Blackburn Rovers,0.6,0.6,0.8,0.6,-1.2,-1.0,0.0,1,45.833333333333336,50.166666666666664,0.0,0.20000000000000007,-0.19999999999999996,-4.333333333333329,H,2
3148,2012-04-14,2011/2012,West Bromwich Albion,Queens Park Rangers,0.8,1.8,1.8,0.2,-1.0,0.2,1.0,1,45.166666666666664,52.666666666666664,-1.0,1.6,-1.2,-7.5,H,2
3143,2012-04-15,2011/2012,Manchester United,Aston Villa,2.4,1.0,3.0,0.6,1.8,-0.8,1.7142857142857142,1,48.5,53.0,1.4,2.4,2.6,-4.5,H,2
3139,2012-04-16,2011/2012,Arsenal,Wigan Athletic,2.4,2.0,3.0,1.4,1.4,0.6,2.2857142857142856,1,40.333333333333336,42.333333333333336,0.3999999999999999,1.6,0.7999999999999999,-2.0,A,0
3157,2012-04-21,2011/2012,Queens Park Rangers,Tottenham Hotspur,1.2,1.2,2.0,0.6,-0.2,0.2,0.0,1,52.666666666666664,48.5,0.0,1.4,-0.4,4.166666666666664,H,2
3156,2012-04-21,2011/2012,Newcastle United,Stoke City,3.0,1.2,2.2,0.4,1.8,-0.2,1.0,1,51.666666666666664,58.833333333333336,1.8,1.8000000000000003,2.0,-7.166666666666671,H,2
3153,2012-04-21,2011/2012,Fulham,Wigan Athletic,1.4,2.4,2.0,2.0,0.0,0.8,2.142857142857143,1,43.5,42.333333333333336,-1.0,0.0,-0.8,1.1666666666666643,H,2
3152,2012-04-21,2011/2012,Bolton Wanderers,Swansea City,1.8,0.6,1.4,1.2,-0.4,-1.2,0.0,1,51.333333333333336,45.833333333333336,1.2000000000000002,0.19999999999999996,0.7999999999999999,5.5,D,1
3151,2012-04-21,2011/2012,Blackburn Rovers,Norwich City,0.0,1.4,1.4,1.2,-2.0,-0.8,1.0,1,50.166666666666664,53.0,-1.4,0.19999999999999996,-1.2,-2.8333333333333357,H,2
3150,2012-04-21,2011/2012,Aston Villa,Sunderland,0.4,1.2,1.0,0.4,-1.8,-0.4,1.5714285714285714,1,53.0,55.333333333333336,-0.7999999999999999,0.6,-1.4,-2.3333333333333357,D,1
3149,2012-04-21,2011/2012,Arsenal,Chelsea,1.8,1.6,2.4,0.8,1.0,0.4,1.2857142857142858,1,40.333333333333336,54.5,0.19999999999999996,1.5999999999999999,0.6,-14.166666666666664,D,1
3154,2012-04-22,2011/2012,Liverpool,West Bromwich Albion,0.8,1.2,1.0,0.8,-0.6,-0.8,2.4,1,53.166666666666664,45.166666666666664,-0.3999999999999999,0.19999999999999996,0.20000000000000007,8.0,A,0
3155,2012-04-22,2011/2012,Manchester United,Everton,2.4,2.0,3.0,1.2,1.6,1.4,2.0,1,48.5,52.666666666666664,0.3999999999999999,1.8,0.20000000000000018,-4.166666666666664,D,1
3158,2012-04-22,2011/2012,Wolverhampton Wanderers,Manchester City,0.2,1.6,0.0,1.4,-1.2,1.6,0.6,1,56.833333333333336,49.666666666666664,-1.4000000000000001,-1.4,-2.8,7.166666666666671,A,0
3079,2012-04-24,2011/2012,Aston Villa,Bolton Wanderers,0.6,1.4,1.0,0.6,-1.2,-0.6,2.0,1,53.0,51.333333333333336,-0.7999999999999999,0.4,-0.6,1.6666666666666643,A,0
3162,2012-04-28,2011/2012,Norwich City,Liverpool,0.8,0.8,1.0,0.6,-1.4,-0.6,1.0,1,53.0,53.166666666666664,0.0,0.4,-0.7999999999999999,-0.1666666666666643,A,0
3164,2012-04-28,2011/2012,Sunderland,Bolton Wanderers,0.8,1.4,1.6,1.2,-0.8,-0.6,2.2857142857142856,1,55.333333333333336,51.333333333333336,-0.5999999999999999,0.40000000000000013,-0.20000000000000007,4.0,D,1
3160,2012-04-28,2011/2012,Everton,Fulham,2.2,2.0,2.4,1.2,1.6,0.8,2.2857142857142856,1,52.666666666666664,43.5,0.20000000000000018,1.2,0.8,9.166666666666664,H,2
3168,2012-04-28,2011/2012,Wigan Athletic,Newcastle United,1.8,3.0,1.6,1.8,0.4,2.2,1.0,1,42.333333333333336,51.666666666666664,-1.2,-0.19999999999999996,-1.8000000000000003,-9.333333333333329,H,2
3163,2012-04-28,2011/2012,Stoke City,Arsenal,1.0,1.4,2.0,2.4,-0.8,0.4,0.8571428571428571,1,58.833333333333336,40.333333333333336,-0.3999999999999999,-0.3999999999999999,-1.2000000000000002,18.5,D,1
3165,2012-04-28,2011/2012,Swansea City,Wolverhampton Wanderers,0.8,0.2,1.2,0.4,-0.8,-1.4,1.0,1,45.833333333333336,56.833333333333336,0.6000000000000001,0.7999999999999999,0.5999999999999999,-11.0,D,1
3167,2012-04-28,2011/2012,West Bromwich Albion,Aston Villa,1.8,0.6,2.4,0.6,-0.2,-1.0,1.2,1,45.166666666666664,53.0,1.2000000000000002,1.7999999999999998,0.8,-7.833333333333336,D,1
3159,2012-04-29,2011/2012,Chelsea,Queens Park Rangers,1.8,1.8,2.2,0.0,0.6,0.4,0.0,1,54.5,52.666666666666664,0.0,2.2,0.19999999999999996,1.8333333333333357,H,2
3166,2012-04-29,2011/2012,Tottenham Hotspur,Blackburn Rovers,1.0,0.6,1.4,0.6,0.0,-1.4,2.5714285714285716,1,48.5,50.166666666666664,0.4,0.7999999999999999,1.4,-1.6666666666666643,H,2
3161,2012-04-30,2011/2012,Manchester City,Manchester United,2.0,2.0,2.6,2.4,2.0,1.4,0.5714285714285714,1,49.666666666666664,48.5,0.0,0.20000000000000018,0.6000000000000001,1.1666666666666643,H,2
3142,2012-05-01,2011/2012,Liverpool,Fulham,1.4,2.0,0.8,1.2,0.2,0.2,1.5714285714285714,1,53.166666666666664,43.5,-0.6000000000000001,-0.3999999999999999,0.0,9.666666666666664,A,0
3145,2012-05-01,2011/2012,Stoke City,Everton,1.0,2.2,2.2,1.2,-0.8,2.0,1.1428571428571428,1,58.833333333333336,52.666666666666664,-1.2000000000000002,1.0000000000000002,-2.8,6.166666666666671,D,1
3140,2012-05-02,2011/2012,Bolton Wanderers,Tottenham Hotspur,1.0,1.4,1.4,0.4,-0.8,0.4,1.0,1,51.333333333333336,48.5,-0.3999999999999999,0.9999999999999999,-1.2000000000000002,2.8333333333333357,A,0
3141,2012-05-02,2011/2012,Chelsea,Newcastle United,2.2,2.4,2.6,1.2,1.6,1.0,1.8,1,54.5,51.666666666666664,-0.19999999999999973,1.4000000000000001,0.6000000000000001,2.8333333333333357,A,0
3169,2012-05-05,2011/2012,Arsenal,Norwich City,1.6,0.8,2.0,0.6,0.6,-1.8,3.0,1,40.333333333333336,53.0,0.8,1.4,2.4,-12.666666666666664,D,1
3175,2012-05-06,2011/2012,Manchester United,Swansea City,1.4,1.0,2.6,1.4,0.8,-0.4,3.0,1,48.5,45.833333333333336,0.3999999999999999,1.2000000000000002,1.2000000000000002,2.6666666666666643,H,2
3177,2012-05-06,2011/2012,Queens Park Rangers,Stoke City,1.2,1.2,2.6,0.4,-0.8,-0.4,3.0,1,52.666666666666664,58.833333333333336,0.0,2.2,-0.4,-6.166666666666671,H,2
3176,2012-05-06,2011/2012,Newcastle United,Manchester City,2.4,2.4,2.6,1.4,1.0,2.2,0.2,1,51.666666666666664,49.666666666666664,0.0,1.2000000000000002,-1.2000000000000002,2.0,A,0
3178,2012-05-06,2011/2012,Wolverhampton Wanderers,Everton,0.4,1.8,0.0,1.2,-1.2,1.6,0.6,1,56.833333333333336,52.666666666666664,-1.4,-1.2,-2.8,4.166666666666671,D,1
3173,2012-05-06,2011/2012,Fulham,Sunderland,2.0,0.8,2.0,0.6,0.2,-0.8,1.4285714285714286,1,43.5,55.333333333333336,1.2,1.4,1.0,-11.833333333333336,H,2
3172,2012-05-06,2011/2012,Bolton Wanderers,West Bromwich Albion,1.0,2.0,1.4,0.8,-0.8,0.2,1.2,1,51.333333333333336,45.166666666666664,-1.0,0.5999999999999999,-1.0,6.166666666666671,D,1
3170,2012-05-06,2011/2012,Aston Villa,Tottenham Hotspur,0.6,1.4,1.0,1.0,-1.0,0.6,0.7142857142857143,1,53.0,48.5,-0.7999999999999999,0.0,-1.6,4.5,D,1
3171,2012-05-07,2011/2012,Blackburn Rovers,Wigan Athletic,0.6,1.8,1.4,1.4,-1.4,0.8,1.5714285714285714,1,50.166666666666664,42.333333333333336,-1.2000000000000002,0.0,-2.2,7.833333333333329,A,0
3174,2012-05-08,2011/2012,Liverpool,Chelsea,1.4,1.6,0.8,1.0,0.4,0.8,2.142857142857143,1,53.166666666666664,54.5,-0.20000000000000018,-0.19999999999999996,-0.4,-1.3333333333333357,H,2
3187,2012-05-13,2011/2012,West Bromwich Albion,Arsenal,1.6,1.2,2.0,2.0,-0.4,0.4,0.8,1,45.166666666666664,40.333333333333336,0.40000000000000013,0.0,-0.8,4.833333333333329,A,0
3186,2012-05-13,2011/2012,Tottenham Hotspur,Fulham,1.4,2.0,1.4,1.2,0.6,-0.2,2.0,1,48.5,43.5,-0.6000000000000001,0.19999999999999996,0.8,5.0,H,2
3185,2012-05-13,2011/2012,Swansea City,Liverpool,1.0,1.8,1.4,1.2,-0.4,1.0,1.0,1,45.833333333333336,53.166666666666664,-0.8,0.19999999999999996,-1.4,-7.333333333333329,H,2
3184,2012-05-13,2011/2012,Sunderland,Manchester United,0.6,1.4,1.8,1.8,-1.0,0.8,0.2857142857142857,1,55.333333333333336,48.5,-0.7999999999999999,0.0,-1.8,6.833333333333336,A,0
3188,2012-05-13,2011/2012,Wigan Athletic,Wolverhampton Wanderers,2.4,0.6,2.0,0.4,1.2,-1.0,1.8,1,42.333333333333336,56.833333333333336,1.7999999999999998,1.6,2.2,-14.5,H,2
3182,2012-05-13,2011/2012,Norwich City,Aston Villa,0.8,0.6,1.0,0.6,-1.8,-1.0,0.0,1,53.0,53.0,0.20000000000000007,0.4,-0.8,0.0,H,2
3180,2012-05-13,2011/2012,Everton,Newcastle United,1.8,1.8,2.4,1.8,1.6,0.2,1.0,1,52.666666666666664,51.666666666666664,0.0,0.5999999999999999,1.4000000000000001,1.0,H,2
3179,2012-05-13,2011/2012,Chelsea,Blackburn Rovers,1.0,0.6,2.0,0.6,0.0,-1.0,2.7142857142857144,1,54.5,50.166666666666664,0.4,1.4,1.0,4.333333333333336,H,2
3181,2012-05-13,2011/2012,Manchester City,Queens Park Rangers,3.0,1.8,2.6,0.0,2.8,-0.2,3.0,1,49.666666666666664,52.666666666666664,1.2,2.6,3.0,-3.0,H,2
3183,2012-05-13,2011/2012,Stoke City,Bolton Wanderers,0.6,1.2,1.8,1.4,-0.8,-0.4,1.0,1,58.833333333333336,51.333333333333336,-0.6,0.40000000000000013,-0.4,7.5,D,1
3256,2012-08-18,2012/2013,West Bromwich Albion,Liverpool,1.6,1.2,1.4,1.2,0.2,0.6,1.0,1,45.166666666666664,53.166666666666664,0.40000000000000013,0.19999999999999996,-0.39999999999999997,-8.0,H,2
3255,2012-08-18,2012/2013,Reading,Stoke City,1.3354177707118884,0.6,1.6726973098164974,0.4,-0.04822469528351881,-0.8,1.2806963396144682,0,50.0,58.833333333333336,-0.07272727272727274,0.591953097028285,-0.10007088428141059,-8.833333333333336,D,1
3257,2012-08-18,2012/2013,West Ham United,Aston Villa,0.2,0.6,0.8,0.4,-1.6,-0.6,0.8333333333333334,1,48.333333333333336,53.0,-0.39999999999999997,0.4,-1.0,-4.666666666666664,H,2
3253,2012-08-18,2012/2013,Newcastle United,Tottenham Hotspur,1.2,2.0,2.4,1.2,-0.6,1.2,0.8333333333333334,1,51.666666666666664,48.5,-0.8,1.2,-1.7999999999999998,3.1666666666666643,H,2
3251,2012-08-18,2012/2013,Fulham,Norwich City,1.8,0.8,2.0,0.8,-0.6,-1.6,2.0,1,43.5,53.0,1.0,1.2,1.0,-9.5,H,2
3249,2012-08-18,2012/2013,Arsenal,Sunderland,1.2,0.6,1.6,0.4,0.0,-0.4,1.625,1,40.333333333333336,55.333333333333336,0.6,1.2000000000000002,0.4,-15.0,D,1
3254,2012-08-18,2012/2013,Queens Park Rangers,Swansea City,1.2,1.6,3.0,0.8,-1.0,0.4,2.0,1,52.666666666666664,45.833333333333336,-0.40000000000000013,2.2,-1.4,6.833333333333329,A,0
3252,2012-08-19,2012/2013,Manchester City,Southampton,3.0,1.4048478414720453,2.6,1.077605558524853,2.2,0.04853149327671621,1.2806963396144682,0,49.666666666666664,52.166666666666664,-0.07272727272727274,0.591953097028285,-0.10007088428141059,-2.5,H,2
3258,2012-08-19,2012/2013,Wigan Athletic,Chelsea,2.4,1.4,2.6,1.0,1.2,0.2,0.5,1,42.333333333333336,54.5,1.0,1.6,1.0,-12.166666666666664,A,0
3250,2012-08-20,2012/2013,Everton,Manchester United,1.8,2.0,2.4,1.8,1.2,1.2,0.75,1,52.666666666666664,48.5,-0.19999999999999996,0.5999999999999999,0.0,4.166666666666664,H,2
3469,2012-08-22,2012/2013,Chelsea,Reading,1.8,1.0,2.0,1.077605558524853,0.6,0.0,1.2806963396144682,0,54.5,50.0,0.8,0.591953097028285,0.6,4.5,H,2
3362,2012-08-25,2012/2013,Manchester United,Fulham,1.4,1.8,2.6,1.2,0.2,0.2,2.0,1,48.5,43.5,-0.40000000000000013,1.4000000000000001,0.0,5.0,H,2
3363,2012-08-25,2012/2013,Norwich City,Queens Park Rangers,0.8,1.2,1.4,0.0,-1.6,-1.8,3.0,1,53.0,52.666666666666664,-0.3999999999999999,1.4,0.19999999999999996,0.3333333333333357,D,1
3364,2012-08-25,2012/2013,Southampton,Wigan Athletic,0.0,1.8,1.6726973098164974,1.8,-1.0,0.6,1.2806963396144682,0,52.166666666666664,42.333333333333336,-1.8,0.591953097028285,-1.6,9.833333333333329,A,0
3367,2012-08-25,2012/2013,Swansea City,West Ham United,1.6,0.8,1.4,0.2,0.8,-0.8,1.2806963396144682,0,45.833333333333336,48.333333333333336,0.8,1.2,1.6,-2.5,H,2
3368,2012-08-25,2012/2013,Tottenham Hotspur,West Bromwich Albion,2.0,1.6,2.0,1.0,1.2,0.6,1.8333333333333333,1,48.5,45.166666666666664,0.3999999999999999,1.0,0.6,3.3333333333333357,D,1
3359,2012-08-25,2012/2013,Aston Villa,Everton,0.4,2.2,0.6,1.4,-0.8,1.4,1.5,1,53.0,52.666666666666664,-1.8000000000000003,-0.7999999999999999,-2.2,0.3333333333333357,A,0
3360,2012-08-25,2012/2013,Chelsea,Newcastle United,1.8,1.2,2.4,1.8,0.0,-1.0,1.5,1,54.5,51.666666666666664,0.6000000000000001,0.5999999999999999,1.0,2.8333333333333357,H,2
3365,2012-08-26,2012/2013,Stoke City,Arsenal,0.8,1.4,1.4,2.0,-0.2,0.2,0.875,1,58.833333333333336,40.333333333333336,-0.5999999999999999,-0.6000000000000001,-0.4,18.5,D,1
3361,2012-08-26,2012/2013,Liverpool,Manchester City,1.2,3.0,0.8,2.0,0.2,1.4,1.25,1,53.166666666666664,49.666666666666664,-1.8,-1.2,-1.2,3.5,D,1
3471,2012-09-01,2012/2013,Manchester City,Queens Park Rangers,2.6,0.8,2.6,0.2,1.0,-2.0,3.0,1,49.666666666666664,52.666666666666664,1.8,2.4,3.0,-3.0,H,2
3474,2012-09-01,2012/2013,Swansea City,Sunderland,2.0,0.6,2.0,0.6,1.4,-0.4,0.5,1,45.833333333333336,55.333333333333336,1.4,1.4,1.7999999999999998,-9.5,D,1
3475,2012-09-01,2012/2013,Tottenham Hotspur,Norwich City,1.6,1.0,2.0,0.8,0.8,-1.2,1.5,1,48.5,53.0,0.6000000000000001,1.2,2.0,-4.5,D,1
3476,2012-09-01,2012/2013,West Bromwich Albion,Everton,1.2,2.2,2.0,1.4,0.4,1.0,1.0,1,45.166666666666664,52.666666666666664,-1.0000000000000002,0.6000000000000001,-0.6,-7.5,H,2
3477,2012-09-01,2012/2013,West Ham United,Fulham,0.8,1.8,0.8,1.2,-1.2,0.8,1.8333333333333333,1,48.333333333333336,43.5,-1.0,-0.3999999999999999,-2.0,4.833333333333336,H,2
3478,2012-09-01,2012/2013,Wigan Athletic,Stoke City,2.4,0.8,2.4,0.4,1.2,-0.2,1.375,1,42.333333333333336,58.833333333333336,1.5999999999999999,2.0,1.4,-16.5,D,1
3470,2012-09-02,2012/2013,Liverpool,Arsenal,0.8,1.4,1.0,1.6,-0.4,0.2,0.875,1,53.166666666666664,40.333333333333336,-0.5999999999999999,-0.6000000000000001,-0.6000000000000001,12.833333333333329,A,0
3472,2012-09-02,2012/2013,Newcastle United,Aston Villa,1.2,0.4,2.4,0.4,-0.6,-1.0,1.6666666666666667,1,51.666666666666664,53.0,0.7999999999999999,2.0,0.4,-1.3333333333333357,D,1
3473,2012-09-02,2012/2013,Southampton,Manchester United,0.0,1.8,0.0,1.2,-1.5,0.4,1.2806963396144682,0,52.166666666666664,48.5,-1.8,-1.2,-1.9,3.6666666666666643,A,0
3577,2012-09-15,2012/2013,Stoke City,Manchester City,0.8,2.6,1.4,2.0,-0.2,1.2,0.75,1,58.833333333333336,49.666666666666664,-1.8,-0.6000000000000001,-1.4,9.166666666666671,D,1
3574,2012-09-15,2012/2013,Norwich City,West Ham United,1.2,1.2,1.0,0.0,-0.6,-0.6,1.2806963396144682,0,53.0,48.333333333333336,0.0,1.0,0.0,4.666666666666664,D,1
3575,2012-09-15,2012/2013,Queens Park Rangers,Chelsea,0.8,2.4,2.4,1.6,-1.4,0.8,1.5,1,52.666666666666664,54.5,-1.5999999999999999,0.7999999999999998,-2.2,-1.8333333333333357,D,1
3578,2012-09-15,2012/2013,Sunderland,Liverpool,0.6,0.8,1.2,1.2,-0.4,-0.6,1.0,1,55.333333333333336,53.166666666666664,-0.20000000000000007,0.0,0.19999999999999996,2.1666666666666714,D,1
3573,2012-09-15,2012/2013,Manchester United,Wigan Athletic,2.4,2.0,2.6,1.8,0.8,0.4,2.625,1,48.5,42.333333333333336,0.3999999999999999,0.8,0.4,6.166666666666664,H,2
3572,2012-09-15,2012/2013,Fulham,West Bromwich Albion,1.2,1.6,2.6,1.0,0.0,0.8,1.3333333333333333,1,43.5,45.166666666666664,-0.40000000000000013,1.6,-0.8,-1.6666666666666643,H,2
3570,2012-09-15,2012/2013,Aston Villa,Swansea City,0.4,2.0,0.6,0.8,-1.0,1.4,0.5,1,53.0,45.833333333333336,-1.6,-0.20000000000000007,-2.4,7.166666666666664,H,2
3569,2012-09-15,2012/2013,Arsenal,Southampton,1.8,0.0,1.2,0.0,0.6,-1.3333333333333333,1.2806963396144682,0,40.333333333333336,52.166666666666664,1.8,1.2,1.9333333333333331,-11.833333333333329,H,2
3576,2012-09-16,2012/2013,Reading,Tottenham Hotspur,0.5,1.2,1.0,1.0,-1.0,0.2,1.2806963396144682,0,50.0,48.5,-0.7,0.0,-1.2,1.5,A,0
3571,2012-09-17,2012/2013,Everton,Newcastle United,2.0,0.8,3.0,1.2,0.6,-1.0,1.3333333333333333,1,52.666666666666664,51.666666666666664,1.2,1.8,1.6,1.0,D,1
3587,2012-09-22,2012/2013,West Ham United,Sunderland,1.4,0.6,1.4,0.6,-0.4,-0.4,1.6666666666666667,1,48.333333333333336,55.333333333333336,0.7999999999999999,0.7999999999999999,0.0,-7.0,D,1
3588,2012-09-22,2012/2013,Wigan Athletic,Fulham,1.4,1.2,2.0,0.6,-0.6,0.4,0.375,1,42.333333333333336,43.5,0.19999999999999996,1.4,-1.0,-1.1666666666666643,A,0
3586,2012-09-22,2012/2013,West Bromwich Albion,Reading,1.4,0.3333333333333333,2.0,0.0,0.2,-1.3333333333333333,1.2806963396144682,0,45.166666666666664,50.0,1.0666666666666667,2.0,1.5333333333333332,-4.833333333333336,H,2
3583,2012-09-22,2012/2013,Southampton,Aston Villa,0.0,0.8,0.0,0.4,-2.25,-0.6,1.2806963396144682,0,52.166666666666664,53.0,-0.8,-0.4,-1.65,-0.8333333333333357,H,2
3579,2012-09-22,2012/2013,Chelsea,Stoke City,2.6,1.0,2.4,0.6,1.4,0.0,2.5,1,54.5,58.833333333333336,1.6,1.7999999999999998,1.4,-4.333333333333336,H,2
3584,2012-09-22,2012/2013,Swansea City,Everton,2.0,2.0,2.2,1.2,1.4,0.6,0.0,1,45.833333333333336,52.666666666666664,0.0,1.0000000000000002,0.7999999999999999,-6.833333333333329,A,0
3580,2012-09-23,2012/2013,Liverpool,Manchester United,0.4,2.4,0.8,1.2,-1.2,1.2,1.625,1,53.166666666666664,48.5,-2.0,-0.3999999999999999,-2.4,4.666666666666664,A,0
3581,2012-09-23,2012/2013,Manchester City,Arsenal,2.2,2.2,3.0,2.2,0.8,1.6,1.375,1,49.666666666666664,40.333333333333336,0.0,0.7999999999999998,-0.8,9.333333333333329,D,1
3582,2012-09-23,2012/2013,Newcastle United,Norwich City,1.0,1.2,2.0,1.0,-0.6,-0.6,1.5,1,51.666666666666664,53.0,-0.19999999999999996,1.0,0.0,-1.3333333333333357,H,2
3585,2012-09-23,2012/2013,Tottenham Hotspur,Queens Park Rangers,1.6,0.4,1.6,0.2,0.6,-1.6,1.5,1,48.5,52.666666666666664,1.2000000000000002,1.4000000000000001,2.2,-4.166666666666664,H,2
3593,2012-09-29,2012/2013,Manchester United,Tottenham Hotspur,2.4,1.6,2.6,1.4,1.2,0.4,2.5,1,48.5,48.5,0.7999999999999998,1.2000000000000002,0.7999999999999999,0.0,A,0
3589,2012-09-29,2012/2013,Arsenal,Chelsea,1.8,2.6,1.2,1.2,1.4,1.4,1.25,1,40.333333333333336,54.5,-0.8,0.0,0.0,-14.166666666666664,A,0
3591,2012-09-29,2012/2013,Everton,Southampton,2.0,0.6,2.6,0.0,0.8,-1.2,1.2806963396144682,0,52.666666666666664,52.166666666666664,1.4,2.6,2.0,0.5,H,2
3592,2012-09-29,2012/2013,Fulham,Manchester City,1.8,1.8,2.6,2.2,1.0,0.6,0.875,1,43.5,49.666666666666664,0.0,0.3999999999999999,0.4,-6.166666666666664,A,0
3594,2012-09-29,2012/2013,Norwich City,Liverpool,0.6,0.4,1.0,1.4,-1.2,-1.2,0.5,1,53.0,53.166666666666664,0.19999999999999996,-0.3999999999999999,0.0,-0.1666666666666643,A,0
3596,2012-09-29,2012/2013,Reading,Newcastle United,0.25,1.6,0.5,0.8,-1.25,0.0,1.2806963396144682,0,50.0,51.666666666666664,-1.35,-0.30000000000000004,-1.25,-1.6666666666666643,D,1
3597,2012-09-29,2012/2013,Stoke City,Swansea City,0.8,1.4,1.0,0.8,-0.2,0.6,1.5,1,58.833333333333336,45.833333333333336,-0.5999999999999999,0.19999999999999996,-0.8,13.0,H,2
3598,2012-09-29,2012/2013,Sunderland,Wigan Athletic,0.8,0.8,0.8,1.8,-0.2,-1.0,1.125,1,55.333333333333336,42.333333333333336,0.0,-1.0,0.8,13.0,H,2
3590,2012-09-30,2012/2013,Aston Villa,West Bromwich Albion,0.8,2.0,1.0,1.0,-0.8,0.6,1.6666666666666667,1,53.0,45.166666666666664,-1.2,0.0,-1.4,7.833333333333336,D,1
3595,2012-10-01,2012/2013,Queens Park Rangers,West Ham United,0.4,1.6,2.0,0.2,-1.6,0.2,1.2806963396144682,0,52.666666666666664,48.333333333333336,-1.2000000000000002,1.8,-1.8,4.333333333333329,A,0
3608,2012-10-06,2012/2013,Wigan Athletic,Everton,0.8,2.0,1.4,1.6,-0.8,1.0,0.75,1,42.333333333333336,52.666666666666664,-1.2,-0.20000000000000018,-1.8,-10.333333333333329,D,1
3607,2012-10-06,2012/2013,West Ham United,Arsenal,1.6,1.6,1.6,1.8,0.2,1.2,0.3333333333333333,1,48.333333333333336,40.333333333333336,0.0,-0.19999999999999996,-1.0,8.0,A,0
3606,2012-10-06,2012/2013,West Bromwich Albion,Queens Park Rangers,1.6,0.4,2.0,0.2,0.0,-0.8,2.0,1,45.166666666666664,52.666666666666664,1.2000000000000002,1.8,0.8,-7.5,H,2
3604,2012-10-06,2012/2013,Swansea City,Reading,0.8,0.4,1.6,0.0,-0.8,-1.0,1.2806963396144682,0,45.833333333333336,50.0,0.4,1.6,0.19999999999999996,-4.166666666666664,D,1
3601,2012-10-06,2012/2013,Manchester City,Sunderland,1.8,1.4,2.6,0.8,0.6,0.2,1.75,1,49.666666666666664,55.333333333333336,0.40000000000000013,1.8,0.39999999999999997,-5.666666666666671,H,2
3599,2012-10-06,2012/2013,Chelsea,Norwich City,2.6,0.6,2.4,0.4,1.2,-0.8,2.0,1,54.5,53.0,2.0,2.0,2.0,1.5,H,2
3600,2012-10-07,2012/2013,Liverpool,Stoke City,1.0,1.2,0.8,0.4,0.0,0.2,1.25,1,53.166666666666664,58.833333333333336,-0.19999999999999996,0.4,-0.2,-5.666666666666671,D,1
3602,2012-10-07,2012/2013,Newcastle United,Manchester United,1.2,2.4,2.0,1.8,-0.2,1.2,1.0,1,51.666666666666664,48.5,-1.2,0.19999999999999996,-1.4,3.1666666666666643,A,0
3603,2012-10-07,2012/2013,Southampton,Fulham,0.6,1.2,1.0,1.2,-1.4,-0.2,1.2806963396144682,0,52.166666666666664,43.5,-0.6,-0.19999999999999996,-1.2,8.666666666666664,D,1
3605,2012-10-07,2012/2013,Tottenham Hotspur,Aston Villa,2.2,1.0,2.2,0.4,0.8,-0.6,1.875,1,48.5,53.0,1.2000000000000002,1.8000000000000003,1.4,-4.5,H,2
3616,2012-10-20,2012/2013,Tottenham Hotspur,Chelsea,2.6,2.6,2.2,1.6,1.2,1.4,1.25,1,48.5,54.5,0.0,0.6000000000000001,-0.19999999999999996,-6.0,A,0
3615,2012-10-20,2012/2013,Swansea City,Wigan Athletic,0.4,0.4,1.6,1.2,-1.4,-1.2,2.0,1,45.833333333333336,42.333333333333336,0.0,0.40000000000000013,-0.19999999999999996,3.5,H,2
3618,2012-10-20,2012/2013,West Ham United,Southampton,1.6,0.8,1.4,0.0,0.4,-1.0,1.2806963396144682,0,48.333333333333336,52.166666666666664,0.8,1.4,1.4,-3.8333333333333286,H,2
3617,2012-10-20,2012/2013,West Bromwich Albion,Manchester City,2.0,2.2,2.4,2.2,0.2,1.2,0.6666666666666666,1,45.166666666666664,49.666666666666664,-0.20000000000000018,0.19999999999999973,-1.0,-4.5,A,0
3609,2012-10-20,2012/2013,Fulham,Aston Villa,1.4,1.0,2.4,0.2,0.0,-0.6,0.875,1,43.5,53.0,0.3999999999999999,2.1999999999999997,0.6,-9.5,H,2
3612,2012-10-20,2012/2013,Norwich City,Arsenal,0.4,2.0,1.0,2.2,-1.4,1.6,0.5,1,53.0,40.333333333333336,-1.6,-1.2000000000000002,-3.0,12.666666666666664,H,2
3611,2012-10-20,2012/2013,Manchester United,Stoke City,2.4,1.2,2.0,0.6,1.6,0.2,2.75,1,48.5,58.833333333333336,1.2,1.4,1.4000000000000001,-10.333333333333336,H,2
3610,2012-10-20,2012/2013,Liverpool,Reading,1.0,0.4,1.0,0.3333333333333333,0.0,-1.0,1.2806963396144682,0,53.166666666666664,50.0,0.6,0.6666666666666667,1.0,3.1666666666666643,H,2
3613,2012-10-21,2012/2013,Queens Park Rangers,Everton,0.2,1.6,1.4,1.6,-1.0,0.6,2.0,1,52.666666666666664,52.666666666666664,-1.4000000000000001,-0.20000000000000018,-1.6,0.0,D,1
3614,2012-10-21,2012/2013,Sunderland,Newcastle United,1.2,1.2,1.2,1.0,-0.4,-0.4,1.0,1,55.333333333333336,51.666666666666664,0.0,0.19999999999999996,0.0,3.6666666666666714,D,1
3627,2012-10-27,2012/2013,Stoke City,Sunderland,1.0,1.2,1.4,0.6,-0.2,-0.4,1.25,1,58.833333333333336,55.333333333333336,-0.19999999999999996,0.7999999999999999,0.2,3.5,D,1
3625,2012-10-27,2012/2013,Reading,Fulham,0.4,2.0,0.6666666666666666,0.8,-0.8,0.8,1.2806963396144682,0,50.0,43.5,-1.6,-0.13333333333333341,-1.6,6.5,D,1
3628,2012-10-27,2012/2013,Wigan Athletic,West Ham United,0.2,1.6,1.0,0.8,-1.4,0.4,1.0,1,42.333333333333336,48.333333333333336,-1.4000000000000001,0.19999999999999996,-1.7999999999999998,-6.0,H,2
3620,2012-10-27,2012/2013,Aston Villa,Norwich City,0.8,0.8,1.0,0.4,-0.8,-1.2,1.5,1,53.0,53.0,0.0,0.6,0.3999999999999999,0.0,D,1
3619,2012-10-27,2012/2013,Arsenal,Queens Park Rangers,1.4,0.4,1.2,0.2,1.0,-0.6,1.5,1,40.333333333333336,52.666666666666664,0.9999999999999999,1.0,1.6,-12.333333333333329,H,2
3623,2012-10-27,2012/2013,Manchester City,Swansea City,2.2,0.8,2.6,0.8,1.0,-1.2,1.5,1,49.666666666666664,45.833333333333336,1.4000000000000001,1.8,2.2,3.8333333333333286,H,2
3624,2012-10-28,2012/2013,Newcastle United,West Bromwich Albion,1.2,1.4,1.4,1.2,-0.4,-0.4,1.6666666666666667,1,51.666666666666664,45.166666666666664,-0.19999999999999996,0.19999999999999996,0.0,6.5,H,2
3626,2012-10-28,2012/2013,Southampton,Tottenham Hotspur,0.8,2.4,1.0,2.0,-1.4,0.8,1.2806963396144682,0,52.166666666666664,48.5,-1.5999999999999999,-1.0,-2.2,3.6666666666666643,A,0
3621,2012-10-28,2012/2013,Chelsea,Manchester United,2.6,2.4,3.0,2.4,1.4,1.8,1.375,1,54.5,48.5,0.20000000000000018,0.6000000000000001,-0.40000000000000013,6.0,A,0
3622,2012-10-28,2012/2013,Everton,Liverpool,1.8,1.6,2.6,1.4,1.0,0.6,0.625,1,52.666666666666664,53.166666666666664,0.19999999999999996,1.2000000000000002,0.4,-0.5,D,1
3259,2012-11-03,2012/2013,Fulham,Everton,1.6,1.8,2.4,1.6,0.2,1.0,0.5,1,43.5,52.666666666666664,-0.19999999999999996,0.7999999999999998,-0.8,-9.166666666666664,D,1
3261,2012-11-03,2012/2013,Manchester United,Arsenal,2.4,1.4,2.4,1.6,1.2,0.2,2.0,1,48.5,40.333333333333336,1.0,0.7999999999999998,1.0,8.166666666666664,H,2
3262,2012-11-03,2012/2013,Norwich City,Stoke City,0.8,1.0,1.6,0.6,-1.2,-0.2,0.5,1,53.0,58.833333333333336,-0.19999999999999996,1.0,-1.0,-5.833333333333336,H,2
3264,2012-11-03,2012/2013,Sunderland,Aston Villa,1.2,0.4,1.2,0.2,-0.4,-1.2,1.125,1,55.333333333333336,53.0,0.7999999999999999,1.0,0.7999999999999999,2.3333333333333357,A,0
3265,2012-11-03,2012/2013,Swansea City,Chelsea,0.8,2.4,1.6,2.0,-1.0,1.2,0.5,1,45.833333333333336,54.5,-1.5999999999999999,-0.3999999999999999,-2.2,-8.666666666666664,D,1
3266,2012-11-03,2012/2013,Tottenham Hotspur,Wigan Athletic,2.4,0.8,1.6,1.2,0.6,-0.4,1.75,1,48.5,42.333333333333336,1.5999999999999999,0.40000000000000013,1.0,6.166666666666664,A,0
3268,2012-11-03,2012/2013,West Ham United,Manchester City,1.4,2.6,2.0,2.2,0.2,1.2,0.6666666666666666,1,48.333333333333336,49.666666666666664,-1.2000000000000002,-0.20000000000000018,-1.0,-1.3333333333333286,D,1
3260,2012-11-04,2012/2013,Liverpool,Newcastle United,1.6,1.6,1.0,0.6,0.6,-0.2,2.0,1,53.166666666666664,51.666666666666664,0.0,0.4,0.8,1.5,D,1
3263,2012-11-04,2012/2013,Queens Park Rangers,Reading,0.2,0.6,1.0,0.25,-0.8,-0.4,1.2806963396144682,0,52.666666666666664,50.0,-0.39999999999999997,0.75,-0.4,2.6666666666666643,D,1
3267,2012-11-05,2012/2013,West Bromwich Albion,Southampton,1.4,0.8,2.4,0.0,0.0,-0.6,1.2806963396144682,0,45.166666666666664,52.166666666666664,0.5999999999999999,2.4,0.6,-7.0,H,2
3269,2012-11-10,2012/2013,Arsenal,Fulham,1.2,1.2,1.6,1.0,0.0,0.0,1.5,1,40.333333333333336,43.5,0.0,0.6000000000000001,0.0,-3.1666666666666643,D,1
3270,2012-11-10,2012/2013,Aston Villa,Manchester United,1.0,2.4,1.2,2.4,-0.4,1.2,0.75,1,53.0,48.5,-1.4,-1.2,-1.6,4.5,A,0
3276,2012-11-10,2012/2013,Southampton,Swansea City,0.2,1.0,0.8,0.6,-1.6,-0.4,1.2806963396144682,0,52.166666666666664,45.833333333333336,-0.8,0.20000000000000007,-1.2000000000000002,6.333333333333329,D,1
3275,2012-11-10,2012/2013,Reading,Norwich City,0.8,1.4,0.75,0.4,-0.2,-0.8,1.2806963396144682,0,50.0,53.0,-0.5999999999999999,0.35,0.6000000000000001,-3.0,D,1
3272,2012-11-10,2012/2013,Everton,Sunderland,1.4,1.0,2.2,0.8,0.4,-0.6,2.25,1,52.666666666666664,55.333333333333336,0.3999999999999999,1.4000000000000001,1.0,-2.6666666666666714,H,2
3277,2012-11-10,2012/2013,Stoke City,Queens Park Rangers,1.0,0.4,1.4,0.2,-0.2,-0.6,0.0,1,58.833333333333336,52.666666666666664,0.6,1.2,0.39999999999999997,6.166666666666671,H,2
3278,2012-11-10,2012/2013,Wigan Athletic,West Bromwich Albion,1.4,1.4,1.0,0.6,0.0,0.2,1.8333333333333333,1,42.333333333333336,45.166666666666664,0.0,0.4,-0.2,-2.8333333333333286,A,0
3271,2012-11-11,2012/2013,Chelsea,Liverpool,2.0,1.8,2.4,1.0,1.0,0.8,0.75,1,54.5,53.166666666666664,0.19999999999999996,1.4,0.19999999999999996,1.3333333333333357,D,1
3273,2012-11-11,2012/2013,Manchester City,Tottenham Hotspur,2.6,1.8,2.6,2.0,1.2,0.2,1.25,1,49.666666666666664,48.5,0.8,0.6000000000000001,1.0,1.1666666666666643,H,2
3274,2012-11-11,2012/2013,Newcastle United,West Ham United,1.2,1.4,2.0,0.8,-0.4,0.2,1.75,1,51.666666666666664,48.333333333333336,-0.19999999999999996,1.2,-0.6000000000000001,3.3333333333333286,A,0
3285,2012-11-17,2012/2013,Queens Park Rangers,Southampton,0.4,0.4,0.6,0.0,-0.6,-1.2,1.2806963396144682,0,52.666666666666664,52.166666666666664,0.0,0.6,0.6,0.5,A,0
3287,2012-11-17,2012/2013,West Bromwich Albion,Chelsea,1.8,1.6,2.4,2.2,0.4,0.8,0.5,1,45.166666666666664,54.5,0.19999999999999996,0.19999999999999973,-0.4,-9.333333333333336,H,2
3286,2012-11-17,2012/2013,Reading,Everton,0.8,1.4,0.8,1.2,-0.2,0.2,1.2806963396144682,0,50.0,52.666666666666664,-0.5999999999999999,-0.3999999999999999,-0.4,-2.6666666666666643,H,2
3284,2012-11-17,2012/2013,Norwich City,Manchester United,1.6,3.0,1.6,3.0,-0.2,1.6,0.0,1,53.0,48.5,-1.4,-1.4,-1.8,4.5,H,2
3282,2012-11-17,2012/2013,Manchester City,Aston Villa,2.6,0.8,2.6,0.8,1.2,-0.6,2.0,1,49.666666666666664,53.0,1.8,1.8,1.7999999999999998,-3.3333333333333357,H,2
3281,2012-11-17,2012/2013,Liverpool,Wigan Athletic,1.4,1.4,1.0,1.2,0.2,0.0,1.25,1,53.166666666666664,42.333333333333336,0.0,-0.19999999999999996,0.2,10.833333333333329,H,2
3283,2012-11-17,2012/2013,Newcastle United,Swansea City,1.0,1.2,1.4,0.8,-0.6,0.0,2.0,1,51.666666666666664,45.833333333333336,-0.19999999999999996,0.5999999999999999,-0.6,5.833333333333329,A,0
3279,2012-11-17,2012/2013,Arsenal,Tottenham Hotspur,1.4,1.2,1.6,1.8,0.2,-0.2,1.125,1,40.333333333333336,48.5,0.19999999999999996,-0.19999999999999996,0.4,-8.166666666666664,H,2
3280,2012-11-18,2012/2013,Fulham,Sunderland,1.4,0.4,2.0,0.6,0.2,-1.0,1.625,1,43.5,55.333333333333336,0.9999999999999999,1.4,1.2,-11.833333333333336,A,0
3288,2012-11-19,2012/2013,West Ham United,Stoke City,1.4,1.0,1.6,0.4,0.2,-0.4,1.6666666666666667,1,48.333333333333336,58.833333333333336,0.3999999999999999,1.2000000000000002,0.6000000000000001,-10.5,D,1
3295,2012-11-24,2012/2013,Sunderland,West Bromwich Albion,1.0,1.8,1.0,1.0,0.0,0.4,0.6666666666666666,1,55.333333333333336,45.166666666666664,-0.8,0.0,-0.4,10.166666666666671,A,0
3294,2012-11-24,2012/2013,Stoke City,Fulham,1.0,1.2,1.8,1.2,-0.4,-0.2,1.25,1,58.833333333333336,43.5,-0.19999999999999996,0.6000000000000001,-0.2,15.333333333333336,H,2
3298,2012-11-24,2012/2013,Wigan Athletic,Reading,1.2,1.2,1.0,0.4,-0.6,0.0,1.2806963396144682,0,42.333333333333336,50.0,0.0,0.6,-0.6,-7.666666666666664,H,2
3291,2012-11-24,2012/2013,Everton,Norwich City,1.2,2.2,2.2,0.6,0.0,0.6,1.0,1,52.666666666666664,53.0,-1.0000000000000002,1.6,-0.6,-0.3333333333333357,D,1
3289,2012-11-24,2012/2013,Aston Villa,Arsenal,0.8,1.4,1.0,1.4,-1.2,0.4,1.0,1,53.0,40.333333333333336,-0.5999999999999999,-0.3999999999999999,-1.6,12.666666666666664,D,1
3292,2012-11-24,2012/2013,Manchester United,Queens Park Rangers,2.4,0.4,2.4,0.0,0.8,-0.8,3.0,1,48.5,52.666666666666664,2.0,2.4,1.6,-4.166666666666664,H,2
3290,2012-11-25,2012/2013,Chelsea,Manchester City,1.0,2.6,2.0,1.8,0.0,1.6,1.5,1,54.5,49.666666666666664,-1.6,0.19999999999999996,-1.6,4.833333333333336,D,1
3293,2012-11-25,2012/2013,Southampton,Newcastle United,0.8,1.0,1.0,0.8,-0.8,-0.2,1.2806963396144682,0,52.166666666666664,51.666666666666664,-0.19999999999999996,0.19999999999999996,-0.6000000000000001,0.5,H,2
3296,2012-11-25,2012/2013,Swansea City,Liverpool,1.6,1.8,1.2,1.2,0.2,0.8,2.0,1,45.833333333333336,53.166666666666664,-0.19999999999999996,0.0,-0.6000000000000001,-7.333333333333329,D,1
3297,2012-11-25,2012/2013,Tottenham Hotspur,West Ham United,0.6,1.6,1.4,1.4,-1.2,0.6,2.1666666666666665,1,48.5,48.333333333333336,-1.0,0.0,-1.7999999999999998,0.1666666666666643,H,2
3299,2012-11-27,2012/2013,Aston Villa,Reading,1.0,1.2,1.2,0.4,-1.0,0.0,1.2806963396144682,0,53.0,50.0,-0.19999999999999996,0.7999999999999999,-1.0,3.0,H,2
3303,2012-11-27,2012/2013,Sunderland,Queens Park Rangers,0.8,0.2,1.0,0.0,-0.4,-1.2,3.0,1,55.333333333333336,52.666666666666664,0.6000000000000001,1.0,0.7999999999999999,2.6666666666666714,D,1
3306,2012-11-28,2012/2013,Wigan Athletic,Manchester City,1.8,2.2,1.4,1.8,-0.2,1.4,0.5,1,42.333333333333336,49.666666666666664,-0.40000000000000013,-0.40000000000000013,-1.5999999999999999,-7.333333333333329,A,0
3308,2012-11-28,2012/2013,Everton,Arsenal,1.2,1.6,1.8,1.0,0.0,0.6,0.25,1,52.666666666666664,40.333333333333336,-0.40000000000000013,0.8,-0.6,12.333333333333329,D,1
3305,2012-11-28,2012/2013,Tottenham Hotspur,Liverpool,1.2,1.4,1.8,1.4,-0.4,0.6,2.0,1,48.5,53.166666666666664,-0.19999999999999996,0.40000000000000013,-1.0,-4.666666666666664,H,2
3307,2012-11-28,2012/2013,Chelsea,Fulham,0.6,0.6,1.6,1.2,-0.4,-0.6,2.0,1,54.5,43.5,0.0,0.40000000000000013,0.19999999999999996,11.0,D,1
3301,2012-11-28,2012/2013,Southampton,Norwich City,1.4,1.8,1.6,0.6,0.2,0.4,1.2806963396144682,0,52.166666666666664,53.0,-0.40000000000000013,1.0,-0.2,-0.8333333333333357,D,1
3304,2012-11-28,2012/2013,Swansea City,West Bromwich Albion,1.2,2.4,1.2,1.4,0.0,1.0,3.0,1,45.833333333333336,45.166666666666664,-1.2,-0.19999999999999996,-1.0,0.6666666666666714,H,2
3302,2012-11-28,2012/2013,Stoke City,Newcastle United,1.6,0.8,2.2,0.8,0.2,-0.6,1.3333333333333333,1,58.833333333333336,51.666666666666664,0.8,1.4000000000000001,0.8,7.166666666666671,H,2
3300,2012-11-28,2012/2013,Manchester United,West Ham United,2.4,1.0,2.4,1.4,0.8,-0.4,3.0,1,48.5,48.333333333333336,1.4,1.0,1.2000000000000002,0.1666666666666643,H,2
3309,2012-12-01,2012/2013,Arsenal,Swansea City,1.2,1.8,2.0,0.8,0.4,0.6,1.5,1,40.333333333333336,45.833333333333336,-0.6000000000000001,1.2,-0.19999999999999996,-5.5,A,0
3310,2012-12-01,2012/2013,Fulham,Tottenham Hotspur,0.6,1.2,1.4,1.8,-0.6,-0.4,0.625,1,43.5,48.5,-0.6,-0.40000000000000013,-0.19999999999999996,-5.0,A,0
3311,2012-12-01,2012/2013,Liverpool,Southampton,1.2,1.6,1.6,0.6,0.4,0.4,1.2806963396144682,0,53.166666666666664,52.166666666666664,-0.40000000000000013,1.0,0.0,1.0,H,2
3312,2012-12-01,2012/2013,Manchester City,Everton,2.2,1.2,2.6,1.2,1.6,0.0,0.75,1,49.666666666666664,52.666666666666664,1.0000000000000002,1.4000000000000001,1.6,-3.0,D,1
3315,2012-12-01,2012/2013,Queens Park Rangers,Aston Villa,0.4,1.4,0.6,0.6,-1.0,-0.8,1.0,1,52.666666666666664,53.0,-0.9999999999999999,0.0,-0.19999999999999996,-0.3333333333333357,D,1
3316,2012-12-01,2012/2013,Reading,Manchester United,1.0,2.4,1.2,2.4,-0.2,0.8,1.2806963396144682,0,50.0,48.5,-1.4,-1.2,-1.0,1.5,A,0
3317,2012-12-01,2012/2013,West Bromwich Albion,Stoke City,2.4,2.0,2.4,0.4,0.8,0.4,0.6666666666666666,1,45.166666666666664,58.833333333333336,0.3999999999999999,2.0,0.4,-13.666666666666671,A,0
3318,2012-12-01,2012/2013,West Ham United,Chelsea,1.0,0.8,1.2,1.6,-0.4,-0.2,0.3333333333333333,1,48.333333333333336,54.5,0.19999999999999996,-0.40000000000000013,-0.2,-6.166666666666664,H,2
3314,2012-12-02,2012/2013,Norwich City,Sunderland,1.8,0.8,2.0,1.0,0.4,-0.4,1.5,1,53.0,55.333333333333336,1.0,1.0,0.8,-2.3333333333333357,H,2
3313,2012-12-03,2012/2013,Newcastle United,Wigan Athletic,0.2,1.2,1.2,0.6,-1.0,-0.8,1.3333333333333333,1,51.666666666666664,42.333333333333336,-1.0,0.6,-0.19999999999999996,9.333333333333329,H,2
3319,2012-12-08,2012/2013,Arsenal,West Bromwich Albion,1.2,1.8,1.4,1.4,0.2,0.2,2.1666666666666665,1,40.333333333333336,45.166666666666664,-0.6000000000000001,0.0,0.0,-4.833333333333329,H,2
3320,2012-12-08,2012/2013,Aston Villa,Stoke City,1.0,2.6,1.2,1.0,-1.0,0.8,1.0,1,53.0,58.833333333333336,-1.6,0.19999999999999996,-1.8,-5.833333333333336,D,1
3324,2012-12-08,2012/2013,Southampton,Reading,1.6,0.8,1.2,0.4,0.6,-0.4,1.2806963396144682,0,52.166666666666664,50.0,0.8,0.7999999999999999,1.0,2.1666666666666643,H,2
3325,2012-12-08,2012/2013,Sunderland,Chelsea,0.8,0.6,1.0,1.4,-0.4,-0.6,0.375,1,55.333333333333336,54.5,0.20000000000000007,-0.3999999999999999,0.19999999999999996,0.8333333333333357,A,0
3326,2012-12-08,2012/2013,Swansea City,Norwich City,2.2,1.8,1.8,0.8,1.0,0.4,0.0,1,45.833333333333336,53.0,0.40000000000000013,1.0,0.6,-7.166666666666664,A,0
3328,2012-12-08,2012/2013,Wigan Athletic,Queens Park Rangers,0.6,0.4,1.4,0.2,-1.6,-1.0,1.5,1,42.333333333333336,52.666666666666664,0.19999999999999996,1.2,-0.6000000000000001,-10.333333333333329,D,1
3321,2012-12-09,2012/2013,Everton,Tottenham Hotspur,1.2,1.8,1.8,1.8,0.0,0.4,1.5,1,52.666666666666664,48.5,-0.6000000000000001,0.0,-0.4,4.166666666666664,H,2
3323,2012-12-09,2012/2013,Manchester City,Manchester United,2.2,2.4,2.6,2.4,1.6,0.8,0.875,1,49.666666666666664,48.5,-0.19999999999999973,0.20000000000000018,0.8,1.1666666666666643,A,0
3327,2012-12-09,2012/2013,West Ham United,Liverpool,1.4,1.6,1.6,1.2,0.0,0.6,0.6666666666666666,1,48.333333333333336,53.166666666666664,-0.20000000000000018,0.40000000000000013,-0.6,-4.833333333333329,A,0
3322,2012-12-10,2012/2013,Fulham,Newcastle United,0.4,0.6,0.8,0.6,-1.2,-0.4,2.1666666666666665,1,43.5,51.666666666666664,-0.19999999999999996,0.20000000000000007,-0.7999999999999999,-8.166666666666664,H,2
3366,2012-12-11,2012/2013,Sunderland,Reading,0.8,0.6,0.4,0.2,-0.6,-0.6,1.2806963396144682,0,55.333333333333336,50.0,0.20000000000000007,0.2,0.0,5.333333333333336,H,2
3330,2012-12-15,2012/2013,Liverpool,Aston Villa,2.0,1.2,2.2,0.8,0.8,-0.8,1.75,1,53.166666666666664,53.0,0.8,1.4000000000000001,1.6,0.1666666666666643,A,0
3331,2012-12-15,2012/2013,Manchester United,Sunderland,2.4,0.8,2.4,0.8,0.8,-0.4,2.5,1,48.5,55.333333333333336,1.5999999999999999,1.5999999999999999,1.2000000000000002,-6.833333333333336,H,2
3332,2012-12-15,2012/2013,Newcastle United,Manchester City,0.6,1.6,1.2,2.2,-0.4,1.2,0.16666666666666666,1,51.666666666666664,49.666666666666664,-1.0,-1.0000000000000002,-1.6,2.0,A,0
3333,2012-12-15,2012/2013,Norwich City,Wigan Athletic,2.2,0.8,2.4,0.6,0.6,-1.4,1.0,1,53.0,42.333333333333336,1.4000000000000001,1.7999999999999998,2.0,10.666666666666664,H,2
3334,2012-12-15,2012/2013,Queens Park Rangers,Fulham,0.6,0.8,0.6,0.8,-0.8,-1.0,0.0,1,52.666666666666664,43.5,-0.20000000000000007,-0.20000000000000007,0.19999999999999996,9.166666666666664,H,2
3336,2012-12-15,2012/2013,Stoke City,Everton,2.2,1.2,2.6,0.8,0.6,0.0,1.125,1,58.833333333333336,52.666666666666664,1.0000000000000002,1.8,0.6,6.166666666666671,D,1
3337,2012-12-16,2012/2013,Tottenham Hotspur,Swansea City,1.8,2.0,1.8,1.4,0.4,0.8,2.0,1,48.5,45.833333333333336,-0.19999999999999996,0.40000000000000013,-0.4,2.6666666666666643,H,2
3338,2012-12-16,2012/2013,West Bromwich Albion,West Ham United,1.2,0.8,1.8,1.2,-0.4,-0.4,1.5,1,45.166666666666664,48.333333333333336,0.3999999999999999,0.6000000000000001,0.0,-3.1666666666666714,D,1
3335,2012-12-17,2012/2013,Reading,Arsenal,0.0,1.6,1.2,1.0,-1.4,0.6,1.2806963396144682,0,50.0,40.333333333333336,-1.6,0.19999999999999996,-2.0,9.666666666666664,A,0
3346,2012-12-22,2012/2013,West Bromwich Albion,Norwich City,0.8,2.2,1.4,1.4,-0.6,0.6,1.5,1,45.166666666666664,53.0,-1.4000000000000001,0.0,-1.2,-7.833333333333336,H,2
3345,2012-12-22,2012/2013,Tottenham Hotspur,Stoke City,2.4,2.2,1.8,1.0,1.2,0.6,1.625,1,48.5,58.833333333333336,0.19999999999999973,0.8,0.6,-10.333333333333336,D,1
3348,2012-12-22,2012/2013,Wigan Athletic,Arsenal,0.8,1.6,1.4,1.0,-1.0,0.6,0.875,1,42.333333333333336,40.333333333333336,-0.8,0.3999999999999999,-1.6,2.0,A,0
3347,2012-12-22,2012/2013,West Ham United,Everton,0.8,1.4,1.6,0.8,-0.4,0.2,0.5,1,48.333333333333336,52.666666666666664,-0.5999999999999999,0.8,-0.6000000000000001,-4.333333333333329,A,0
3340,2012-12-22,2012/2013,Liverpool,Fulham,1.4,0.8,2.0,0.6,-0.2,-0.8,1.375,1,53.166666666666664,43.5,0.5999999999999999,1.4,0.6000000000000001,9.666666666666664,H,2
3343,2012-12-22,2012/2013,Southampton,Sunderland,2.0,0.8,1.6,0.8,0.8,-0.4,1.2806963396144682,0,52.166666666666664,55.333333333333336,1.2,0.8,1.2000000000000002,-3.1666666666666714,A,0
3342,2012-12-22,2012/2013,Newcastle United,Queens Park Rangers,0.6,1.2,1.2,0.4,-0.6,-0.2,2.0,1,51.666666666666664,52.666666666666664,-0.6,0.7999999999999999,-0.39999999999999997,-1.0,H,2
3341,2012-12-22,2012/2013,Manchester City,Reading,1.6,0.0,2.0,0.2,0.6,-1.8,1.2806963396144682,0,49.666666666666664,50.0,1.6,1.8,2.4,-0.3333333333333357,H,2
3339,2012-12-23,2012/2013,Chelsea,Aston Villa,1.0,1.8,1.2,1.4,-0.2,0.6,1.75,1,54.5,53.0,-0.8,-0.19999999999999996,-0.8,1.5,H,2
3344,2012-12-23,2012/2013,Swansea City,Manchester United,1.4,3.0,1.6,2.4,0.4,1.4,0.0,1,45.833333333333336,48.5,-1.6,-0.7999999999999998,-0.9999999999999999,-2.6666666666666643,D,1
3358,2012-12-26,2012/2013,Sunderland,Manchester City,1.2,2.0,0.8,2.2,-0.2,0.8,0.8888888888888888,1,55.333333333333336,49.666666666666664,-0.8,-1.4000000000000001,-1.0,5.666666666666671,H,2
3357,2012-12-26,2012/2013,Stoke City,Liverpool,1.8,1.8,2.2,1.2,0.4,0.6,1.2222222222222223,1,58.833333333333336,53.166666666666664,0.0,1.0000000000000002,-0.19999999999999996,5.666666666666671,H,2
3356,2012-12-26,2012/2013,Reading,Swansea City,0.0,1.4,1.0,1.4,-1.8,0.4,1.0,1,50.0,45.833333333333336,-1.4,-0.3999999999999999,-2.2,4.166666666666664,D,1
3355,2012-12-26,2012/2013,Queens Park Rangers,West Bromwich Albion,1.2,0.8,1.2,1.2,0.0,-0.8,0.3333333333333333,1,52.666666666666664,45.166666666666664,0.3999999999999999,0.0,0.8,7.5,A,0
3353,2012-12-26,2012/2013,Manchester United,Newcastle United,2.6,1.2,3.0,0.4,1.0,0.0,1.7142857142857142,1,48.5,51.666666666666664,1.4000000000000001,2.6,1.0,-3.1666666666666643,H,2
3354,2012-12-26,2012/2013,Norwich City,Chelsea,2.0,1.6,3.0,1.4,0.4,1.6,0.3333333333333333,1,53.0,54.5,0.3999999999999999,1.6,-1.2000000000000002,-1.5,A,0
3350,2012-12-26,2012/2013,Aston Villa,Tottenham Hotspur,1.6,2.0,1.2,1.2,-1.0,0.8,0.6666666666666666,1,53.0,48.5,-0.3999999999999999,0.0,-1.8,4.5,A,0
3352,2012-12-26,2012/2013,Fulham,Southampton,0.8,1.4,1.4,0.6,-1.4,0.2,1.0,1,43.5,52.166666666666664,-0.5999999999999999,0.7999999999999999,-1.5999999999999999,-8.666666666666664,D,1
3351,2012-12-26,2012/2013,Everton,Wigan Athletic,1.8,0.2,1.8,0.6,0.4,-1.4,1.7777777777777777,1,52.666666666666664,42.333333333333336,1.6,1.2000000000000002,1.7999999999999998,10.333333333333329,H,2
3378,2012-12-29,2012/2013,Sunderland,Tottenham Hotspur,1.8,2.0,1.4,1.2,0.2,1.4,1.125,1,55.333333333333336,48.5,-0.19999999999999996,0.19999999999999996,-1.2,6.833333333333336,A,0
3376,2012-12-29,2012/2013,Reading,West Ham United,0.2,0.8,1.0,0.8,-1.6,-0.2,1.2806963396144682,0,50.0,48.333333333333336,-0.6000000000000001,0.19999999999999996,-1.4000000000000001,1.6666666666666643,H,2
3374,2012-12-29,2012/2013,Norwich City,Manchester City,1.8,1.4,2.4,1.6,0.2,0.2,0.0,1,53.0,49.666666666666664,0.40000000000000013,0.7999999999999998,0.0,3.3333333333333357,A,0
3377,2012-12-29,2012/2013,Stoke City,Southampton,1.8,1.0,2.6,0.8,0.6,-0.2,1.2806963396144682,0,58.833333333333336,52.166666666666664,0.8,1.8,0.8,6.666666666666671,D,1
3372,2012-12-29,2012/2013,Fulham,Swansea City,0.8,1.0,1.0,1.6,-1.4,0.0,0.0,1,43.5,45.833333333333336,-0.19999999999999996,-0.6000000000000001,-1.4,-2.3333333333333357,A,0
3370,2012-12-29,2012/2013,Aston Villa,Wigan Athletic,1.0,0.2,1.0,0.6,-2.0,-1.2,1.875,1,53.0,42.333333333333336,0.8,0.4,-0.8,10.666666666666664,A,0
3369,2012-12-29,2012/2013,Arsenal,Newcastle United,2.0,1.2,2.0,0.2,0.8,0.0,1.8333333333333333,1,40.333333333333336,51.666666666666664,0.8,1.8,0.8,-11.333333333333329,H,2
3373,2012-12-29,2012/2013,Manchester United,West Bromwich Albion,2.6,1.4,3.0,1.8,1.0,-0.2,2.6666666666666665,1,48.5,45.166666666666664,1.2000000000000002,1.2,1.2,3.3333333333333357,H,2
3371,2012-12-30,2012/2013,Everton,Chelsea,2.2,2.0,2.2,1.4,0.6,1.8,1.625,1,52.666666666666664,54.5,0.20000000000000018,0.8000000000000003,-1.2000000000000002,-1.8333333333333357,A,0
3375,2012-12-30,2012/2013,Queens Park Rangers,Liverpool,1.0,1.8,1.0,1.0,-0.2,0.4,1.5,1,52.666666666666664,53.166666666666664,-0.8,0.0,-0.6000000000000001,-0.5,A,0
3384,2013-01-01,2012/2013,Swansea City,Aston Villa,1.0,0.8,1.2,1.4,-0.2,-2.6,1.3333333333333333,1,45.833333333333336,53.0,0.19999999999999996,-0.19999999999999996,2.4,-7.166666666666664,D,1
3385,2013-01-01,2012/2013,Tottenham Hotspur,Reading,2.0,0.8,2.0,0.0,1.0,-1.2,3.0,1,48.5,50.0,1.2,2.0,2.2,-1.5,H,2
3386,2013-01-01,2012/2013,West Bromwich Albion,Fulham,1.4,0.8,2.0,0.4,-0.4,-1.0,1.1428571428571428,1,45.166666666666664,43.5,0.5999999999999999,1.6,0.6,1.6666666666666643,A,0
3387,2013-01-01,2012/2013,West Ham United,Norwich City,0.8,1.2,1.0,1.2,-0.2,-0.2,1.0,1,48.333333333333336,53.0,-0.3999999999999999,-0.19999999999999996,0.0,-4.666666666666664,H,2
3388,2013-01-01,2012/2013,Wigan Athletic,Manchester United,0.8,2.6,0.8,2.0,0.0,1.2,0.3333333333333333,1,42.333333333333336,48.5,-1.8,-1.2,-1.2,-6.166666666666664,A,0
3381,2013-01-01,2012/2013,Manchester City,Stoke City,1.8,1.4,2.0,1.2,0.4,0.4,1.7777777777777777,1,49.666666666666664,58.833333333333336,0.40000000000000013,0.8,0.0,-9.166666666666671,H,2
3383,2013-01-01,2012/2013,Southampton,Arsenal,1.0,2.4,1.6,1.6,-0.2,1.6,0.0,1,52.166666666666664,40.333333333333336,-1.4,0.0,-1.8,11.833333333333329,D,1
3382,2013-01-02,2012/2013,Newcastle United,Everton,0.6,2.0,1.2,1.2,-1.4,0.4,1.2857142857142858,1,51.666666666666664,52.666666666666664,-1.4,0.0,-1.7999999999999998,-1.0,A,0
3379,2013-01-02,2012/2013,Chelsea,Queens Park Rangers,2.4,0.8,1.2,0.4,2.0,-0.8,1.3333333333333333,1,54.5,52.666666666666664,1.5999999999999999,0.7999999999999999,2.8,1.8333333333333357,A,0
3380,2013-01-02,2012/2013,Liverpool,Sunderland,1.8,1.8,2.0,1.2,0.8,0.4,1.6666666666666667,1,53.166666666666664,55.333333333333336,0.0,0.8,0.4,-2.1666666666666714,H,2
3390,2013-01-12,2012/2013,Aston Villa,Southampton,0.8,1.2,1.0,1.0,-2.6,0.0,0.0,1,53.0,52.166666666666664,-0.3999999999999999,0.0,-2.6,0.8333333333333357,A,0
3391,2013-01-12,2012/2013,Everton,Swansea City,2.0,1.2,1.6,2.0,0.4,0.0,3.0,1,52.666666666666664,45.833333333333336,0.8,-0.3999999999999999,0.4,6.833333333333329,D,1
3392,2013-01-12,2012/2013,Fulham,Wigan Athletic,0.8,0.6,0.8,0.6,-1.0,-0.8,2.3333333333333335,1,43.5,42.333333333333336,0.20000000000000007,0.20000000000000007,-0.19999999999999996,1.1666666666666643,D,1
3394,2013-01-12,2012/2013,Norwich City,Newcastle United,0.6,0.6,1.8,0.0,-0.6,-1.4,1.0,1,53.0,51.666666666666664,0.0,1.8,0.7999999999999999,1.3333333333333357,D,1
3395,2013-01-12,2012/2013,Queens Park Rangers,Tottenham Hotspur,1.2,2.6,0.8,1.8,-0.6,1.6,1.0,1,52.666666666666664,48.5,-1.4000000000000001,-1.0,-2.2,4.166666666666664,D,1
3396,2013-01-12,2012/2013,Reading,West Bromwich Albion,0.8,1.4,1.4,1.2,-1.0,-0.2,0.0,1,50.0,45.166666666666664,-0.5999999999999999,0.19999999999999996,-0.8,4.833333333333336,H,2
3397,2013-01-12,2012/2013,Stoke City,Chelsea,1.2,2.4,2.2,1.8,-0.2,2.2,0.2222222222222222,1,58.833333333333336,54.5,-1.2,0.40000000000000013,-2.4000000000000004,4.333333333333336,A,0
3398,2013-01-12,2012/2013,Sunderland,West Ham United,1.2,0.8,1.4,0.8,-0.8,-0.4,1.1428571428571428,1,55.333333333333336,48.333333333333336,0.3999999999999999,0.5999999999999999,-0.4,7.0,H,2
3393,2013-01-13,2012/2013,Manchester United,Liverpool,2.6,1.8,3.0,1.4,1.8,1.2,1.4444444444444444,1,48.5,53.166666666666664,0.8,1.6,0.6000000000000001,-4.666666666666664,H,2
3389,2013-01-13,2012/2013,Arsenal,Manchester City,2.6,2.4,2.0,2.0,2.0,1.2,1.3333333333333333,1,40.333333333333336,49.666666666666664,0.20000000000000018,0.0,0.8,-9.333333333333329,A,0
3329,2013-01-16,2012/2013,Chelsea,Southampton,2.4,1.2,1.2,1.6,2.6,0.0,1.2806963396144682,0,54.5,52.166666666666664,1.2,-0.40000000000000013,2.6,2.3333333333333357,D,1
3404,2013-01-19,2012/2013,Swansea City,Stoke City,1.4,1.0,1.2,1.2,0.2,-1.0,1.0,1,45.833333333333336,58.833333333333336,0.3999999999999999,0.0,1.2,-13.0,H,2
3407,2013-01-19,2012/2013,West Ham United,Queens Park Rangers,0.8,0.8,1.4,1.0,-0.8,-0.8,3.0,1,48.333333333333336,52.666666666666664,0.0,0.3999999999999999,0.0,-4.333333333333329,D,1
3406,2013-01-19,2012/2013,West Bromwich Albion,Aston Villa,1.2,0.2,1.4,1.0,-0.4,-3.2,1.1428571428571428,1,45.166666666666664,53.0,1.0,0.3999999999999999,2.8000000000000003,-7.833333333333336,D,1
3408,2013-01-19,2012/2013,Wigan Athletic,Sunderland,0.8,1.8,0.8,1.2,-0.6,0.2,1.3333333333333333,1,42.333333333333336,55.333333333333336,-1.0,-0.3999999999999999,-0.8,-13.0,A,0
3402,2013-01-19,2012/2013,Newcastle United,Reading,0.8,1.4,1.2,0.0,-1.0,-0.2,1.0,1,51.666666666666664,50.0,-0.5999999999999999,1.2,-0.8,1.6666666666666643,A,0
3401,2013-01-19,2012/2013,Manchester City,Fulham,2.4,1.0,2.0,0.8,1.2,-0.8,1.7777777777777777,1,49.666666666666664,43.5,1.4,1.2,2.0,6.166666666666664,H,2
3400,2013-01-19,2012/2013,Liverpool,Norwich City,1.8,0.2,2.4,1.0,1.4,-0.8,2.3333333333333335,1,53.166666666666664,53.0,1.6,1.4,2.2,0.1666666666666643,H,2
3399,2013-01-20,2012/2013,Chelsea,Arsenal,2.0,2.0,1.2,1.8,1.0,1.2,1.7777777777777777,1,54.5,40.333333333333336,0.0,-0.6000000000000001,-0.19999999999999996,14.166666666666664,H,2
3405,2013-01-20,2012/2013,Tottenham Hotspur,Manchester United,2.2,2.6,2.6,2.0,1.4,1.6,0.5555555555555556,1,48.5,48.5,-0.3999999999999999,0.6000000000000001,-0.20000000000000018,0.0,D,1
3403,2013-01-21,2012/2013,Southampton,Everton,1.4,2.0,1.6,1.6,0.2,0.4,0.0,1,52.166666666666664,52.666666666666664,-0.6000000000000001,0.0,-0.2,-0.5,D,1
3349,2013-01-23,2012/2013,Arsenal,West Ham United,1.4,0.8,1.8,0.2,0.4,-0.8,2.4285714285714284,1,40.333333333333336,48.333333333333336,0.5999999999999999,1.6,1.2000000000000002,-8.0,H,2
3416,2013-01-29,2012/2013,Sunderland,Swansea City,1.8,1.8,1.8,1.6,0.2,0.6,1.6666666666666667,1,55.333333333333336,45.833333333333336,0.0,0.19999999999999996,-0.39999999999999997,9.5,D,1
3415,2013-01-29,2012/2013,Stoke City,Wigan Athletic,0.8,0.8,1.6,0.8,-1.4,-0.6,1.0,1,58.833333333333336,42.333333333333336,0.0,0.8,-0.7999999999999999,16.5,D,1
3413,2013-01-29,2012/2013,Queens Park Rangers,Manchester City,1.0,2.4,1.0,2.4,-0.6,1.4,0.0,1,52.666666666666664,49.666666666666664,-1.4,-1.4,-2.0,3.0,D,1
3410,2013-01-29,2012/2013,Aston Villa,Newcastle United,0.4,0.2,0.8,0.2,-1.6,-1.4,1.1428571428571428,1,53.0,51.666666666666664,0.2,0.6000000000000001,-0.20000000000000018,1.3333333333333357,A,0
3409,2013-01-30,2012/2013,Arsenal,Liverpool,1.4,1.8,1.8,1.2,1.0,1.6,1.7777777777777777,1,40.333333333333336,53.166666666666664,-0.40000000000000013,0.6000000000000001,-0.6000000000000001,-12.833333333333329,D,1
3411,2013-01-30,2012/2013,Manchester United,Southampton,2.6,1.4,3.0,1.2,1.6,0.2,3.0,1,48.5,52.166666666666664,1.2000000000000002,1.8,1.4000000000000001,-3.6666666666666643,H,2
3412,2013-01-30,2012/2013,Norwich City,Tottenham Hotspur,0.2,2.2,1.4,2.0,-1.6,1.4,1.3333333333333333,1,53.0,48.5,-2.0,-0.6000000000000001,-3.0,4.5,D,1
3414,2013-01-30,2012/2013,Reading,Chelsea,2.0,2.0,1.4,2.4,0.2,1.0,0.0,1,50.0,54.5,0.0,-1.0,-0.8,-4.5,D,1
3417,2013-01-30,2012/2013,Everton,West Bromwich Albion,1.6,0.8,1.6,0.6,0.2,-0.6,1.7142857142857142,1,52.666666666666664,45.166666666666664,0.8,1.0,0.8,7.5,H,2
3418,2013-01-30,2012/2013,Fulham,West Ham United,1.0,0.8,1.0,0.2,-0.4,-1.4,0.7142857142857143,1,43.5,48.333333333333336,0.19999999999999996,0.8,0.9999999999999999,-4.833333333333336,H,2
3419,2013-02-02,2012/2013,Arsenal,Stoke City,1.0,0.4,2.0,1.0,0.2,-1.8,1.8888888888888888,1,40.333333333333336,58.833333333333336,0.6,1.0,2.0,-18.5,H,2
3424,2013-02-02,2012/2013,Queens Park Rangers,Norwich City,1.2,0.4,1.0,0.8,-0.4,-1.4,0.3333333333333333,1,52.666666666666664,53.0,0.7999999999999999,0.19999999999999996,0.9999999999999999,-0.3333333333333357,D,1
3421,2013-02-02,2012/2013,Fulham,Manchester United,1.4,2.6,1.6,2.2,0.0,1.6,0.7777777777777778,1,43.5,48.5,-1.2000000000000002,-0.6000000000000001,-1.6,-5.0,A,0
3423,2013-02-02,2012/2013,Newcastle United,Chelsea,0.8,1.6,1.2,2.6,-1.0,0.8,0.8571428571428571,1,51.666666666666664,54.5,-0.8,-1.4000000000000001,-1.8,-2.8333333333333357,H,2
3428,2013-02-02,2012/2013,Wigan Athletic,Southampton,1.0,1.2,0.2,1.2,-0.4,0.0,3.0,1,42.333333333333336,52.166666666666664,-0.19999999999999996,-1.0,-0.4,-9.833333333333329,D,1
3425,2013-02-02,2012/2013,Reading,Sunderland,2.0,1.4,1.6,1.2,0.2,0.0,0.0,1,50.0,55.333333333333336,0.6000000000000001,0.40000000000000013,0.2,-5.333333333333336,H,2
3427,2013-02-02,2012/2013,West Ham United,Swansea City,0.8,1.8,1.4,1.2,-1.6,0.6,0.0,1,48.333333333333336,45.833333333333336,-1.0,0.19999999999999996,-2.2,2.5,H,2
3420,2013-02-02,2012/2013,Everton,Aston Villa,1.6,0.4,2.0,1.2,0.2,-1.0,1.0,1,52.666666666666664,53.0,1.2000000000000002,0.8,1.2,-0.3333333333333357,D,1
3426,2013-02-03,2012/2013,West Bromwich Albion,Tottenham Hotspur,0.2,1.8,1.0,1.6,-1.0,0.6,0.8571428571428571,1,45.166666666666664,48.5,-1.6,-0.6000000000000001,-1.6,-3.3333333333333357,A,0
3422,2013-02-03,2012/2013,Manchester City,Liverpool,2.6,2.0,2.0,1.4,1.6,2.0,1.2222222222222223,1,49.666666666666664,53.166666666666664,0.6000000000000001,0.6000000000000001,-0.3999999999999999,-3.5,D,1
3437,2013-02-09,2012/2013,Swansea City,Queens Park Rangers,1.2,1.4,1.6,1.2,0.2,0.2,1.3333333333333333,1,45.833333333333336,52.666666666666664,-0.19999999999999996,0.40000000000000013,0.0,-6.833333333333329,H,2
3433,2013-02-09,2012/2013,Norwich City,Fulham,0.6,1.4,1.0,0.8,-1.2,0.0,0.3333333333333333,1,53.0,43.5,-0.7999999999999999,0.19999999999999996,-1.2,9.5,D,1
3434,2013-02-09,2012/2013,Southampton,Manchester City,1.2,2.2,1.2,2.0,0.0,1.4,0.0,1,52.166666666666664,49.666666666666664,-1.0000000000000002,-0.8,-1.4,2.5,H,2
3435,2013-02-09,2012/2013,Stoke City,Reading,0.2,2.0,1.2,0.6,-2.0,0.2,1.0,1,58.833333333333336,50.0,-1.8,0.6,-2.2,8.833333333333336,H,2
3436,2013-02-09,2012/2013,Sunderland,Arsenal,1.4,1.4,2.0,1.6,0.0,0.4,0.8888888888888888,1,55.333333333333336,40.333333333333336,0.0,0.3999999999999999,-0.4,15.0,A,0
3430,2013-02-09,2012/2013,Chelsea,Wigan Athletic,1.6,0.6,1.6,1.0,0.8,-1.0,2.4444444444444446,1,54.5,42.333333333333336,1.0,0.6000000000000001,1.8,12.166666666666664,H,2
3438,2013-02-09,2012/2013,Tottenham Hotspur,Newcastle United,1.8,1.4,2.2,0.8,0.6,0.0,1.5714285714285714,1,48.5,51.666666666666664,0.40000000000000013,1.4000000000000001,0.6,-3.1666666666666643,H,2
3429,2013-02-10,2012/2013,Aston Villa,West Ham United,0.6,0.8,0.2,0.2,-0.4,-1.6,1.5714285714285714,1,53.0,48.333333333333336,-0.20000000000000007,0.0,1.2000000000000002,4.666666666666664,H,2
3432,2013-02-10,2012/2013,Manchester United,Everton,2.6,1.8,3.0,1.8,1.4,0.4,1.6666666666666667,1,48.5,52.666666666666664,0.8,1.2,0.9999999999999999,-4.166666666666664,H,2
3431,2013-02-11,2012/2013,Liverpool,West Bromwich Albion,1.6,0.2,2.4,0.6,1.4,-0.8,1.7142857142857142,1,53.166666666666664,45.166666666666664,1.4000000000000001,1.7999999999999998,2.2,8.0,A,0
3441,2013-02-17,2012/2013,Liverpool,Swansea City,1.0,1.6,1.8,1.2,0.4,0.8,0.6666666666666666,1,53.166666666666664,45.833333333333336,-0.6000000000000001,0.6000000000000001,-0.4,7.333333333333329,H,2
3439,2013-02-23,2012/2013,Arsenal,Aston Villa,2.0,1.0,2.0,1.2,1.0,-0.2,1.6666666666666667,1,40.333333333333336,53.0,1.0,0.8,1.2,-12.666666666666664,H,2
3440,2013-02-23,2012/2013,Fulham,Stoke City,1.0,0.8,1.0,0.4,-0.2,-1.2,1.4444444444444444,1,43.5,58.833333333333336,0.19999999999999996,0.6,1.0,-15.333333333333336,H,2
3444,2013-02-23,2012/2013,Norwich City,Everton,0.8,1.2,0.6,1.6,-1.0,-0.2,1.0,1,53.0,52.666666666666664,-0.3999999999999999,-1.0,-0.8,0.3333333333333357,H,2
3445,2013-02-23,2012/2013,Queens Park Rangers,Manchester United,0.8,2.6,0.6,2.2,-0.6,1.0,0.0,1,52.666666666666664,48.5,-1.8,-1.6,-1.6,4.166666666666664,A,0
3446,2013-02-23,2012/2013,Reading,Wigan Athletic,2.0,0.6,2.2,1.0,0.4,-0.8,0.0,1,50.0,42.333333333333336,1.4,1.2000000000000002,1.2000000000000002,7.666666666666664,A,0
3447,2013-02-23,2012/2013,West Bromwich Albion,Sunderland,0.8,1.4,1.0,1.2,-0.2,0.4,2.2857142857142856,1,45.166666666666664,55.333333333333336,-0.5999999999999999,-0.19999999999999996,-0.6000000000000001,-10.166666666666671,H,2
3443,2013-02-24,2012/2013,Newcastle United,Southampton,1.4,1.2,1.2,1.2,0.0,0.2,0.0,1,51.666666666666664,52.166666666666664,0.19999999999999996,0.0,-0.2,-0.5,H,2
3442,2013-02-24,2012/2013,Manchester City,Chelsea,1.6,1.6,2.0,2.0,0.4,0.6,1.4444444444444444,1,49.666666666666664,54.5,0.0,0.0,-0.19999999999999996,-4.833333333333336,H,2
3448,2013-02-25,2012/2013,West Ham United,Tottenham Hotspur,0.8,1.8,1.4,2.2,-1.2,0.4,0.5714285714285714,1,48.333333333333336,48.5,-1.0,-0.8000000000000003,-1.6,-0.1666666666666643,A,0
3455,2013-03-02,2012/2013,Sunderland,Fulham,0.8,1.4,1.4,0.8,-0.4,0.0,1.1111111111111112,1,55.333333333333336,43.5,-0.5999999999999999,0.5999999999999999,-0.4,11.833333333333336,D,1
3456,2013-03-02,2012/2013,Swansea City,Newcastle United,1.4,1.8,1.6,0.8,-0.2,0.4,1.3333333333333333,1,45.833333333333336,51.666666666666664,-0.40000000000000013,0.8,-0.6000000000000001,-5.833333333333329,H,2
3454,2013-03-02,2012/2013,Stoke City,West Ham United,0.8,0.6,1.6,0.0,-0.6,-1.4,1.1428571428571428,1,58.833333333333336,48.333333333333336,0.20000000000000007,1.6,0.7999999999999999,10.5,A,0
3458,2013-03-02,2012/2013,Wigan Athletic,Liverpool,1.0,1.6,0.4,1.0,-0.2,1.6,1.1111111111111112,1,42.333333333333336,53.166666666666664,-0.6000000000000001,-0.6,-1.8,-10.833333333333329,A,0
3452,2013-03-02,2012/2013,Manchester United,Norwich City,2.6,1.2,3.0,0.8,1.2,-0.8,2.0,1,48.5,53.0,1.4000000000000001,2.2,2.0,-4.5,H,2
3451,2013-03-02,2012/2013,Everton,Reading,1.0,1.4,1.6,0.6,-0.4,-0.4,0.0,1,52.666666666666664,50.0,-0.3999999999999999,1.0,0.0,2.6666666666666643,H,2
3450,2013-03-02,2012/2013,Chelsea,West Bromwich Albion,1.4,1.4,2.0,1.2,0.2,0.2,2.142857142857143,1,54.5,45.166666666666664,0.0,0.8,0.0,9.333333333333336,H,2
3453,2013-03-02,2012/2013,Southampton,Queens Park Rangers,1.0,0.6,1.6,1.0,-0.2,-1.0,3.0,1,52.166666666666664,52.666666666666664,0.4,0.6000000000000001,0.8,-0.5,A,0
3457,2013-03-03,2012/2013,Tottenham Hotspur,Arsenal,2.2,2.6,2.2,2.0,0.6,1.4,1.3333333333333333,1,48.5,40.333333333333336,-0.3999999999999999,0.20000000000000018,-0.7999999999999999,8.166666666666664,H,2
3449,2013-03-04,2012/2013,Aston Villa,Manchester City,1.0,1.6,0.6,1.4,-0.2,0.4,0.7777777777777778,1,53.0,49.666666666666664,-0.6000000000000001,-0.7999999999999999,-0.6000000000000001,3.3333333333333357,A,0
3464,2013-03-09,2012/2013,Norwich City,Southampton,1.2,0.8,1.2,1.0,-0.6,-0.4,1.0,1,53.0,52.166666666666664,0.3999999999999999,0.19999999999999996,-0.19999999999999996,0.8333333333333357,D,1
3465,2013-03-09,2012/2013,Queens Park Rangers,Sunderland,1.0,0.4,0.6,1.2,-0.8,-0.6,0.3333333333333333,1,52.666666666666664,55.333333333333336,0.6,-0.6,-0.20000000000000007,-2.6666666666666714,H,2
3466,2013-03-09,2012/2013,Reading,Aston Villa,0.8,0.8,2.0,0.6,-1.0,-0.4,0.0,1,50.0,53.0,0.0,1.4,-0.6,-3.0,A,0
3467,2013-03-09,2012/2013,West Bromwich Albion,Swansea City,1.2,1.4,1.4,1.0,0.0,-0.4,0.0,1,45.166666666666664,45.833333333333336,-0.19999999999999996,0.3999999999999999,0.4,-0.6666666666666714,H,2
3461,2013-03-10,2012/2013,Liverpool,Tottenham Hotspur,1.6,2.6,2.4,2.2,1.4,0.8,0.7777777777777778,1,53.166666666666664,48.5,-1.0,0.19999999999999973,0.5999999999999999,4.666666666666664,H,2
3463,2013-03-10,2012/2013,Newcastle United,Stoke City,1.8,0.8,1.8,0.2,0.4,-0.4,1.1428571428571428,1,51.666666666666664,58.833333333333336,1.0,1.6,0.8,-7.166666666666671,H,2
3484,2013-03-16,2012/2013,Stoke City,West Bromwich Albion,0.6,1.8,1.0,0.6,-0.6,0.4,2.2857142857142856,1,58.833333333333336,45.166666666666664,-1.2000000000000002,0.4,-1.0,13.666666666666671,D,1
3483,2013-03-16,2012/2013,Southampton,Liverpool,1.0,2.0,1.0,1.6,-0.2,1.6,0.0,1,52.166666666666664,53.166666666666664,-1.0,-0.6000000000000001,-1.8,-1.0,H,2
3486,2013-03-16,2012/2013,Swansea City,Arsenal,1.2,2.0,2.2,1.4,-0.6,0.4,2.0,1,45.833333333333336,40.333333333333336,-0.8,0.8000000000000003,-1.0,5.5,A,0
3482,2013-03-16,2012/2013,Manchester United,Reading,3.0,0.6,3.0,0.6,2.0,-1.2,3.0,1,48.5,50.0,2.4,2.4,3.2,-1.5,H,2
3481,2013-03-16,2012/2013,Everton,Manchester City,1.4,1.6,1.6,2.0,0.0,0.2,2.111111111111111,1,52.666666666666664,49.666666666666664,-0.20000000000000018,-0.3999999999999999,-0.2,3.0,H,2
3479,2013-03-16,2012/2013,Aston Villa,Queens Park Rangers,1.4,1.4,0.6,1.4,0.0,-0.4,1.0,1,53.0,52.666666666666664,0.0,-0.7999999999999999,0.4,0.3333333333333357,H,2
3480,2013-03-17,2012/2013,Chelsea,West Ham United,1.4,1.2,2.0,0.6,0.2,-0.4,2.0,1,54.5,48.333333333333336,0.19999999999999996,1.4,0.6000000000000001,6.166666666666664,H,2
3485,2013-03-17,2012/2013,Sunderland,Norwich City,0.2,1.2,1.0,0.2,-1.0,-0.6,1.0,1,55.333333333333336,53.0,-1.0,0.8,-0.4,2.3333333333333357,D,1
3487,2013-03-17,2012/2013,Tottenham Hotspur,Fulham,2.4,1.6,2.2,1.0,0.6,0.4,2.2222222222222223,1,48.5,43.5,0.7999999999999998,1.2000000000000002,0.19999999999999996,5.0,A,0
3488,2013-03-17,2012/2013,Wigan Athletic,Newcastle United,1.0,1.8,0.2,0.8,-0.8,0.4,1.1428571428571428,1,42.333333333333336,51.666666666666664,-0.8,-0.6000000000000001,-1.2000000000000002,-9.333333333333329,H,2
3497,2013-03-30,2012/2013,West Ham United,West Bromwich Albion,1.2,2.0,1.4,0.8,-0.4,0.6,0.8,1,48.333333333333336,45.166666666666664,-0.8,0.5999999999999999,-1.0,3.1666666666666714,H,2
3496,2013-03-30,2012/2013,Swansea City,Tottenham Hotspur,1.2,1.8,2.0,1.6,-0.8,0.2,0.3333333333333333,1,45.833333333333336,48.5,-0.6000000000000001,0.3999999999999999,-1.0,-2.6666666666666643,A,0
3495,2013-03-30,2012/2013,Sunderland,Manchester United,0.4,3.0,1.2,2.2,-0.8,2.0,0.2222222222222222,1,55.333333333333336,48.5,-2.6,-1.0000000000000002,-2.8,6.833333333333336,A,0
3498,2013-03-30,2012/2013,Wigan Athletic,Norwich City,1.4,1.2,0.8,0.4,-0.6,-0.6,0.6666666666666666,1,42.333333333333336,53.0,0.19999999999999996,0.4,0.0,-10.666666666666664,H,2
3493,2013-03-30,2012/2013,Manchester City,Newcastle United,1.4,1.2,2.6,0.8,-0.2,0.0,2.7142857142857144,1,49.666666666666664,51.666666666666664,0.19999999999999996,1.8,-0.2,-2.0,H,2
3489,2013-03-30,2012/2013,Arsenal,Reading,2.4,0.0,2.0,0.6,0.8,-1.6,3.0,1,40.333333333333336,50.0,2.4,1.4,2.4000000000000004,-9.666666666666664,H,2
3494,2013-03-30,2012/2013,Southampton,Chelsea,1.4,1.8,1.6,1.4,0.2,0.6,1.0,1,52.166666666666664,54.5,-0.40000000000000013,0.20000000000000018,-0.39999999999999997,-2.3333333333333357,H,2
3491,2013-03-30,2012/2013,Everton,Stoke City,1.4,0.8,2.2,0.0,0.2,-0.4,1.4444444444444444,1,52.666666666666664,58.833333333333336,0.5999999999999999,2.2,0.6000000000000001,-6.166666666666671,H,2
3490,2013-03-31,2012/2013,Aston Villa,Liverpool,1.8,1.8,1.2,1.0,0.2,1.2,1.2222222222222223,1,53.0,53.166666666666664,0.0,0.19999999999999996,-1.0,-0.1666666666666643,A,0
3492,2013-04-01,2012/2013,Fulham,Queens Park Rangers,1.6,1.2,1.4,1.4,0.2,-0.6,2.0,1,43.5,52.666666666666664,0.40000000000000013,0.0,0.8,-9.166666666666664,H,2
3503,2013-04-06,2012/2013,Norwich City,Swansea City,1.0,0.6,1.4,0.4,-0.8,-1.6,3.0,1,53.0,45.833333333333336,0.4,0.9999999999999999,0.8,7.166666666666664,D,1
3505,2013-04-06,2012/2013,Reading,Southampton,0.0,1.4,1.4,0.6,-2.0,0.0,0.0,1,50.0,52.166666666666664,-1.4,0.7999999999999999,-2.0,-2.1666666666666643,A,0
3506,2013-04-06,2012/2013,Stoke City,Aston Villa,0.2,1.2,1.0,1.2,-0.8,-0.2,1.3333333333333333,1,58.833333333333336,53.0,-1.0,-0.19999999999999996,-0.6000000000000001,5.833333333333336,A,0
3508,2013-04-06,2012/2013,West Bromwich Albion,Arsenal,1.4,2.4,1.4,1.4,-0.2,1.2,0.5714285714285714,1,45.166666666666664,40.333333333333336,-1.0,0.0,-1.4,4.833333333333329,A,0
3507,2013-04-07,2012/2013,Tottenham Hotspur,Everton,1.8,1.8,2.0,1.4,0.2,0.4,1.0,1,48.5,52.666666666666664,0.0,0.6000000000000001,-0.2,-4.166666666666664,D,1
3504,2013-04-07,2012/2013,Queens Park Rangers,Wigan Athletic,1.2,1.8,1.2,1.6,-0.2,-0.4,1.3333333333333333,1,52.666666666666664,42.333333333333336,-0.6000000000000001,-0.40000000000000013,0.2,10.333333333333329,D,1
3502,2013-04-07,2012/2013,Newcastle United,Fulham,1.2,2.2,1.8,1.6,-0.6,0.6,0.5714285714285714,1,51.666666666666664,43.5,-1.0000000000000002,0.19999999999999996,-1.2,8.166666666666664,H,2
3499,2013-04-07,2012/2013,Chelsea,Sunderland,1.8,0.4,2.6,0.6,0.6,-0.8,2.6666666666666665,1,54.5,55.333333333333336,1.4,2.0,1.4,-0.8333333333333357,H,2
3500,2013-04-07,2012/2013,Liverpool,West Ham United,2.4,1.2,2.4,0.6,1.8,-0.2,2.2857142857142856,1,53.166666666666664,48.333333333333336,1.2,1.7999999999999998,2.0,4.833333333333329,D,1
3501,2013-04-08,2012/2013,Manchester United,Manchester City,3.0,1.8,3.0,1.4,2.0,0.6,2.111111111111111,1,48.5,49.666666666666664,1.2,1.6,1.4,-1.1666666666666643,A,0
3509,2013-04-13,2012/2013,Arsenal,Norwich City,2.4,0.6,2.6,0.4,1.2,-1.0,1.3333333333333333,1,40.333333333333336,53.0,1.7999999999999998,2.2,2.2,-12.666666666666664,H,2
3510,2013-04-13,2012/2013,Aston Villa,Fulham,1.8,2.0,1.2,1.0,0.4,0.4,1.4444444444444444,1,53.0,43.5,-0.19999999999999996,0.19999999999999996,0.0,9.5,D,1
3512,2013-04-13,2012/2013,Everton,Queens Park Rangers,2.0,1.4,2.6,0.8,0.8,0.2,0.6666666666666666,1,52.666666666666664,52.666666666666664,0.6000000000000001,1.8,0.6000000000000001,0.0,H,2
3515,2013-04-13,2012/2013,Reading,Liverpool,0.0,2.0,0.8,1.6,-1.8,0.8,0.0,1,50.0,53.166666666666664,-2.0,-0.8,-2.6,-3.1666666666666643,D,1
3516,2013-04-13,2012/2013,Southampton,West Ham United,2.0,1.4,2.0,0.8,0.8,0.0,0.0,1,52.166666666666664,48.333333333333336,0.6000000000000001,1.2,0.8,3.8333333333333286,D,1
3514,2013-04-14,2012/2013,Newcastle United,Sunderland,1.2,0.4,2.4,0.6,-0.8,-0.8,1.4285714285714286,1,51.666666666666664,55.333333333333336,0.7999999999999999,1.7999999999999998,0.0,-3.6666666666666714,A,0
3517,2013-04-14,2012/2013,Stoke City,Manchester United,0.2,2.4,1.0,2.6,-1.0,1.4,0.1111111111111111,1,58.833333333333336,48.5,-2.1999999999999997,-1.6,-2.4,10.333333333333336,A,0
3459,2013-04-16,2012/2013,Arsenal,Everton,2.4,2.6,2.6,1.0,1.4,1.4,2.3333333333333335,1,40.333333333333336,52.666666666666664,-0.20000000000000018,1.6,0.0,-12.333333333333329,D,1
3468,2013-04-17,2012/2013,West Ham United,Manchester United,1.6,2.4,2.0,2.6,0.2,1.4,0.0,1,48.333333333333336,48.5,-0.7999999999999998,-0.6000000000000001,-1.2,-0.1666666666666643,D,1
3462,2013-04-17,2012/2013,Manchester City,Wigan Athletic,2.4,2.0,2.6,1.2,1.2,0.2,2.4444444444444446,1,49.666666666666664,42.333333333333336,0.3999999999999999,1.4000000000000001,1.0,7.333333333333329,H,2
3460,2013-04-17,2012/2013,Fulham,Chelsea,1.6,1.8,2.0,0.8,0.2,0.2,0.5555555555555556,1,43.5,54.5,-0.19999999999999996,1.2,0.0,-11.0,A,0
3519,2013-04-20,2012/2013,Fulham,Arsenal,1.4,2.6,1.8,1.8,-0.4,1.6,1.1111111111111112,1,43.5,40.333333333333336,-1.2000000000000002,0.0,-2.0,3.1666666666666643,A,0
3522,2013-04-20,2012/2013,Norwich City,Reading,0.6,0.2,1.4,0.6,-0.6,-1.4,1.0,1,53.0,50.0,0.39999999999999997,0.7999999999999999,0.7999999999999999,3.0,H,2
3523,2013-04-20,2012/2013,Queens Park Rangers,Stoke City,0.8,0.2,1.2,0.0,-0.4,-1.2,2.0,1,52.666666666666664,58.833333333333336,0.6000000000000001,1.2,0.7999999999999999,-6.166666666666671,A,0
3524,2013-04-20,2012/2013,Sunderland,Everton,0.8,2.2,0.6,0.6,-0.2,1.0,0.3333333333333333,1,55.333333333333336,52.666666666666664,-1.4000000000000001,0.0,-1.2,2.6666666666666714,H,2
3525,2013-04-20,2012/2013,Swansea City,Southampton,0.8,2.2,1.8,1.0,-0.6,1.0,1.0,1,45.833333333333336,52.166666666666664,-1.4000000000000001,0.8,-1.6,-6.333333333333329,D,1
3527,2013-04-20,2012/2013,West Bromwich Albion,Newcastle United,0.8,1.2,1.4,0.6,-0.6,-1.2,1.0,1,45.166666666666664,51.666666666666664,-0.3999999999999999,0.7999999999999999,0.6,-6.5,D,1
3528,2013-04-20,2012/2013,West Ham United,Wigan Athletic,1.2,1.4,1.6,1.0,0.0,-0.6,1.7142857142857142,1,48.333333333333336,42.333333333333336,-0.19999999999999996,0.6000000000000001,0.6,6.0,H,2
3520,2013-04-21,2012/2013,Liverpool,Chelsea,1.6,2.4,2.0,0.8,0.0,1.2,2.111111111111111,1,53.166666666666664,54.5,-0.7999999999999998,1.2,-1.2,-1.3333333333333357,D,1
3526,2013-04-21,2012/2013,Tottenham Hotspur,Manchester City,1.4,2.4,1.6,1.4,0.0,1.0,1.4444444444444444,1,48.5,49.666666666666664,-1.0,0.20000000000000018,-1.0,-1.1666666666666643,H,2
3521,2013-04-22,2012/2013,Manchester United,Aston Villa,2.0,2.0,2.4,1.6,0.6,0.6,2.0,1,48.5,53.0,0.0,0.7999999999999998,0.0,-4.5,H,2
3538,2013-04-27,2012/2013,Wigan Athletic,Tottenham Hotspur,1.4,1.4,1.4,2.0,-0.2,0.2,1.2222222222222223,1,42.333333333333336,48.5,0.0,-0.6000000000000001,-0.4,-6.166666666666664,D,1
3537,2013-04-27,2012/2013,Stoke City,Norwich City,0.8,1.0,0.8,0.4,-0.6,-0.4,1.3333333333333333,1,58.833333333333336,53.0,-0.19999999999999996,0.4,-0.19999999999999996,5.833333333333336,H,2
3536,2013-04-27,2012/2013,Southampton,West Bromwich Albion,2.2,1.0,2.0,0.8,1.0,-0.4,0.0,1,52.166666666666664,45.166666666666664,1.2000000000000002,1.2,1.4,7.0,A,0
3532,2013-04-27,2012/2013,Everton,Fulham,1.6,0.8,2.6,1.2,0.4,-0.8,2.2222222222222223,1,52.666666666666664,43.5,0.8,1.4000000000000001,1.2000000000000002,9.166666666666664,H,2
3533,2013-04-27,2012/2013,Manchester City,West Ham United,1.8,1.8,2.6,1.0,0.4,0.8,2.0,1,49.666666666666664,48.333333333333336,0.0,1.6,-0.4,1.3333333333333286,H,2
3534,2013-04-27,2012/2013,Newcastle United,Liverpool,0.8,1.2,2.4,1.6,-1.4,-0.2,1.0,1,51.666666666666664,53.166666666666664,-0.3999999999999999,0.7999999999999998,-1.2,-1.5,A,0
3529,2013-04-28,2012/2013,Arsenal,Manchester United,2.6,2.0,2.6,2.6,1.4,1.0,0.7777777777777778,1,40.333333333333336,48.5,0.6000000000000001,0.0,0.3999999999999999,-8.166666666666664,D,1
3531,2013-04-28,2012/2013,Chelsea,Swansea City,2.0,0.4,3.0,0.4,1.0,-0.8,1.6666666666666667,1,54.5,45.833333333333336,1.6,2.6,1.8,8.666666666666664,H,2
3535,2013-04-28,2012/2013,Reading,Queens Park Rangers,0.2,0.2,0.8,0.6,-1.4,-1.2,1.0,1,50.0,52.666666666666664,0.0,0.20000000000000007,-0.19999999999999996,-2.6666666666666643,D,1
3530,2013-04-29,2012/2013,Aston Villa,Sunderland,1.4,1.4,1.4,0.6,-0.2,0.4,1.6666666666666667,1,53.0,55.333333333333336,0.0,0.7999999999999999,-0.6000000000000001,-2.3333333333333357,H,2
3539,2013-05-04,2012/2013,Fulham,Reading,0.2,0.4,1.2,0.0,-1.2,-1.2,1.0,1,43.5,50.0,-0.2,1.2,0.0,-6.5,A,0
3542,2013-05-04,2012/2013,Norwich City,Aston Villa,0.8,1.4,1.8,1.4,-0.6,0.6,1.3333333333333333,1,53.0,53.0,-0.5999999999999999,0.40000000000000013,-1.2,0.0,A,0
3546,2013-05-04,2012/2013,Tottenham Hotspur,Southampton,1.6,1.6,2.0,1.2,0.4,0.0,3.0,1,48.5,52.166666666666664,0.0,0.8,0.4,-3.6666666666666643,H,2
3545,2013-05-04,2012/2013,Swansea City,Manchester City,0.4,2.4,1.4,1.2,-1.0,1.0,1.0,1,45.833333333333336,49.666666666666664,-2.0,0.19999999999999996,-2.0,-3.8333333333333286,D,1
3543,2013-05-04,2012/2013,Queens Park Rangers,Arsenal,0.4,2.2,1.0,2.4,-1.0,0.8,1.0,1,52.666666666666664,40.333333333333336,-1.8000000000000003,-1.4,-1.8,12.333333333333329,A,0
3547,2013-05-04,2012/2013,West Bromwich Albion,Wigan Athletic,1.0,1.0,1.4,0.8,0.0,-0.4,1.1428571428571428,1,45.166666666666664,42.333333333333336,0.0,0.5999999999999999,0.4,2.8333333333333286,A,0
3548,2013-05-04,2012/2013,West Ham United,Newcastle United,1.2,0.8,2.0,0.2,0.2,-2.4,1.4,1,48.333333333333336,51.666666666666664,0.3999999999999999,1.8,2.6,-3.3333333333333286,D,1
3540,2013-05-05,2012/2013,Liverpool,Everton,1.8,1.6,1.6,0.4,1.4,0.4,2.0,1,53.166666666666664,52.666666666666664,0.19999999999999996,1.2000000000000002,0.9999999999999999,0.5,D,1
3541,2013-05-05,2012/2013,Manchester United,Chelsea,1.6,2.0,2.4,0.8,0.8,1.0,1.5555555555555556,1,48.5,54.5,-0.3999999999999999,1.5999999999999999,-0.19999999999999996,-6.0,A,0
3544,2013-05-06,2012/2013,Sunderland,Stoke City,1.2,1.2,1.0,0.6,-0.6,-0.4,1.5555555555555556,1,55.333333333333336,58.833333333333336,0.0,0.4,-0.19999999999999996,-3.5,D,1
3513,2013-05-07,2012/2013,Manchester City,West Bromwich Albion,2.0,0.8,2.6,1.4,0.2,-0.2,2.2857142857142856,1,49.666666666666664,45.166666666666664,1.2,1.2000000000000002,0.4,4.5,H,2
3518,2013-05-07,2012/2013,Wigan Athletic,Swansea City,1.0,0.6,1.6,0.2,-0.4,-0.6,0.3333333333333333,1,42.333333333333336,45.833333333333336,0.4,1.4000000000000001,0.19999999999999996,-3.5,A,0
3511,2013-05-08,2012/2013,Chelsea,Tottenham Hotspur,2.6,2.2,3.0,2.0,1.4,0.8,1.4444444444444444,1,54.5,48.5,0.3999999999999999,1.0,0.5999999999999999,6.0,D,1
3550,2013-05-11,2012/2013,Aston Villa,Chelsea,2.0,2.2,1.4,1.4,1.0,1.2,0.8888888888888888,1,53.0,54.5,-0.20000000000000018,0.0,-0.19999999999999996,-1.5,A,0
3551,2013-05-12,2012/2013,Everton,West Ham United,1.6,1.2,3.0,1.0,0.4,0.2,2.142857142857143,1,52.666666666666664,48.333333333333336,0.40000000000000013,2.0,0.2,4.333333333333329,H,2
3552,2013-05-12,2012/2013,Fulham,Liverpool,0.2,1.4,1.2,2.0,-1.4,1.2,1.2222222222222223,1,43.5,53.166666666666664,-1.2,-0.8,-2.5999999999999996,-9.666666666666664,A,0
3553,2013-05-12,2012/2013,Manchester United,Swansea City,1.6,1.2,1.8,0.8,0.8,-0.2,2.3333333333333335,1,48.5,45.833333333333336,0.40000000000000013,1.0,1.0,2.6666666666666643,H,2
3554,2013-05-12,2012/2013,Norwich City,West Bromwich Albion,0.8,0.8,1.6,0.8,-0.6,0.0,1.0,1,53.0,45.166666666666664,0.0,0.8,-0.6,7.833333333333336,H,2
3555,2013-05-12,2012/2013,Queens Park Rangers,Newcastle United,0.4,1.0,0.8,0.4,-1.0,-1.6,0.3333333333333333,1,52.666666666666664,51.666666666666664,-0.6,0.4,0.6000000000000001,1.0,A,0
3557,2013-05-12,2012/2013,Stoke City,Tottenham Hotspur,1.4,1.8,0.8,1.6,-0.2,0.6,1.2222222222222223,1,58.833333333333336,48.5,-0.40000000000000013,-0.8,-0.8,10.333333333333336,A,0
3558,2013-05-12,2012/2013,Sunderland,Southampton,1.4,1.0,1.2,1.0,-0.4,-0.4,3.0,1,55.333333333333336,52.166666666666664,0.3999999999999999,0.19999999999999996,0.0,3.1666666666666714,D,1
3549,2013-05-14,2012/2013,Arsenal,Wigan Athletic,2.2,0.8,2.2,1.4,0.8,-0.6,2.111111111111111,1,40.333333333333336,42.333333333333336,1.4000000000000001,0.8000000000000003,1.4,-2.0,H,2
3556,2013-05-14,2012/2013,Reading,Manchester City,1.0,2.0,0.4,1.4,-0.2,0.2,0.0,1,50.0,49.666666666666664,-1.0,-0.9999999999999999,-0.4,0.3333333333333357,A,0
3566,2013-05-19,2012/2013,West Bromwich Albion,Manchester United,0.8,1.6,1.4,2.2,-0.6,0.6,0.14285714285714285,1,45.166666666666664,48.5,-0.8,-0.8000000000000003,-1.2,-3.3333333333333357,D,1
3565,2013-05-19,2012/2013,Tottenham Hotspur,Sunderland,2.2,1.6,2.0,0.6,0.8,-0.2,1.6666666666666667,1,48.5,55.333333333333336,0.6000000000000001,1.4,1.0,-6.833333333333336,H,2
3568,2013-05-19,2012/2013,Wigan Athletic,Aston Villa,0.8,1.4,1.4,1.8,-1.0,0.4,1.0,1,42.333333333333336,53.0,-0.5999999999999999,-0.40000000000000013,-1.4,-10.666666666666664,D,1
3567,2013-05-19,2012/2013,West Ham United,Reading,1.0,1.0,1.6,0.6,-0.2,-0.2,0.0,1,48.333333333333336,50.0,0.0,1.0,0.0,-1.6666666666666643,H,2
3564,2013-05-19,2012/2013,Swansea City,Fulham,1.0,0.0,1.0,1.0,-0.4,-1.8,3.0,1,45.833333333333336,43.5,1.0,0.0,1.4,2.3333333333333357,A,0
3563,2013-05-19,2012/2013,Southampton,Stoke City,0.6,1.4,1.4,0.8,-0.8,0.0,1.0,1,52.166666666666664,58.833333333333336,-0.7999999999999999,0.5999999999999999,-0.8,-6.666666666666671,D,1
3562,2013-05-19,2012/2013,Newcastle United,Arsenal,1.0,2.2,1.8,2.4,-1.6,1.0,0.7142857142857143,1,51.666666666666664,40.333333333333336,-1.2000000000000002,-0.5999999999999999,-2.6,11.333333333333329,A,0
3561,2013-05-19,2012/2013,Manchester City,Norwich City,2.0,1.2,3.0,0.2,0.4,0.2,3.0,1,49.666666666666664,53.0,0.8,2.8,0.2,-3.3333333333333357,A,0
3560,2013-05-19,2012/2013,Liverpool,Queens Park Rangers,1.8,0.2,1.8,0.8,1.6,-1.2,2.0,1,53.166666666666664,52.666666666666664,1.6,1.0,2.8,0.5,H,2
3559,2013-05-19,2012/2013,Chelsea,Everton,2.2,1.6,2.6,0.6,0.8,0.4,1.1111111111111112,1,54.5,52.666666666666664,0.6000000000000001,2.0,0.4,1.8333333333333357,H,2
