id,country,league,season,date,home_team,away_team,home_team_goal,away_team_goal
1730,England,England Premier League,2008/2009,2008-08-16 00:00:00,Arsenal,West Bromwich Albion,1,0
1731,England,England Premier League,2008/2009,2008-08-16 00:00:00,Sunderland,Liverpool,0,1
1732,England,England Premier League,2008/2009,2008-08-16 00:00:00,West Ham United,Wigan Athletic,2,1
1734,England,England Premier League,2008/2009,2008-08-16 00:00:00,Everton,Blackburn Rovers,2,3
1735,England,England Premier League,2008/2009,2008-08-16 00:00:00,Middlesbrough,Tottenham Hotspur,2,1
1736,England,England Premier League,2008/2009,2008-08-16 00:00:00,Bolton Wanderers,Stoke City,3,1
1737,England,England Premier League,2008/2009,2008-08-16 00:00:00,Hull City,Fulham,2,1
1729,England,England Premier League,2008/2009,2008-08-17 00:00:00,Manchester United,Newcastle United,1,1
1733,England,England Premier League,2008/2009,2008-08-17 00:00:00,Aston Villa,Manchester City,4,2
1738,England,England Premier League,2008/2009,2008-08-17 00:00:00,Chelsea,Portsmouth,4,0
1839,England,England Premier League,2008/2009,2008-08-23 00:00:00,Liverpool,Middlesbrough,2,1
1840,England,England Premier League,2008/2009,2008-08-23 00:00:00,Tottenham Hotspur,Sunderland,1,2
1841,England,England Premier League,2008/2009,2008-08-23 00:00:00,Newcastle United,Bolton Wanderers,1,0
1843,England,England Premier League,2008/2009,2008-08-23 00:00:00,Blackburn Rovers,Hull City,1,1
1844,England,England Premier League,2008/2009,2008-08-23 00:00:00,Fulham,Arsenal,1,0
1845,England,England Premier League,2008/2009,2008-08-23 00:00:00,West Bromwich Albion,Everton,1,2
1847,England,England Premier League,2008/2009,2008-08-23 00:00:00,Stoke City,Aston Villa,3,2
1842,England,England Premier League,2008/2009,2008-08-24 00:00:00,Manchester City,West Ham United,3,0
1848,England,England Premier League,2008/2009,2008-08-24 00:00:00,Wigan Athletic,Chelsea,0,1
1846,England,England Premier League,2008/2009,2008-08-25 00:00:00,Portsmouth,Manchester United,0,1
1950,England,England Premier League,2008/2009,2008-08-30 00:00:00,Arsenal,Newcastle United,3,0
1952,England,England Premier League,2008/2009,2008-08-30 00:00:00,West Ham United,Blackburn Rovers,4,1
1954,England,England Premier League,2008/2009,2008-08-30 00:00:00,Everton,Portsmouth,0,3
1955,England,England Premier League,2008/2009,2008-08-30 00:00:00,Middlesbrough,Stoke City,2,1
1956,England,England Premier League,2008/2009,2008-08-30 00:00:00,Bolton Wanderers,West Bromwich Albion,0,0
1957,England,England Premier League,2008/2009,2008-08-30 00:00:00,Hull City,Wigan Athletic,0,5
1951,England,England Premier League,2008/2009,2008-08-31 00:00:00,Sunderland,Manchester City,0,3
1953,England,England Premier League,2008/2009,2008-08-31 00:00:00,Aston Villa,Liverpool,0,0
1958,England,England Premier League,2008/2009,2008-08-31 00:00:00,Chelsea,Tottenham Hotspur,1,1
2049,England,England Premier League,2008/2009,2008-09-13 00:00:00,Liverpool,Manchester United,2,1
2051,England,England Premier League,2008/2009,2008-09-13 00:00:00,Newcastle United,Hull City,1,2
2052,England,England Premier League,2008/2009,2008-09-13 00:00:00,Manchester City,Chelsea,1,3
2053,England,England Premier League,2008/2009,2008-09-13 00:00:00,Blackburn Rovers,Arsenal,0,4
2054,England,England Premier League,2008/2009,2008-09-13 00:00:00,Fulham,Bolton Wanderers,2,1
2055,England,England Premier League,2008/2009,2008-09-13 00:00:00,West Bromwich Albion,West Ham United,3,2
2056,England,England Premier League,2008/2009,2008-09-13 00:00:00,Portsmouth,Middlesbrough,2,1
2058,England,England Premier League,2008/2009,2008-09-13 00:00:00,Wigan Athletic,Sunderland,1,1
2057,England,England Premier League,2008/2009,2008-09-14 00:00:00,Stoke City,Everton,2,3
2050,England,England Premier League,2008/2009,2008-09-15 00:00:00,Tottenham Hotspur,Aston Villa,1,2
2059,England,England Premier League,2008/2009,2008-09-20 00:00:00,Liverpool,Stoke City,0,0
2060,England,England Premier League,2008/2009,2008-09-20 00:00:00,Sunderland,Middlesbrough,2,0
2062,England,England Premier League,2008/2009,2008-09-20 00:00:00,West Ham United,Newcastle United,3,1
2064,England,England Premier League,2008/2009,2008-09-20 00:00:00,Blackburn Rovers,Fulham,1,0
2065,England,England Premier League,2008/2009,2008-09-20 00:00:00,Bolton Wanderers,Arsenal,1,3
2061,England,England Premier League,2008/2009,2008-09-21 00:00:00,Tottenham Hotspur,Wigan Athletic,0,0
2063,England,England Premier League,2008/2009,2008-09-21 00:00:00,Manchester City,Portsmouth,6,0
2066,England,England Premier League,2008/2009,2008-09-21 00:00:00,West Bromwich Albion,Aston Villa,1,2
2067,England,England Premier League,2008/2009,2008-09-21 00:00:00,Hull City,Everton,2,2
2068,England,England Premier League,2008/2009,2008-09-21 00:00:00,Chelsea,Manchester United,1,1
2069,England,England Premier League,2008/2009,2008-09-27 00:00:00,Manchester United,Bolton Wanderers,2,0
2070,England,England Premier League,2008/2009,2008-09-27 00:00:00,Arsenal,Hull City,1,2
2071,England,England Premier League,2008/2009,2008-09-27 00:00:00,Aston Villa,Sunderland,2,1
2072,England,England Premier League,2008/2009,2008-09-27 00:00:00,Everton,Liverpool,0,2
2073,England,England Premier League,2008/2009,2008-09-27 00:00:00,Middlesbrough,West Bromwich Albion,0,1
2074,England,England Premier League,2008/2009,2008-09-27 00:00:00,Newcastle United,Blackburn Rovers,1,2
2075,England,England Premier League,2008/2009,2008-09-27 00:00:00,Fulham,West Ham United,1,2
2077,England,England Premier League,2008/2009,2008-09-27 00:00:00,Stoke City,Chelsea,0,2
2076,England,England Premier League,2008/2009,2008-09-28 00:00:00,Portsmouth,Tottenham Hotspur,2,0
2078,England,England Premier League,2008/2009,2008-09-28 00:00:00,Wigan Athletic,Manchester City,2,1
2079,England,England Premier League,2008/2009,2008-10-04 00:00:00,Sunderland,Arsenal,1,1
2084,England,England Premier League,2008/2009,2008-10-04 00:00:00,Blackburn Rovers,Manchester United,0,2
2085,England,England Premier League,2008/2009,2008-10-04 00:00:00,West Bromwich Albion,Fulham,1,0
2087,England,England Premier League,2008/2009,2008-10-04 00:00:00,Wigan Athletic,Middlesbrough,0,1
2080,England,England Premier League,2008/2009,2008-10-05 00:00:00,Tottenham Hotspur,Hull City,0,1
2081,England,England Premier League,2008/2009,2008-10-05 00:00:00,West Ham United,Bolton Wanderers,1,3
2082,England,England Premier League,2008/2009,2008-10-05 00:00:00,Everton,Newcastle United,2,2
2083,England,England Premier League,2008/2009,2008-10-05 00:00:00,Manchester City,Liverpool,2,3
2086,England,England Premier League,2008/2009,2008-10-05 00:00:00,Portsmouth,Stoke City,2,1
2088,England,England Premier League,2008/2009,2008-10-05 00:00:00,Chelsea,Aston Villa,2,0
2089,England,England Premier League,2008/2009,2008-10-18 00:00:00,Manchester United,West Bromwich Albion,4,0
2090,England,England Premier League,2008/2009,2008-10-18 00:00:00,Arsenal,Everton,3,1
2091,England,England Premier League,2008/2009,2008-10-18 00:00:00,Liverpool,Wigan Athletic,3,2
2092,England,England Premier League,2008/2009,2008-10-18 00:00:00,Aston Villa,Portsmouth,0,0
2093,England,England Premier League,2008/2009,2008-10-18 00:00:00,Middlesbrough,Chelsea,0,5
2095,England,England Premier League,2008/2009,2008-10-18 00:00:00,Fulham,Sunderland,0,0
2096,England,England Premier League,2008/2009,2008-10-18 00:00:00,Bolton Wanderers,Blackburn Rovers,0,0
2097,England,England Premier League,2008/2009,2008-10-19 00:00:00,Hull City,West Ham United,1,0
2098,England,England Premier League,2008/2009,2008-10-19 00:00:00,Stoke City,Tottenham Hotspur,2,1
2094,England,England Premier League,2008/2009,2008-10-20 00:00:00,Newcastle United,Manchester City,2,2
2099,England,England Premier League,2008/2009,2008-10-25 00:00:00,Sunderland,Newcastle United,2,1
2102,England,England Premier League,2008/2009,2008-10-25 00:00:00,Everton,Manchester United,1,1
2104,England,England Premier League,2008/2009,2008-10-25 00:00:00,Blackburn Rovers,Middlesbrough,1,1
2105,England,England Premier League,2008/2009,2008-10-25 00:00:00,West Bromwich Albion,Hull City,0,3
2100,England,England Premier League,2008/2009,2008-10-26 00:00:00,Tottenham Hotspur,Bolton Wanderers,2,0
2101,England,England Premier League,2008/2009,2008-10-26 00:00:00,West Ham United,Arsenal,0,2
2103,England,England Premier League,2008/2009,2008-10-26 00:00:00,Manchester City,Stoke City,3,0
2106,England,England Premier League,2008/2009,2008-10-26 00:00:00,Portsmouth,Fulham,1,1
2107,England,England Premier League,2008/2009,2008-10-26 00:00:00,Wigan Athletic,Aston Villa,0,4
2108,England,England Premier League,2008/2009,2008-10-26 00:00:00,Chelsea,Liverpool,0,1
1747,England,England Premier League,2008/2009,2008-10-28 00:00:00,Newcastle United,West Bromwich Albion,2,1
1739,England,England Premier League,2008/2009,2008-10-29 00:00:00,Manchester United,West Ham United,2,0
1740,England,England Premier League,2008/2009,2008-10-29 00:00:00,Arsenal,Tottenham Hotspur,4,4
1741,England,England Premier League,2008/2009,2008-10-29 00:00:00,Middlesbrough,Manchester City,2,0
1742,England,England Premier League,2008/2009,2008-10-29 00:00:00,Bolton Wanderers,Everton,0,1
1743,England,England Premier League,2008/2009,2008-10-29 00:00:00,Hull City,Chelsea,0,3
1744,England,England Premier League,2008/2009,2008-10-29 00:00:00,Stoke City,Sunderland,1,0
1745,England,England Premier League,2008/2009,2008-10-29 00:00:00,Liverpool,Portsmouth,1,0
1746,England,England Premier League,2008/2009,2008-10-29 00:00:00,Aston Villa,Blackburn Rovers,3,2
1748,England,England Premier League,2008/2009,2008-10-29 00:00:00,Fulham,Wigan Athletic,2,0
1749,England,England Premier League,2008/2009,2008-11-01 00:00:00,Manchester United,Hull City,4,3
1750,England,England Premier League,2008/2009,2008-11-01 00:00:00,Tottenham Hotspur,Liverpool,2,1
1751,England,England Premier League,2008/2009,2008-11-01 00:00:00,Everton,Fulham,1,0
1752,England,England Premier League,2008/2009,2008-11-01 00:00:00,Middlesbrough,West Ham United,1,1
1755,England,England Premier League,2008/2009,2008-11-01 00:00:00,West Bromwich Albion,Blackburn Rovers,2,2
1756,England,England Premier League,2008/2009,2008-11-01 00:00:00,Portsmouth,Wigan Athletic,1,2
1757,England,England Premier League,2008/2009,2008-11-01 00:00:00,Stoke City,Arsenal,2,1
1758,England,England Premier League,2008/2009,2008-11-01 00:00:00,Chelsea,Sunderland,5,0
1754,England,England Premier League,2008/2009,2008-11-02 00:00:00,Bolton Wanderers,Manchester City,2,0
1753,England,England Premier League,2008/2009,2008-11-03 00:00:00,Newcastle United,Aston Villa,2,0
1759,England,England Premier League,2008/2009,2008-11-08 00:00:00,Arsenal,Manchester United,2,1
1760,England,England Premier League,2008/2009,2008-11-08 00:00:00,Liverpool,West Bromwich Albion,3,0
1761,England,England Premier League,2008/2009,2008-11-08 00:00:00,Sunderland,Portsmouth,1,2
1762,England,England Premier League,2008/2009,2008-11-08 00:00:00,West Ham United,Everton,1,3
1767,England,England Premier League,2008/2009,2008-11-08 00:00:00,Hull City,Bolton Wanderers,0,1
1768,England,England Premier League,2008/2009,2008-11-08 00:00:00,Wigan Athletic,Stoke City,0,0
1763,England,England Premier League,2008/2009,2008-11-09 00:00:00,Aston Villa,Middlesbrough,1,2
1764,England,England Premier League,2008/2009,2008-11-09 00:00:00,Manchester City,Tottenham Hotspur,1,2
1765,England,England Premier League,2008/2009,2008-11-09 00:00:00,Blackburn Rovers,Chelsea,0,2
1766,England,England Premier League,2008/2009,2008-11-09 00:00:00,Fulham,Newcastle United,2,1
1769,England,England Premier League,2008/2009,2008-11-15 00:00:00,Manchester United,Stoke City,5,0
1770,England,England Premier League,2008/2009,2008-11-15 00:00:00,Arsenal,Aston Villa,0,2
1771,England,England Premier League,2008/2009,2008-11-15 00:00:00,West Ham United,Portsmouth,0,0
1773,England,England Premier League,2008/2009,2008-11-15 00:00:00,Newcastle United,Wigan Athletic,2,2
1774,England,England Premier League,2008/2009,2008-11-15 00:00:00,Blackburn Rovers,Sunderland,1,2
1775,England,England Premier League,2008/2009,2008-11-15 00:00:00,Fulham,Tottenham Hotspur,2,1
1776,England,England Premier League,2008/2009,2008-11-15 00:00:00,Bolton Wanderers,Liverpool,0,2
1777,England,England Premier League,2008/2009,2008-11-15 00:00:00,West Bromwich Albion,Chelsea,0,3
1772,England,England Premier League,2008/2009,2008-11-16 00:00:00,Everton,Middlesbrough,1,1
1778,England,England Premier League,2008/2009,2008-11-16 00:00:00,Hull City,Manchester City,2,2
1779,England,England Premier League,2008/2009,2008-11-22 00:00:00,Liverpool,Fulham,0,0
1782,England,England Premier League,2008/2009,2008-11-22 00:00:00,Aston Villa,Manchester United,0,0
1783,England,England Premier League,2008/2009,2008-11-22 00:00:00,Middlesbrough,Bolton Wanderers,1,3
1784,England,England Premier League,2008/2009,2008-11-22 00:00:00,Manchester City,Arsenal,3,0
1785,England,England Premier League,2008/2009,2008-11-22 00:00:00,Portsmouth,Hull City,2,2
1786,England,England Premier League,2008/2009,2008-11-22 00:00:00,Stoke City,West Bromwich Albion,1,0
1788,England,England Premier League,2008/2009,2008-11-22 00:00:00,Chelsea,Newcastle United,0,0
1780,England,England Premier League,2008/2009,2008-11-23 00:00:00,Sunderland,West Ham United,0,1
1781,England,England Premier League,2008/2009,2008-11-23 00:00:00,Tottenham Hotspur,Blackburn Rovers,1,0
1787,England,England Premier League,2008/2009,2008-11-24 00:00:00,Wigan Athletic,Everton,1,0
1790,England,England Premier League,2008/2009,2008-11-29 00:00:00,Sunderland,Bolton Wanderers,1,4
1792,England,England Premier League,2008/2009,2008-11-29 00:00:00,Aston Villa,Fulham,0,0
1793,England,England Premier League,2008/2009,2008-11-29 00:00:00,Middlesbrough,Newcastle United,0,0
1796,England,England Premier League,2008/2009,2008-11-29 00:00:00,Stoke City,Hull City,1,1
1797,England,England Premier League,2008/2009,2008-11-29 00:00:00,Wigan Athletic,West Bromwich Albion,2,1
1791,England,England Premier League,2008/2009,2008-11-30 00:00:00,Tottenham Hotspur,Everton,0,1
1794,England,England Premier League,2008/2009,2008-11-30 00:00:00,Manchester City,Manchester United,0,1
1795,England,England Premier League,2008/2009,2008-11-30 00:00:00,Portsmouth,Blackburn Rovers,3,2
1798,England,England Premier League,2008/2009,2008-11-30 00:00:00,Chelsea,Arsenal,1,2
1789,England,England Premier League,2008/2009,2008-12-01 00:00:00,Liverpool,West Ham United,0,0
1799,England,England Premier League,2008/2009,2008-12-06 00:00:00,Manchester United,Sunderland,1,0
1800,England,England Premier League,2008/2009,2008-12-06 00:00:00,Arsenal,Wigan Athletic,1,0
1803,England,England Premier League,2008/2009,2008-12-06 00:00:00,Newcastle United,Stoke City,2,2
1804,England,England Premier League,2008/2009,2008-12-06 00:00:00,Blackburn Rovers,Liverpool,1,3
1805,England,England Premier League,2008/2009,2008-12-06 00:00:00,Fulham,Manchester City,1,1
1806,England,England Premier League,2008/2009,2008-12-06 00:00:00,Bolton Wanderers,Chelsea,0,2
1808,England,England Premier League,2008/2009,2008-12-06 00:00:00,Hull City,Middlesbrough,2,1
1802,England,England Premier League,2008/2009,2008-12-07 00:00:00,Everton,Aston Villa,2,3
1807,England,England Premier League,2008/2009,2008-12-07 00:00:00,West Bromwich Albion,Portsmouth,1,1
1801,England,England Premier League,2008/2009,2008-12-08 00:00:00,West Ham United,Tottenham Hotspur,0,2
1809,England,England Premier League,2008/2009,2008-12-13 00:00:00,Liverpool,Hull City,2,2
1810,England,England Premier League,2008/2009,2008-12-13 00:00:00,Sunderland,West Bromwich Albion,4,0
1811,England,England Premier League,2008/2009,2008-12-13 00:00:00,Tottenham Hotspur,Manchester United,0,0
1812,England,England Premier League,2008/2009,2008-12-13 00:00:00,Aston Villa,Bolton Wanderers,4,2
1813,England,England Premier League,2008/2009,2008-12-13 00:00:00,Middlesbrough,Arsenal,1,1
1814,England,England Premier League,2008/2009,2008-12-13 00:00:00,Manchester City,Everton,0,1
1816,England,England Premier League,2008/2009,2008-12-13 00:00:00,Stoke City,Fulham,0,0
1817,England,England Premier League,2008/2009,2008-12-13 00:00:00,Wigan Athletic,Blackburn Rovers,3,0
1815,England,England Premier League,2008/2009,2008-12-14 00:00:00,Portsmouth,Newcastle United,0,3
1818,England,England Premier League,2008/2009,2008-12-14 00:00:00,Chelsea,West Ham United,1,1
1821,England,England Premier League,2008/2009,2008-12-20 00:00:00,West Ham United,Aston Villa,0,1
1824,England,England Premier League,2008/2009,2008-12-20 00:00:00,Blackburn Rovers,Stoke City,3,0
1825,England,England Premier League,2008/2009,2008-12-20 00:00:00,Fulham,Middlesbrough,3,0
1826,England,England Premier League,2008/2009,2008-12-20 00:00:00,Bolton Wanderers,Portsmouth,2,1
1828,England,England Premier League,2008/2009,2008-12-20 00:00:00,Hull City,Sunderland,1,4
1820,England,England Premier League,2008/2009,2008-12-21 00:00:00,Arsenal,Liverpool,1,1
1823,England,England Premier League,2008/2009,2008-12-21 00:00:00,Newcastle United,Tottenham Hotspur,2,1
1827,England,England Premier League,2008/2009,2008-12-21 00:00:00,West Bromwich Albion,Manchester City,2,1
1822,England,England Premier League,2008/2009,2008-12-22 00:00:00,Everton,Chelsea,0,0
1829,England,England Premier League,2008/2009,2008-12-26 00:00:00,Liverpool,Bolton Wanderers,3,0
1830,England,England Premier League,2008/2009,2008-12-26 00:00:00,Sunderland,Blackburn Rovers,0,0
1831,England,England Premier League,2008/2009,2008-12-26 00:00:00,Tottenham Hotspur,Fulham,0,0
1832,England,England Premier League,2008/2009,2008-12-26 00:00:00,Aston Villa,Arsenal,2,2
1833,England,England Premier League,2008/2009,2008-12-26 00:00:00,Middlesbrough,Everton,0,1
1834,England,England Premier League,2008/2009,2008-12-26 00:00:00,Manchester City,Hull City,5,1
1835,England,England Premier League,2008/2009,2008-12-26 00:00:00,Portsmouth,West Ham United,1,4
1836,England,England Premier League,2008/2009,2008-12-26 00:00:00,Stoke City,Manchester United,0,1
1837,England,England Premier League,2008/2009,2008-12-26 00:00:00,Wigan Athletic,Newcastle United,2,1
1838,England,England Premier League,2008/2009,2008-12-26 00:00:00,Chelsea,West Bromwich Albion,2,0
1850,England,England Premier League,2008/2009,2008-12-28 00:00:00,Arsenal,Portsmouth,1,0
1851,England,England Premier League,2008/2009,2008-12-28 00:00:00,West Ham United,Stoke City,2,1
1852,England,England Premier League,2008/2009,2008-12-28 00:00:00,Everton,Sunderland,3,0
1853,England,England Premier League,2008/2009,2008-12-28 00:00:00,Newcastle United,Liverpool,1,5
1854,England,England Premier League,2008/2009,2008-12-28 00:00:00,Blackburn Rovers,Manchester City,2,2
1855,England,England Premier League,2008/2009,2008-12-28 00:00:00,Fulham,Chelsea,2,2
1856,England,England Premier League,2008/2009,2008-12-28 00:00:00,Bolton Wanderers,Wigan Athletic,0,1
1857,England,England Premier League,2008/2009,2008-12-28 00:00:00,West Bromwich Albion,Tottenham Hotspur,2,0
1849,England,England Premier League,2008/2009,2008-12-29 00:00:00,Manchester United,Middlesbrough,1,0
1858,England,England Premier League,2008/2009,2008-12-30 00:00:00,Hull City,Aston Villa,0,1
1860,England,England Premier League,2008/2009,2009-01-10 00:00:00,Arsenal,Bolton Wanderers,1,0
1861,England,England Premier League,2008/2009,2009-01-10 00:00:00,Aston Villa,West Bromwich Albion,2,1
1862,England,England Premier League,2008/2009,2009-01-10 00:00:00,Everton,Hull City,2,0
1863,England,England Premier League,2008/2009,2009-01-10 00:00:00,Middlesbrough,Sunderland,1,1
1864,England,England Premier League,2008/2009,2009-01-10 00:00:00,Newcastle United,West Ham United,2,2
1867,England,England Premier League,2008/2009,2009-01-10 00:00:00,Stoke City,Liverpool,0,0
1859,England,England Premier League,2008/2009,2009-01-11 00:00:00,Manchester United,Chelsea,3,0
1868,England,England Premier League,2008/2009,2009-01-11 00:00:00,Wigan Athletic,Tottenham Hotspur,1,0
1819,England,England Premier League,2008/2009,2009-01-14 00:00:00,Manchester United,Wigan Athletic,1,0
1870,England,England Premier League,2008/2009,2009-01-17 00:00:00,Sunderland,Aston Villa,1,2
1873,England,England Premier League,2008/2009,2009-01-17 00:00:00,Manchester City,Wigan Athletic,1,0
1874,England,England Premier League,2008/2009,2009-01-17 00:00:00,Blackburn Rovers,Newcastle United,3,0
1875,England,England Premier League,2008/2009,2009-01-17 00:00:00,Bolton Wanderers,Manchester United,0,1
1876,England,England Premier League,2008/2009,2009-01-17 00:00:00,West Bromwich Albion,Middlesbrough,3,0
1877,England,England Premier League,2008/2009,2009-01-17 00:00:00,Hull City,Arsenal,1,3
1878,England,England Premier League,2008/2009,2009-01-17 00:00:00,Chelsea,Stoke City,2,1
1871,England,England Premier League,2008/2009,2009-01-18 00:00:00,Tottenham Hotspur,Portsmouth,1,1
1872,England,England Premier League,2008/2009,2009-01-18 00:00:00,West Ham United,Fulham,3,1
1869,England,England Premier League,2008/2009,2009-01-19 00:00:00,Liverpool,Everton,1,1
1879,England,England Premier League,2008/2009,2009-01-27 00:00:00,Sunderland,Fulham,1,0
1880,England,England Premier League,2008/2009,2009-01-27 00:00:00,Tottenham Hotspur,Stoke City,3,1
1882,England,England Premier League,2008/2009,2009-01-27 00:00:00,West Bromwich Albion,Manchester United,0,5
1883,England,England Premier League,2008/2009,2009-01-27 00:00:00,Portsmouth,Aston Villa,0,1
1881,England,England Premier League,2008/2009,2009-01-28 00:00:00,West Ham United,Hull City,2,0
1884,England,England Premier League,2008/2009,2009-01-28 00:00:00,Wigan Athletic,Liverpool,1,1
1885,England,England Premier League,2008/2009,2009-01-28 00:00:00,Everton,Arsenal,1,1
1886,England,England Premier League,2008/2009,2009-01-28 00:00:00,Manchester City,Newcastle United,2,1
1887,England,England Premier League,2008/2009,2009-01-28 00:00:00,Blackburn Rovers,Bolton Wanderers,2,2
1888,England,England Premier League,2008/2009,2009-01-28 00:00:00,Chelsea,Middlesbrough,2,0
1889,England,England Premier League,2008/2009,2009-01-31 00:00:00,Manchester United,Everton,1,0
1890,England,England Premier League,2008/2009,2009-01-31 00:00:00,Arsenal,West Ham United,0,0
1892,England,England Premier League,2008/2009,2009-01-31 00:00:00,Aston Villa,Wigan Athletic,0,0
1893,England,England Premier League,2008/2009,2009-01-31 00:00:00,Middlesbrough,Blackburn Rovers,0,0
1895,England,England Premier League,2008/2009,2009-01-31 00:00:00,Fulham,Portsmouth,3,1
1896,England,England Premier League,2008/2009,2009-01-31 00:00:00,Bolton Wanderers,Tottenham Hotspur,3,2
1897,England,England Premier League,2008/2009,2009-01-31 00:00:00,Hull City,West Bromwich Albion,2,2
1898,England,England Premier League,2008/2009,2009-01-31 00:00:00,Stoke City,Manchester City,1,0
1891,England,England Premier League,2008/2009,2009-02-01 00:00:00,Liverpool,Chelsea,2,0
1894,England,England Premier League,2008/2009,2009-02-01 00:00:00,Newcastle United,Sunderland,1,1
1899,England,England Premier League,2008/2009,2009-02-07 00:00:00,Sunderland,Stoke City,2,0
1902,England,England Premier League,2008/2009,2009-02-07 00:00:00,Everton,Bolton Wanderers,3,0
1903,England,England Premier League,2008/2009,2009-02-07 00:00:00,Manchester City,Middlesbrough,1,0
1904,England,England Premier League,2008/2009,2009-02-07 00:00:00,Blackburn Rovers,Aston Villa,0,2
1905,England,England Premier League,2008/2009,2009-02-07 00:00:00,West Bromwich Albion,Newcastle United,2,3
1906,England,England Premier League,2008/2009,2009-02-07 00:00:00,Portsmouth,Liverpool,2,3
1907,England,England Premier League,2008/2009,2009-02-07 00:00:00,Wigan Athletic,Fulham,0,0
1908,England,England Premier League,2008/2009,2009-02-07 00:00:00,Chelsea,Hull City,0,0
1900,England,England Premier League,2008/2009,2009-02-08 00:00:00,Tottenham Hotspur,Arsenal,0,0
1901,England,England Premier League,2008/2009,2009-02-08 00:00:00,West Ham United,Manchester United,0,1
1866,England,England Premier League,2008/2009,2009-02-14 00:00:00,Portsmouth,Manchester City,2,0
1949,England,England Premier League,2008/2009,2009-02-18 00:00:00,Manchester United,Fulham,3,0
1909,England,England Premier League,2008/2009,2009-02-21 00:00:00,Manchester United,Blackburn Rovers,2,1
1910,England,England Premier League,2008/2009,2009-02-21 00:00:00,Arsenal,Sunderland,0,0
1912,England,England Premier League,2008/2009,2009-02-21 00:00:00,Aston Villa,Chelsea,0,1
1913,England,England Premier League,2008/2009,2009-02-21 00:00:00,Middlesbrough,Wigan Athletic,0,0
1916,England,England Premier League,2008/2009,2009-02-21 00:00:00,Bolton Wanderers,West Ham United,2,1
1918,England,England Premier League,2008/2009,2009-02-21 00:00:00,Stoke City,Portsmouth,2,2
1911,England,England Premier League,2008/2009,2009-02-22 00:00:00,Liverpool,Manchester City,1,1
1914,England,England Premier League,2008/2009,2009-02-22 00:00:00,Newcastle United,Everton,0,0
1915,England,England Premier League,2008/2009,2009-02-22 00:00:00,Fulham,West Bromwich Albion,2,0
1917,England,England Premier League,2008/2009,2009-02-23 00:00:00,Hull City,Tottenham Hotspur,1,2
1920,England,England Premier League,2008/2009,2009-02-28 00:00:00,Arsenal,Fulham,0,0
1924,England,England Premier League,2008/2009,2009-02-28 00:00:00,Everton,West Bromwich Albion,2,0
1925,England,England Premier League,2008/2009,2009-02-28 00:00:00,Middlesbrough,Liverpool,2,0
1928,England,England Premier League,2008/2009,2009-02-28 00:00:00,Chelsea,Wigan Athletic,2,1
1922,England,England Premier League,2008/2009,2009-03-01 00:00:00,West Ham United,Manchester City,1,0
1923,England,England Premier League,2008/2009,2009-03-01 00:00:00,Aston Villa,Stoke City,2,2
1926,England,England Premier League,2008/2009,2009-03-01 00:00:00,Bolton Wanderers,Newcastle United,1,0
1927,England,England Premier League,2008/2009,2009-03-01 00:00:00,Hull City,Blackburn Rovers,1,2
1930,England,England Premier League,2008/2009,2009-03-03 00:00:00,West Bromwich Albion,Arsenal,1,3
1931,England,England Premier League,2008/2009,2009-03-03 00:00:00,Portsmouth,Chelsea,0,1
1934,England,England Premier League,2008/2009,2009-03-03 00:00:00,Liverpool,Sunderland,2,0
1929,England,England Premier League,2008/2009,2009-03-04 00:00:00,Tottenham Hotspur,Middlesbrough,4,0
1932,England,England Premier League,2008/2009,2009-03-04 00:00:00,Stoke City,Bolton Wanderers,2,0
1933,England,England Premier League,2008/2009,2009-03-04 00:00:00,Wigan Athletic,West Ham United,0,1
1935,England,England Premier League,2008/2009,2009-03-04 00:00:00,Newcastle United,Manchester United,1,2
1936,England,England Premier League,2008/2009,2009-03-04 00:00:00,Manchester City,Aston Villa,2,0
1937,England,England Premier League,2008/2009,2009-03-04 00:00:00,Blackburn Rovers,Everton,0,0
1938,England,England Premier League,2008/2009,2009-03-04 00:00:00,Fulham,Hull City,0,1
1921,England,England Premier League,2008/2009,2009-03-07 00:00:00,Sunderland,Tottenham Hotspur,1,1
1865,England,England Premier League,2008/2009,2009-03-11 00:00:00,Fulham,Blackburn Rovers,1,2
1939,England,England Premier League,2008/2009,2009-03-14 00:00:00,Manchester United,Liverpool,1,4
1940,England,England Premier League,2008/2009,2009-03-14 00:00:00,Arsenal,Blackburn Rovers,4,0
1941,England,England Premier League,2008/2009,2009-03-14 00:00:00,Sunderland,Wigan Athletic,1,2
1944,England,England Premier League,2008/2009,2009-03-14 00:00:00,Everton,Stoke City,3,1
1945,England,England Premier League,2008/2009,2009-03-14 00:00:00,Middlesbrough,Portsmouth,1,1
1946,England,England Premier League,2008/2009,2009-03-14 00:00:00,Bolton Wanderers,Fulham,1,3
1947,England,England Premier League,2008/2009,2009-03-14 00:00:00,Hull City,Newcastle United,1,1
1943,England,England Premier League,2008/2009,2009-03-15 00:00:00,Aston Villa,Tottenham Hotspur,1,2
1948,England,England Premier League,2008/2009,2009-03-15 00:00:00,Chelsea,Manchester City,1,0
1942,England,England Premier League,2008/2009,2009-03-16 00:00:00,West Ham United,West Bromwich Albion,0,0
1960,England,England Premier League,2008/2009,2009-03-21 00:00:00,Tottenham Hotspur,Chelsea,1,0
1961,England,England Premier League,2008/2009,2009-03-21 00:00:00,Newcastle United,Arsenal,1,3
1963,England,England Premier League,2008/2009,2009-03-21 00:00:00,Blackburn Rovers,West Ham United,1,1
1964,England,England Premier League,2008/2009,2009-03-21 00:00:00,Fulham,Manchester United,2,0
1965,England,England Premier League,2008/2009,2009-03-21 00:00:00,West Bromwich Albion,Bolton Wanderers,1,1
1966,England,England Premier League,2008/2009,2009-03-21 00:00:00,Portsmouth,Everton,2,1
1967,England,England Premier League,2008/2009,2009-03-21 00:00:00,Stoke City,Middlesbrough,1,0
1959,England,England Premier League,2008/2009,2009-03-22 00:00:00,Liverpool,Aston Villa,5,0
1962,England,England Premier League,2008/2009,2009-03-22 00:00:00,Manchester City,Sunderland,1,0
1968,England,England Premier League,2008/2009,2009-03-22 00:00:00,Wigan Athletic,Hull City,1,0
1970,England,England Premier League,2008/2009,2009-04-04 00:00:00,Arsenal,Manchester City,2,0
1971,England,England Premier League,2008/2009,2009-04-04 00:00:00,West Ham United,Sunderland,2,0
1973,England,England Premier League,2008/2009,2009-04-04 00:00:00,Newcastle United,Chelsea,0,2
1974,England,England Premier League,2008/2009,2009-04-04 00:00:00,Blackburn Rovers,Tottenham Hotspur,2,1
1975,England,England Premier League,2008/2009,2009-04-04 00:00:00,Fulham,Liverpool,0,1
1976,England,England Premier League,2008/2009,2009-04-04 00:00:00,Bolton Wanderers,Middlesbrough,4,1
1977,England,England Premier League,2008/2009,2009-04-04 00:00:00,West Bromwich Albion,Stoke City,0,2
1978,England,England Premier League,2008/2009,2009-04-04 00:00:00,Hull City,Portsmouth,0,0
1969,England,England Premier League,2008/2009,2009-04-05 00:00:00,Manchester United,Aston Villa,3,2
1972,England,England Premier League,2008/2009,2009-04-05 00:00:00,Everton,Wigan Athletic,4,0
1979,England,England Premier League,2008/2009,2009-04-11 00:00:00,Liverpool,Blackburn Rovers,4,0
1980,England,England Premier League,2008/2009,2009-04-11 00:00:00,Sunderland,Manchester United,1,2
1981,England,England Premier League,2008/2009,2009-04-11 00:00:00,Tottenham Hotspur,West Ham United,1,0
1983,England,England Premier League,2008/2009,2009-04-11 00:00:00,Middlesbrough,Hull City,3,1
1985,England,England Premier League,2008/2009,2009-04-11 00:00:00,Portsmouth,West Bromwich Albion,2,2
1986,England,England Premier League,2008/2009,2009-04-11 00:00:00,Stoke City,Newcastle United,1,1
1987,England,England Premier League,2008/2009,2009-04-11 00:00:00,Wigan Athletic,Arsenal,1,4
1988,England,England Premier League,2008/2009,2009-04-11 00:00:00,Chelsea,Bolton Wanderers,4,3
1982,England,England Premier League,2008/2009,2009-04-12 00:00:00,Aston Villa,Everton,3,3
1984,England,England Premier League,2008/2009,2009-04-12 00:00:00,Manchester City,Fulham,1,3
1990,England,England Premier League,2008/2009,2009-04-18 00:00:00,Sunderland,Hull City,1,0
1992,England,England Premier League,2008/2009,2009-04-18 00:00:00,Aston Villa,West Ham United,1,1
1993,England,England Premier League,2008/2009,2009-04-18 00:00:00,Middlesbrough,Fulham,0,0
1995,England,England Premier League,2008/2009,2009-04-18 00:00:00,Portsmouth,Bolton Wanderers,1,0
1996,England,England Premier League,2008/2009,2009-04-18 00:00:00,Stoke City,Blackburn Rovers,1,0
1991,England,England Premier League,2008/2009,2009-04-19 00:00:00,Tottenham Hotspur,Newcastle United,1,0
1994,England,England Premier League,2008/2009,2009-04-19 00:00:00,Manchester City,West Bromwich Albion,4,2
1989,England,England Premier League,2008/2009,2009-04-21 00:00:00,Liverpool,Arsenal,4,4
1919,England,England Premier League,2008/2009,2009-04-22 00:00:00,Manchester United,Portsmouth,2,0
1998,England,England Premier League,2008/2009,2009-04-22 00:00:00,Chelsea,Everton,0,0
1999,England,England Premier League,2008/2009,2009-04-25 00:00:00,Manchester United,Tottenham Hotspur,5,2
2001,England,England Premier League,2008/2009,2009-04-25 00:00:00,West Ham United,Chelsea,0,1
2002,England,England Premier League,2008/2009,2009-04-25 00:00:00,Everton,Manchester City,1,2
2005,England,England Premier League,2008/2009,2009-04-25 00:00:00,Fulham,Stoke City,1,0
2006,England,England Premier League,2008/2009,2009-04-25 00:00:00,Bolton Wanderers,Aston Villa,1,1
2007,England,England Premier League,2008/2009,2009-04-25 00:00:00,West Bromwich Albion,Sunderland,3,0
2008,England,England Premier League,2008/2009,2009-04-25 00:00:00,Hull City,Liverpool,1,3
2000,England,England Premier League,2008/2009,2009-04-26 00:00:00,Arsenal,Middlesbrough,2,0
2004,England,England Premier League,2008/2009,2009-04-26 00:00:00,Blackburn Rovers,Wigan Athletic,2,0
2003,England,England Premier League,2008/2009,2009-04-27 00:00:00,Newcastle United,Portsmouth,0,0
2011,England,England Premier League,2008/2009,2009-05-02 00:00:00,Tottenham Hotspur,West Bromwich Albion,1,0
2013,England,England Premier League,2008/2009,2009-05-02 00:00:00,Middlesbrough,Manchester United,0,2
2014,England,England Premier League,2008/2009,2009-05-02 00:00:00,Manchester City,Blackburn Rovers,3,1
2015,England,England Premier League,2008/2009,2009-05-02 00:00:00,Portsmouth,Arsenal,0,3
2016,England,England Premier League,2008/2009,2009-05-02 00:00:00,Stoke City,West Ham United,0,1
2017,England,England Premier League,2008/2009,2009-05-02 00:00:00,Wigan Athletic,Bolton Wanderers,0,0
2018,England,England Premier League,2008/2009,2009-05-02 00:00:00,Chelsea,Fulham,3,1
2009,England,England Premier League,2008/2009,2009-05-03 00:00:00,Liverpool,Newcastle United,3,0
2010,England,England Premier League,2008/2009,2009-05-03 00:00:00,Sunderland,Everton,0,2
2012,England,England Premier League,2008/2009,2009-05-04 00:00:00,Aston Villa,Hull City,1,0
2021,England,England Premier League,2008/2009,2009-05-09 00:00:00,West Ham United,Liverpool,0,3
2022,England,England Premier League,2008/2009,2009-05-09 00:00:00,Everton,Tottenham Hotspur,0,0
2024,England,England Premier League,2008/2009,2009-05-09 00:00:00,Blackburn Rovers,Portsmouth,2,0
2025,England,England Premier League,2008/2009,2009-05-09 00:00:00,Fulham,Aston Villa,3,1
2026,England,England Premier League,2008/2009,2009-05-09 00:00:00,Bolton Wanderers,Sunderland,0,0
2027,England,England Premier League,2008/2009,2009-05-09 00:00:00,West Bromwich Albion,Wigan Athletic,3,1
2028,England,England Premier League,2008/2009,2009-05-09 00:00:00,Hull City,Stoke City,1,2
2019,England,England Premier League,2008/2009,2009-05-10 00:00:00,Manchester United,Manchester City,2,0
2020,England,England Premier League,2008/2009,2009-05-10 00:00:00,Arsenal,Chelsea,1,4
2023,England,England Premier League,2008/2009,2009-05-11 00:00:00,Newcastle United,Middlesbrough,3,1
1997,England,England Premier League,2008/2009,2009-05-13 00:00:00,Wigan Athletic,Manchester United,1,2
2029,England,England Premier League,2008/2009,2009-05-16 00:00:00,Manchester United,Arsenal,0,0
2030,England,England Premier League,2008/2009,2009-05-16 00:00:00,Tottenham Hotspur,Manchester City,2,1
2031,England,England Premier League,2008/2009,2009-05-16 00:00:00,Everton,West Ham United,3,1
2032,England,England Premier League,2008/2009,2009-05-16 00:00:00,Middlesbrough,Aston Villa,1,1
2033,England,England Premier League,2008/2009,2009-05-16 00:00:00,Newcastle United,Fulham,0,1
2034,England,England Premier League,2008/2009,2009-05-16 00:00:00,Bolton Wanderers,Hull City,1,1
2037,England,England Premier League,2008/2009,2009-05-16 00:00:00,Stoke City,Wigan Athletic,2,0
2035,England,England Premier League,2008/2009,2009-05-17 00:00:00,West Bromwich Albion,Liverpool,0,2
2038,England,England Premier League,2008/2009,2009-05-17 00:00:00,Chelsea,Blackburn Rovers,2,0
2036,England,England Premier League,2008/2009,2009-05-18 00:00:00,Portsmouth,Sunderland,3,1
2039,England,England Premier League,2008/2009,2009-05-24 00:00:00,Arsenal,Stoke City,4,1
2040,England,England Premier League,2008/2009,2009-05-24 00:00:00,Liverpool,Tottenham Hotspur,3,1
2041,England,England Premier League,2008/2009,2009-05-24 00:00:00,Sunderland,Chelsea,2,3
2042,England,England Premier League,2008/2009,2009-05-24 00:00:00,West Ham United,Middlesbrough,2,1
2043,England,England Premier League,2008/2009,2009-05-24 00:00:00,Aston Villa,Newcastle United,1,0
2044,England,England Premier League,2008/2009,2009-05-24 00:00:00,Manchester City,Bolton Wanderers,1,0
2045,England,England Premier League,2008/2009,2009-05-24 00:00:00,Blackburn Rovers,West Bromwich Albion,0,0
2046,England,England Premier League,2008/2009,2009-05-24 00:00:00,Fulham,Everton,0,2
2047,England,England Premier League,2008/2009,2009-05-24 00:00:00,Hull City,Manchester United,0,1
2048,England,England Premier League,2008/2009,2009-05-24 00:00:00,Wigan Athletic,Portsmouth,1,0
2111,England,England Premier League,2009/2010,2009-08-15 00:00:00,Aston Villa,Wigan Athletic,0,2
2112,England,England Premier League,2009/2010,2009-08-15 00:00:00,Everton,Arsenal,1,6
2113,England,England Premier League,2009/2010,2009-08-15 00:00:00,Wolverhampton Wanderers,West Ham United,0,2
2114,England,England Premier League,2009/2010,2009-08-15 00:00:00,Blackburn Rovers,Manchester City,0,2
2115,England,England Premier League,2009/2010,2009-08-15 00:00:00,Bolton Wanderers,Sunderland,0,1
2116,England,England Premier League,2009/2010,2009-08-15 00:00:00,Portsmouth,Fulham,0,1
2117,England,England Premier League,2009/2010,2009-08-15 00:00:00,Stoke City,Burnley,2,0
2118,England,England Premier League,2009/2010,2009-08-15 00:00:00,Chelsea,Hull City,2,1
2109,England,England Premier League,2009/2010,2009-08-16 00:00:00,Manchester United,Birmingham City,1,0
2110,England,England Premier League,2009/2010,2009-08-16 00:00:00,Tottenham Hotspur,Liverpool,2,1
2220,England,England Premier League,2009/2010,2009-08-18 00:00:00,Sunderland,Chelsea,1,3
2226,England,England Premier League,2009/2010,2009-08-18 00:00:00,Wigan Athletic,Wolverhampton Wanderers,0,1
2223,England,England Premier League,2009/2010,2009-08-19 00:00:00,Birmingham City,Portsmouth,1,0
2224,England,England Premier League,2009/2010,2009-08-19 00:00:00,Hull City,Tottenham Hotspur,1,5
2225,England,England Premier League,2009/2010,2009-08-19 00:00:00,Burnley,Manchester United,1,0
2227,England,England Premier League,2009/2010,2009-08-19 00:00:00,Liverpool,Stoke City,4,0
2329,England,England Premier League,2009/2010,2009-08-22 00:00:00,Arsenal,Portsmouth,4,1
2331,England,England Premier League,2009/2010,2009-08-22 00:00:00,Sunderland,Blackburn Rovers,2,1
2333,England,England Premier League,2009/2010,2009-08-22 00:00:00,Manchester City,Wolverhampton Wanderers,1,0
2335,England,England Premier League,2009/2010,2009-08-22 00:00:00,Birmingham City,Stoke City,0,0
2336,England,England Premier League,2009/2010,2009-08-22 00:00:00,Hull City,Bolton Wanderers,1,0
2338,England,England Premier League,2009/2010,2009-08-22 00:00:00,Wigan Athletic,Manchester United,0,5
2332,England,England Premier League,2009/2010,2009-08-23 00:00:00,West Ham United,Tottenham Hotspur,1,2
2334,England,England Premier League,2009/2010,2009-08-23 00:00:00,Fulham,Chelsea,0,2
2337,England,England Premier League,2009/2010,2009-08-23 00:00:00,Burnley,Everton,1,0
2330,England,England Premier League,2009/2010,2009-08-24 00:00:00,Liverpool,Aston Villa,1,3
2429,England,England Premier League,2009/2010,2009-08-29 00:00:00,Manchester United,Arsenal,2,1
2430,England,England Premier League,2009/2010,2009-08-29 00:00:00,Tottenham Hotspur,Birmingham City,2,1
2433,England,England Premier League,2009/2010,2009-08-29 00:00:00,Wolverhampton Wanderers,Hull City,1,1
2434,England,England Premier League,2009/2010,2009-08-29 00:00:00,Blackburn Rovers,West Ham United,0,0
2435,England,England Premier League,2009/2010,2009-08-29 00:00:00,Bolton Wanderers,Liverpool,2,3
2437,England,England Premier League,2009/2010,2009-08-29 00:00:00,Stoke City,Sunderland,1,0
2438,England,England Premier League,2009/2010,2009-08-29 00:00:00,Chelsea,Burnley,3,0
2431,England,England Premier League,2009/2010,2009-08-30 00:00:00,Aston Villa,Fulham,2,0
2432,England,England Premier League,2009/2010,2009-08-30 00:00:00,Everton,Wigan Athletic,2,1
2436,England,England Premier League,2009/2010,2009-08-30 00:00:00,Portsmouth,Manchester City,0,1
2439,England,England Premier League,2009/2010,2009-09-12 00:00:00,Liverpool,Burnley,4,0
2440,England,England Premier League,2009/2010,2009-09-12 00:00:00,Sunderland,Hull City,4,1
2441,England,England Premier League,2009/2010,2009-09-12 00:00:00,Tottenham Hotspur,Manchester United,1,3
2442,England,England Premier League,2009/2010,2009-09-12 00:00:00,Manchester City,Arsenal,4,2
2443,England,England Premier League,2009/2010,2009-09-12 00:00:00,Blackburn Rovers,Wolverhampton Wanderers,3,1
2446,England,England Premier League,2009/2010,2009-09-12 00:00:00,Portsmouth,Bolton Wanderers,2,3
2447,England,England Premier League,2009/2010,2009-09-12 00:00:00,Stoke City,Chelsea,1,2
2448,England,England Premier League,2009/2010,2009-09-12 00:00:00,Wigan Athletic,West Ham United,1,0
2444,England,England Premier League,2009/2010,2009-09-13 00:00:00,Fulham,Everton,2,1
2445,England,England Premier League,2009/2010,2009-09-13 00:00:00,Birmingham City,Aston Villa,0,1
2450,England,England Premier League,2009/2010,2009-09-19 00:00:00,Arsenal,Wigan Athletic,4,0
2451,England,England Premier League,2009/2010,2009-09-19 00:00:00,West Ham United,Liverpool,2,3
2452,England,England Premier League,2009/2010,2009-09-19 00:00:00,Aston Villa,Portsmouth,2,0
2455,England,England Premier League,2009/2010,2009-09-19 00:00:00,Bolton Wanderers,Stoke City,1,1
2456,England,England Premier League,2009/2010,2009-09-19 00:00:00,Hull City,Birmingham City,0,1
2457,England,England Premier League,2009/2010,2009-09-19 00:00:00,Burnley,Sunderland,3,1
2449,England,England Premier League,2009/2010,2009-09-20 00:00:00,Manchester United,Manchester City,4,3
2453,England,England Premier League,2009/2010,2009-09-20 00:00:00,Everton,Blackburn Rovers,3,0
2454,England,England Premier League,2009/2010,2009-09-20 00:00:00,Wolverhampton Wanderers,Fulham,2,1
2458,England,England Premier League,2009/2010,2009-09-20 00:00:00,Chelsea,Tottenham Hotspur,3,0
2459,England,England Premier League,2009/2010,2009-09-26 00:00:00,Liverpool,Hull City,6,1
2460,England,England Premier League,2009/2010,2009-09-26 00:00:00,Tottenham Hotspur,Burnley,5,0
2461,England,England Premier League,2009/2010,2009-09-26 00:00:00,Wigan Athletic,Chelsea,3,1
2463,England,England Premier League,2009/2010,2009-09-26 00:00:00,Stoke City,Manchester United,0,2
2464,England,England Premier League,2009/2010,2009-09-26 00:00:00,Portsmouth,Everton,0,1
2466,England,England Premier League,2009/2010,2009-09-26 00:00:00,Fulham,Arsenal,0,1
2467,England,England Premier League,2009/2010,2009-09-26 00:00:00,Blackburn Rovers,Aston Villa,2,1
2468,England,England Premier League,2009/2010,2009-09-26 00:00:00,Birmingham City,Bolton Wanderers,1,2
2462,England,England Premier League,2009/2010,2009-09-27 00:00:00,Sunderland,Wolverhampton Wanderers,5,2
2465,England,England Premier League,2009/2010,2009-09-28 00:00:00,Manchester City,West Ham United,3,1
2469,England,England Premier League,2009/2010,2009-10-03 00:00:00,Manchester United,Sunderland,2,2
2470,England,England Premier League,2009/2010,2009-10-03 00:00:00,Wolverhampton Wanderers,Portsmouth,0,1
2474,England,England Premier League,2009/2010,2009-10-03 00:00:00,Burnley,Birmingham City,2,1
2475,England,England Premier League,2009/2010,2009-10-03 00:00:00,Bolton Wanderers,Tottenham Hotspur,2,2
2476,England,England Premier League,2009/2010,2009-10-03 00:00:00,Hull City,Wigan Athletic,2,1
2471,England,England Premier League,2009/2010,2009-10-04 00:00:00,West Ham United,Fulham,2,2
2472,England,England Premier League,2009/2010,2009-10-04 00:00:00,Everton,Stoke City,1,1
2473,England,England Premier League,2009/2010,2009-10-04 00:00:00,Chelsea,Liverpool,2,0
2478,England,England Premier League,2009/2010,2009-10-04 00:00:00,Arsenal,Blackburn Rovers,6,2
2477,England,England Premier League,2009/2010,2009-10-05 00:00:00,Aston Villa,Manchester City,1,1
2479,England,England Premier League,2009/2010,2009-10-17 00:00:00,Stoke City,West Ham United,2,1
2480,England,England Premier League,2009/2010,2009-10-17 00:00:00,Manchester United,Bolton Wanderers,2,1
2482,England,England Premier League,2009/2010,2009-10-17 00:00:00,Everton,Wolverhampton Wanderers,1,1
2484,England,England Premier League,2009/2010,2009-10-17 00:00:00,Aston Villa,Chelsea,2,1
2485,England,England Premier League,2009/2010,2009-10-17 00:00:00,Sunderland,Liverpool,1,0
2487,England,England Premier League,2009/2010,2009-10-17 00:00:00,Portsmouth,Tottenham Hotspur,1,2
2488,England,England Premier League,2009/2010,2009-10-17 00:00:00,Arsenal,Birmingham City,3,1
2483,England,England Premier League,2009/2010,2009-10-18 00:00:00,Blackburn Rovers,Burnley,3,2
2486,England,England Premier League,2009/2010,2009-10-18 00:00:00,Wigan Athletic,Manchester City,1,1
2481,England,England Premier League,2009/2010,2009-10-19 00:00:00,Fulham,Hull City,2,0
2119,England,England Premier League,2009/2010,2009-10-24 00:00:00,Burnley,Wigan Athletic,1,3
2120,England,England Premier League,2009/2010,2009-10-24 00:00:00,Chelsea,Blackburn Rovers,5,0
2122,England,England Premier League,2009/2010,2009-10-24 00:00:00,Birmingham City,Sunderland,2,1
2123,England,England Premier League,2009/2010,2009-10-24 00:00:00,Tottenham Hotspur,Stoke City,0,1
2125,England,England Premier League,2009/2010,2009-10-24 00:00:00,Wolverhampton Wanderers,Aston Villa,1,1
2126,England,England Premier League,2009/2010,2009-10-24 00:00:00,Hull City,Portsmouth,0,0
2121,England,England Premier League,2009/2010,2009-10-25 00:00:00,Bolton Wanderers,Everton,3,2
2124,England,England Premier League,2009/2010,2009-10-25 00:00:00,West Ham United,Arsenal,2,2
2127,England,England Premier League,2009/2010,2009-10-25 00:00:00,Liverpool,Manchester United,2,0
2128,England,England Premier League,2009/2010,2009-10-25 00:00:00,Manchester City,Fulham,2,2
2129,England,England Premier League,2009/2010,2009-10-31 00:00:00,Portsmouth,Wigan Athletic,4,0
2130,England,England Premier League,2009/2010,2009-10-31 00:00:00,Manchester United,Blackburn Rovers,2,0
2131,England,England Premier League,2009/2010,2009-10-31 00:00:00,Fulham,Liverpool,3,1
2132,England,England Premier League,2009/2010,2009-10-31 00:00:00,Everton,Aston Villa,1,1
2133,England,England Premier League,2009/2010,2009-10-31 00:00:00,Burnley,Hull City,2,0
2134,England,England Premier League,2009/2010,2009-10-31 00:00:00,Bolton Wanderers,Chelsea,0,4
2136,England,England Premier League,2009/2010,2009-10-31 00:00:00,Arsenal,Tottenham Hotspur,3,0
2137,England,England Premier League,2009/2010,2009-10-31 00:00:00,Stoke City,Wolverhampton Wanderers,2,2
2138,England,England Premier League,2009/2010,2009-10-31 00:00:00,Sunderland,West Ham United,2,2
2135,England,England Premier League,2009/2010,2009-11-01 00:00:00,Birmingham City,Manchester City,0,0
2221,England,England Premier League,2009/2010,2009-11-04 00:00:00,West Ham United,Aston Villa,2,1
2141,England,England Premier League,2009/2010,2009-11-07 00:00:00,Wolverhampton Wanderers,Arsenal,1,4
2143,England,England Premier League,2009/2010,2009-11-07 00:00:00,Tottenham Hotspur,Sunderland,2,0
2144,England,England Premier League,2009/2010,2009-11-07 00:00:00,Manchester City,Burnley,3,3
2146,England,England Premier League,2009/2010,2009-11-07 00:00:00,Aston Villa,Bolton Wanderers,5,1
2147,England,England Premier League,2009/2010,2009-11-07 00:00:00,Blackburn Rovers,Portsmouth,3,1
2139,England,England Premier League,2009/2010,2009-11-08 00:00:00,Wigan Athletic,Fulham,1,1
2140,England,England Premier League,2009/2010,2009-11-08 00:00:00,Hull City,Stoke City,2,1
2142,England,England Premier League,2009/2010,2009-11-08 00:00:00,West Ham United,Everton,1,2
2148,England,England Premier League,2009/2010,2009-11-08 00:00:00,Chelsea,Manchester United,1,0
2145,England,England Premier League,2009/2010,2009-11-09 00:00:00,Liverpool,Birmingham City,2,2
2149,England,England Premier League,2009/2010,2009-11-21 00:00:00,Birmingham City,Fulham,1,0
2150,England,England Premier League,2009/2010,2009-11-21 00:00:00,Sunderland,Arsenal,1,0
2152,England,England Premier League,2009/2010,2009-11-21 00:00:00,Burnley,Aston Villa,1,1
2153,England,England Premier League,2009/2010,2009-11-21 00:00:00,Chelsea,Wolverhampton Wanderers,4,0
2154,England,England Premier League,2009/2010,2009-11-21 00:00:00,Hull City,West Ham United,3,3
2155,England,England Premier League,2009/2010,2009-11-21 00:00:00,Liverpool,Manchester City,2,2
2156,England,England Premier League,2009/2010,2009-11-21 00:00:00,Manchester United,Everton,3,0
2151,England,England Premier League,2009/2010,2009-11-22 00:00:00,Stoke City,Portsmouth,1,0
2157,England,England Premier League,2009/2010,2009-11-22 00:00:00,Tottenham Hotspur,Wigan Athletic,9,1
2158,England,England Premier League,2009/2010,2009-11-22 00:00:00,Bolton Wanderers,Blackburn Rovers,0,2
2193,England,England Premier League,2009/2010,2009-11-25 00:00:00,Hull City,Everton,3,2
2222,England,England Premier League,2009/2010,2009-11-25 00:00:00,Fulham,Blackburn Rovers,3,0
2159,England,England Premier League,2009/2010,2009-11-28 00:00:00,Portsmouth,Manchester United,1,4
2160,England,England Premier League,2009/2010,2009-11-28 00:00:00,West Ham United,Burnley,5,3
2162,England,England Premier League,2009/2010,2009-11-28 00:00:00,Manchester City,Hull City,1,1
2163,England,England Premier League,2009/2010,2009-11-28 00:00:00,Fulham,Bolton Wanderers,1,1
2165,England,England Premier League,2009/2010,2009-11-28 00:00:00,Blackburn Rovers,Stoke City,0,0
2166,England,England Premier League,2009/2010,2009-11-28 00:00:00,Aston Villa,Tottenham Hotspur,1,1
2168,England,England Premier League,2009/2010,2009-11-28 00:00:00,Wigan Athletic,Sunderland,1,0
2161,England,England Premier League,2009/2010,2009-11-29 00:00:00,Wolverhampton Wanderers,Birmingham City,0,1
2164,England,England Premier League,2009/2010,2009-11-29 00:00:00,Everton,Liverpool,0,2
2167,England,England Premier League,2009/2010,2009-11-29 00:00:00,Arsenal,Chelsea,0,3
2169,England,England Premier League,2009/2010,2009-12-05 00:00:00,Portsmouth,Burnley,2,0
2170,England,England Premier League,2009/2010,2009-12-05 00:00:00,West Ham United,Manchester United,0,4
2171,England,England Premier League,2009/2010,2009-12-05 00:00:00,Wigan Athletic,Birmingham City,2,3
2172,England,England Premier League,2009/2010,2009-12-05 00:00:00,Wolverhampton Wanderers,Bolton Wanderers,2,1
2173,England,England Premier League,2009/2010,2009-12-05 00:00:00,Manchester City,Chelsea,2,1
2176,England,England Premier League,2009/2010,2009-12-05 00:00:00,Blackburn Rovers,Liverpool,0,0
2177,England,England Premier League,2009/2010,2009-12-05 00:00:00,Aston Villa,Hull City,3,0
2178,England,England Premier League,2009/2010,2009-12-05 00:00:00,Arsenal,Stoke City,2,0
2174,England,England Premier League,2009/2010,2009-12-06 00:00:00,Fulham,Sunderland,1,0
2175,England,England Premier League,2009/2010,2009-12-06 00:00:00,Everton,Tottenham Hotspur,2,2
2179,England,England Premier League,2009/2010,2009-12-12 00:00:00,Manchester United,Aston Villa,0,1
2180,England,England Premier League,2009/2010,2009-12-12 00:00:00,Stoke City,Wigan Athletic,2,2
2181,England,England Premier League,2009/2010,2009-12-12 00:00:00,Sunderland,Portsmouth,1,1
2182,England,England Premier League,2009/2010,2009-12-12 00:00:00,Tottenham Hotspur,Wolverhampton Wanderers,0,1
2184,England,England Premier League,2009/2010,2009-12-12 00:00:00,Hull City,Blackburn Rovers,0,0
2185,England,England Premier League,2009/2010,2009-12-12 00:00:00,Chelsea,Everton,3,3
2186,England,England Premier League,2009/2010,2009-12-12 00:00:00,Burnley,Fulham,1,1
2187,England,England Premier League,2009/2010,2009-12-12 00:00:00,Bolton Wanderers,Manchester City,3,3
2188,England,England Premier League,2009/2010,2009-12-12 00:00:00,Birmingham City,West Ham United,1,0
2183,England,England Premier League,2009/2010,2009-12-13 00:00:00,Liverpool,Arsenal,1,2
2190,England,England Premier League,2009/2010,2009-12-15 00:00:00,Sunderland,Aston Villa,0,2
2192,England,England Premier League,2009/2010,2009-12-15 00:00:00,Manchester United,Wolverhampton Wanderers,3,0
2195,England,England Premier League,2009/2010,2009-12-15 00:00:00,Bolton Wanderers,West Ham United,3,1
2196,England,England Premier League,2009/2010,2009-12-15 00:00:00,Birmingham City,Blackburn Rovers,2,1
2189,England,England Premier League,2009/2010,2009-12-16 00:00:00,Tottenham Hotspur,Manchester City,3,0
2194,England,England Premier League,2009/2010,2009-12-16 00:00:00,Burnley,Arsenal,1,1
2197,England,England Premier League,2009/2010,2009-12-16 00:00:00,Liverpool,Wigan Athletic,2,1
2198,England,England Premier League,2009/2010,2009-12-16 00:00:00,Chelsea,Portsmouth,2,1
2199,England,England Premier League,2009/2010,2009-12-19 00:00:00,Arsenal,Hull City,3,0
2203,England,England Premier League,2009/2010,2009-12-19 00:00:00,Portsmouth,Liverpool,2,0
2204,England,England Premier League,2009/2010,2009-12-19 00:00:00,Manchester City,Sunderland,4,3
2205,England,England Premier League,2009/2010,2009-12-19 00:00:00,Fulham,Manchester United,3,0
2207,England,England Premier League,2009/2010,2009-12-19 00:00:00,Blackburn Rovers,Tottenham Hotspur,0,2
2208,England,England Premier League,2009/2010,2009-12-19 00:00:00,Aston Villa,Stoke City,1,0
2200,England,England Premier League,2009/2010,2009-12-20 00:00:00,Wolverhampton Wanderers,Burnley,2,0
2202,England,England Premier League,2009/2010,2009-12-20 00:00:00,West Ham United,Chelsea,1,1
2206,England,England Premier League,2009/2010,2009-12-20 00:00:00,Everton,Birmingham City,1,1
2209,England,England Premier League,2009/2010,2009-12-26 00:00:00,Wigan Athletic,Blackburn Rovers,1,1
2210,England,England Premier League,2009/2010,2009-12-26 00:00:00,West Ham United,Portsmouth,2,0
2211,England,England Premier League,2009/2010,2009-12-26 00:00:00,Sunderland,Everton,1,1
2212,England,England Premier League,2009/2010,2009-12-26 00:00:00,Manchester City,Stoke City,2,0
2213,England,England Premier League,2009/2010,2009-12-26 00:00:00,Liverpool,Wolverhampton Wanderers,2,0
2215,England,England Premier League,2009/2010,2009-12-26 00:00:00,Fulham,Tottenham Hotspur,0,0
2216,England,England Premier League,2009/2010,2009-12-26 00:00:00,Burnley,Bolton Wanderers,1,1
2217,England,England Premier League,2009/2010,2009-12-26 00:00:00,Birmingham City,Chelsea,0,0
2214,England,England Premier League,2009/2010,2009-12-27 00:00:00,Hull City,Manchester United,1,3
2218,England,England Premier League,2009/2010,2009-12-27 00:00:00,Arsenal,Aston Villa,3,0
2229,England,England Premier League,2009/2010,2009-12-28 00:00:00,Wolverhampton Wanderers,Manchester City,0,3
2230,England,England Premier League,2009/2010,2009-12-28 00:00:00,Tottenham Hotspur,West Ham United,2,0
2231,England,England Premier League,2009/2010,2009-12-28 00:00:00,Stoke City,Birmingham City,0,1
2233,England,England Premier League,2009/2010,2009-12-28 00:00:00,Everton,Burnley,2,0
2234,England,England Premier League,2009/2010,2009-12-28 00:00:00,Chelsea,Fulham,2,1
2236,England,England Premier League,2009/2010,2009-12-28 00:00:00,Blackburn Rovers,Sunderland,2,2
2235,England,England Premier League,2009/2010,2009-12-29 00:00:00,Bolton Wanderers,Hull City,2,2
2237,England,England Premier League,2009/2010,2009-12-29 00:00:00,Aston Villa,Liverpool,0,1
2232,England,England Premier League,2009/2010,2009-12-30 00:00:00,Portsmouth,Arsenal,1,4
2238,England,England Premier League,2009/2010,2009-12-30 00:00:00,Manchester United,Wigan Athletic,5,0
2191,England,England Premier League,2009/2010,2010-01-05 00:00:00,Stoke City,Fulham,3,2
2247,England,England Premier League,2009/2010,2010-01-09 00:00:00,Birmingham City,Manchester United,1,1
2248,England,England Premier League,2009/2010,2010-01-09 00:00:00,Arsenal,Everton,2,2
2241,England,England Premier League,2009/2010,2010-01-11 00:00:00,Manchester City,Blackburn Rovers,4,1
2250,England,England Premier League,2009/2010,2010-01-16 00:00:00,Stoke City,Liverpool,1,1
2251,England,England Premier League,2009/2010,2010-01-16 00:00:00,Tottenham Hotspur,Hull City,0,0
2252,England,England Premier League,2009/2010,2010-01-16 00:00:00,Wolverhampton Wanderers,Wigan Athletic,0,2
2253,England,England Premier League,2009/2010,2010-01-16 00:00:00,Manchester United,Burnley,3,0
2254,England,England Premier League,2009/2010,2010-01-16 00:00:00,Everton,Manchester City,2,0
2255,England,England Premier League,2009/2010,2010-01-16 00:00:00,Chelsea,Sunderland,7,2
2256,England,England Premier League,2009/2010,2010-01-17 00:00:00,Bolton Wanderers,Arsenal,0,2
2257,England,England Premier League,2009/2010,2010-01-17 00:00:00,Blackburn Rovers,Fulham,2,0
2258,England,England Premier League,2009/2010,2010-01-17 00:00:00,Aston Villa,West Ham United,0,0
2219,England,England Premier League,2009/2010,2010-01-20 00:00:00,Arsenal,Bolton Wanderers,4,2
2242,England,England Premier League,2009/2010,2010-01-20 00:00:00,Liverpool,Tottenham Hotspur,2,0
2263,England,England Premier League,2009/2010,2010-01-23 00:00:00,Manchester United,Hull City,4,0
2259,England,England Premier League,2009/2010,2010-01-26 00:00:00,Wolverhampton Wanderers,Liverpool,0,0
2260,England,England Premier League,2009/2010,2010-01-26 00:00:00,Tottenham Hotspur,Fulham,2,0
2262,England,England Premier League,2009/2010,2010-01-26 00:00:00,Portsmouth,West Ham United,1,1
2264,England,England Premier League,2009/2010,2010-01-26 00:00:00,Bolton Wanderers,Burnley,1,0
2265,England,England Premier League,2009/2010,2010-01-27 00:00:00,Everton,Sunderland,2,0
2266,England,England Premier League,2009/2010,2010-01-27 00:00:00,Chelsea,Birmingham City,3,0
2267,England,England Premier League,2009/2010,2010-01-27 00:00:00,Blackburn Rovers,Wigan Athletic,2,1
2268,England,England Premier League,2009/2010,2010-01-27 00:00:00,Aston Villa,Arsenal,0,0
2269,England,England Premier League,2009/2010,2010-01-30 00:00:00,West Ham United,Blackburn Rovers,0,0
2270,England,England Premier League,2009/2010,2010-01-30 00:00:00,Wigan Athletic,Everton,0,1
2273,England,England Premier League,2009/2010,2010-01-30 00:00:00,Liverpool,Bolton Wanderers,2,0
2274,England,England Premier League,2009/2010,2010-01-30 00:00:00,Hull City,Wolverhampton Wanderers,2,2
2275,England,England Premier League,2009/2010,2010-01-30 00:00:00,Fulham,Aston Villa,0,2
2276,England,England Premier League,2009/2010,2010-01-30 00:00:00,Burnley,Chelsea,1,2
2278,England,England Premier League,2009/2010,2010-01-30 00:00:00,Birmingham City,Tottenham Hotspur,1,1
2272,England,England Premier League,2009/2010,2010-01-31 00:00:00,Manchester City,Portsmouth,2,0
2277,England,England Premier League,2009/2010,2010-01-31 00:00:00,Arsenal,Manchester United,1,3
2271,England,England Premier League,2009/2010,2010-02-01 00:00:00,Sunderland,Stoke City,0,0
2243,England,England Premier League,2009/2010,2010-02-02 00:00:00,Hull City,Chelsea,1,1
2244,England,England Premier League,2009/2010,2010-02-03 00:00:00,Fulham,Portsmouth,1,0
2279,England,England Premier League,2009/2010,2010-02-06 00:00:00,Manchester United,Portsmouth,5,0
2280,England,England Premier League,2009/2010,2010-02-06 00:00:00,Stoke City,Blackburn Rovers,3,0
2281,England,England Premier League,2009/2010,2010-02-06 00:00:00,Sunderland,Wigan Athletic,1,1
2282,England,England Premier League,2009/2010,2010-02-06 00:00:00,Tottenham Hotspur,Aston Villa,0,0
2283,England,England Premier League,2009/2010,2010-02-06 00:00:00,Burnley,West Ham United,2,1
2285,England,England Premier League,2009/2010,2010-02-06 00:00:00,Bolton Wanderers,Fulham,0,0
2286,England,England Premier League,2009/2010,2010-02-06 00:00:00,Hull City,Manchester City,2,1
2287,England,England Premier League,2009/2010,2010-02-06 00:00:00,Liverpool,Everton,1,0
2284,England,England Premier League,2009/2010,2010-02-07 00:00:00,Chelsea,Arsenal,2,0
2288,England,England Premier League,2009/2010,2010-02-07 00:00:00,Birmingham City,Wolverhampton Wanderers,2,1
2290,England,England Premier League,2009/2010,2010-02-09 00:00:00,Fulham,Burnley,3,0
2293,England,England Premier League,2009/2010,2010-02-09 00:00:00,Wigan Athletic,Stoke City,1,1
2294,England,England Premier League,2009/2010,2010-02-09 00:00:00,Portsmouth,Sunderland,1,1
2298,England,England Premier League,2009/2010,2010-02-09 00:00:00,Manchester City,Bolton Wanderers,2,0
2289,England,England Premier League,2009/2010,2010-02-10 00:00:00,Arsenal,Liverpool,1,0
2291,England,England Premier League,2009/2010,2010-02-10 00:00:00,West Ham United,Birmingham City,2,0
2292,England,England Premier League,2009/2010,2010-02-10 00:00:00,Wolverhampton Wanderers,Tottenham Hotspur,1,0
2295,England,England Premier League,2009/2010,2010-02-10 00:00:00,Blackburn Rovers,Hull City,1,0
2296,England,England Premier League,2009/2010,2010-02-10 00:00:00,Aston Villa,Manchester United,1,1
2297,England,England Premier League,2009/2010,2010-02-10 00:00:00,Everton,Chelsea,2,1
2261,England,England Premier League,2009/2010,2010-02-16 00:00:00,Stoke City,Manchester City,1,1
2201,England,England Premier League,2009/2010,2010-02-17 00:00:00,Wigan Athletic,Bolton Wanderers,0,0
2300,England,England Premier League,2009/2010,2010-02-20 00:00:00,Portsmouth,Stoke City,1,2
2301,England,England Premier League,2009/2010,2010-02-20 00:00:00,West Ham United,Hull City,3,0
2303,England,England Premier League,2009/2010,2010-02-20 00:00:00,Everton,Manchester United,3,1
2304,England,England Premier League,2009/2010,2010-02-20 00:00:00,Arsenal,Sunderland,2,0
2306,England,England Premier League,2009/2010,2010-02-20 00:00:00,Wolverhampton Wanderers,Chelsea,0,2
2299,England,England Premier League,2009/2010,2010-02-21 00:00:00,Fulham,Birmingham City,2,1
2302,England,England Premier League,2009/2010,2010-02-21 00:00:00,Blackburn Rovers,Bolton Wanderers,3,0
2305,England,England Premier League,2009/2010,2010-02-21 00:00:00,Wigan Athletic,Tottenham Hotspur,0,3
2307,England,England Premier League,2009/2010,2010-02-21 00:00:00,Manchester City,Liverpool,0,0
2308,England,England Premier League,2009/2010,2010-02-21 00:00:00,Aston Villa,Burnley,5,2
2312,England,England Premier League,2009/2010,2010-02-23 00:00:00,Manchester United,West Ham United,3,0
2311,England,England Premier League,2009/2010,2010-02-27 00:00:00,Stoke City,Arsenal,1,3
2315,England,England Premier League,2009/2010,2010-02-27 00:00:00,Chelsea,Manchester City,2,4
2316,England,England Premier League,2009/2010,2010-02-27 00:00:00,Birmingham City,Wigan Athletic,1,0
2317,England,England Premier League,2009/2010,2010-02-27 00:00:00,Burnley,Portsmouth,1,2
2318,England,England Premier League,2009/2010,2010-02-27 00:00:00,Bolton Wanderers,Wolverhampton Wanderers,1,0
2309,England,England Premier League,2009/2010,2010-02-28 00:00:00,Sunderland,Fulham,0,0
2310,England,England Premier League,2009/2010,2010-02-28 00:00:00,Tottenham Hotspur,Everton,2,1
2313,England,England Premier League,2009/2010,2010-02-28 00:00:00,Liverpool,Blackburn Rovers,2,1
2320,England,England Premier League,2009/2010,2010-03-06 00:00:00,West Ham United,Bolton Wanderers,1,2
2326,England,England Premier League,2009/2010,2010-03-06 00:00:00,Arsenal,Burnley,3,1
2327,England,England Premier League,2009/2010,2010-03-06 00:00:00,Wolverhampton Wanderers,Manchester United,0,1
2323,England,England Premier League,2009/2010,2010-03-07 00:00:00,Everton,Hull City,5,1
2319,England,England Premier League,2009/2010,2010-03-08 00:00:00,Wigan Athletic,Liverpool,1,0
2246,England,England Premier League,2009/2010,2010-03-09 00:00:00,Sunderland,Bolton Wanderers,4,0
2249,England,England Premier League,2009/2010,2010-03-09 00:00:00,Portsmouth,Birmingham City,1,2
2245,England,England Premier League,2009/2010,2010-03-10 00:00:00,Burnley,Stoke City,1,1
2339,England,England Premier League,2009/2010,2010-03-13 00:00:00,Tottenham Hotspur,Blackburn Rovers,3,1
2341,England,England Premier League,2009/2010,2010-03-13 00:00:00,Stoke City,Aston Villa,0,0
2344,England,England Premier League,2009/2010,2010-03-13 00:00:00,Hull City,Arsenal,1,2
2345,England,England Premier League,2009/2010,2010-03-13 00:00:00,Birmingham City,Everton,2,2
2346,England,England Premier League,2009/2010,2010-03-13 00:00:00,Bolton Wanderers,Wigan Athletic,4,0
2347,England,England Premier League,2009/2010,2010-03-13 00:00:00,Burnley,Wolverhampton Wanderers,1,2
2348,England,England Premier League,2009/2010,2010-03-13 00:00:00,Chelsea,West Ham United,4,1
2340,England,England Premier League,2009/2010,2010-03-14 00:00:00,Sunderland,Manchester City,1,1
2342,England,England Premier League,2009/2010,2010-03-14 00:00:00,Manchester United,Fulham,3,0
2343,England,England Premier League,2009/2010,2010-03-15 00:00:00,Liverpool,Portsmouth,4,1
2239,England,England Premier League,2009/2010,2010-03-16 00:00:00,Wigan Athletic,Aston Villa,1,2
2349,England,England Premier League,2009/2010,2010-03-20 00:00:00,Wigan Athletic,Burnley,1,0
2350,England,England Premier League,2009/2010,2010-03-20 00:00:00,Sunderland,Birmingham City,3,1
2351,England,England Premier League,2009/2010,2010-03-20 00:00:00,Arsenal,West Ham United,2,0
2352,England,England Premier League,2009/2010,2010-03-20 00:00:00,Aston Villa,Wolverhampton Wanderers,2,2
2354,England,England Premier League,2009/2010,2010-03-20 00:00:00,Portsmouth,Hull City,3,2
2355,England,England Premier League,2009/2010,2010-03-20 00:00:00,Everton,Bolton Wanderers,2,0
2358,England,England Premier League,2009/2010,2010-03-20 00:00:00,Stoke City,Tottenham Hotspur,1,2
2353,England,England Premier League,2009/2010,2010-03-21 00:00:00,Blackburn Rovers,Chelsea,1,1
2356,England,England Premier League,2009/2010,2010-03-21 00:00:00,Fulham,Manchester City,1,2
2357,England,England Premier League,2009/2010,2010-03-21 00:00:00,Manchester United,Liverpool,2,1
2240,England,England Premier League,2009/2010,2010-03-23 00:00:00,West Ham United,Wolverhampton Wanderers,1,3
2228,England,England Premier League,2009/2010,2010-03-24 00:00:00,Manchester City,Everton,0,2
2322,England,England Premier League,2009/2010,2010-03-24 00:00:00,Portsmouth,Chelsea,0,5
2324,England,England Premier League,2009/2010,2010-03-24 00:00:00,Blackburn Rovers,Birmingham City,2,1
2325,England,England Premier League,2009/2010,2010-03-24 00:00:00,Aston Villa,Sunderland,1,1
2361,England,England Premier League,2009/2010,2010-03-27 00:00:00,Tottenham Hotspur,Portsmouth,2,0
2362,England,England Premier League,2009/2010,2010-03-27 00:00:00,Bolton Wanderers,Manchester United,0,4
2363,England,England Premier League,2009/2010,2010-03-27 00:00:00,West Ham United,Stoke City,0,1
2364,England,England Premier League,2009/2010,2010-03-27 00:00:00,Wolverhampton Wanderers,Everton,0,0
2365,England,England Premier League,2009/2010,2010-03-27 00:00:00,Hull City,Fulham,2,0
2366,England,England Premier League,2009/2010,2010-03-27 00:00:00,Chelsea,Aston Villa,7,1
2368,England,England Premier League,2009/2010,2010-03-27 00:00:00,Birmingham City,Arsenal,1,1
2359,England,England Premier League,2009/2010,2010-03-28 00:00:00,Liverpool,Sunderland,3,0
2367,England,England Premier League,2009/2010,2010-03-28 00:00:00,Burnley,Blackburn Rovers,0,1
2360,England,England Premier League,2009/2010,2010-03-29 00:00:00,Manchester City,Wigan Athletic,3,0
2369,England,England Premier League,2009/2010,2010-04-03 00:00:00,Sunderland,Tottenham Hotspur,3,1
2370,England,England Premier League,2009/2010,2010-04-03 00:00:00,Stoke City,Hull City,2,0
2371,England,England Premier League,2009/2010,2010-04-03 00:00:00,Portsmouth,Blackburn Rovers,0,0
2372,England,England Premier League,2009/2010,2010-04-03 00:00:00,Manchester United,Chelsea,1,2
2375,England,England Premier League,2009/2010,2010-04-03 00:00:00,Burnley,Manchester City,1,6
2376,England,England Premier League,2009/2010,2010-04-03 00:00:00,Bolton Wanderers,Aston Villa,0,1
2378,England,England Premier League,2009/2010,2010-04-03 00:00:00,Arsenal,Wolverhampton Wanderers,1,0
2373,England,England Premier League,2009/2010,2010-04-04 00:00:00,Fulham,Wigan Athletic,2,1
2374,England,England Premier League,2009/2010,2010-04-04 00:00:00,Everton,West Ham United,2,2
2377,England,England Premier League,2009/2010,2010-04-04 00:00:00,Birmingham City,Liverpool,1,1
2379,England,England Premier League,2009/2010,2010-04-10 00:00:00,West Ham United,Sunderland,1,0
2385,England,England Premier League,2009/2010,2010-04-10 00:00:00,Hull City,Burnley,1,4
2380,England,England Premier League,2009/2010,2010-04-11 00:00:00,Wolverhampton Wanderers,Stoke City,0,0
2383,England,England Premier League,2009/2010,2010-04-11 00:00:00,Manchester City,Birmingham City,5,1
2384,England,England Premier League,2009/2010,2010-04-11 00:00:00,Liverpool,Fulham,0,0
2387,England,England Premier League,2009/2010,2010-04-11 00:00:00,Blackburn Rovers,Manchester United,0,0
2386,England,England Premier League,2009/2010,2010-04-13 00:00:00,Chelsea,Bolton Wanderers,1,0
2381,England,England Premier League,2009/2010,2010-04-14 00:00:00,Wigan Athletic,Portsmouth,0,0
2382,England,England Premier League,2009/2010,2010-04-14 00:00:00,Tottenham Hotspur,Arsenal,2,1
2388,England,England Premier League,2009/2010,2010-04-14 00:00:00,Aston Villa,Everton,2,2
2390,England,England Premier League,2009/2010,2010-04-17 00:00:00,Tottenham Hotspur,Chelsea,2,1
2391,England,England Premier League,2009/2010,2010-04-17 00:00:00,Sunderland,Burnley,2,1
2392,England,England Premier League,2009/2010,2010-04-17 00:00:00,Stoke City,Bolton Wanderers,1,2
2395,England,England Premier League,2009/2010,2010-04-17 00:00:00,Fulham,Wolverhampton Wanderers,0,0
2396,England,England Premier League,2009/2010,2010-04-17 00:00:00,Blackburn Rovers,Everton,2,3
2397,England,England Premier League,2009/2010,2010-04-17 00:00:00,Birmingham City,Hull City,0,0
2398,England,England Premier League,2009/2010,2010-04-17 00:00:00,Manchester City,Manchester United,0,1
2389,England,England Premier League,2009/2010,2010-04-18 00:00:00,Wigan Athletic,Arsenal,3,2
2393,England,England Premier League,2009/2010,2010-04-18 00:00:00,Portsmouth,Aston Villa,1,2
2394,England,England Premier League,2009/2010,2010-04-19 00:00:00,Liverpool,West Ham United,3,0
2314,England,England Premier League,2009/2010,2010-04-21 00:00:00,Hull City,Aston Villa,0,2
2400,England,England Premier League,2009/2010,2010-04-24 00:00:00,Hull City,Sunderland,0,1
2401,England,England Premier League,2009/2010,2010-04-24 00:00:00,Wolverhampton Wanderers,Blackburn Rovers,1,1
2402,England,England Premier League,2009/2010,2010-04-24 00:00:00,West Ham United,Wigan Athletic,3,2
2403,England,England Premier League,2009/2010,2010-04-24 00:00:00,Manchester United,Tottenham Hotspur,3,1
2406,England,England Premier League,2009/2010,2010-04-24 00:00:00,Bolton Wanderers,Portsmouth,2,2
2408,England,England Premier League,2009/2010,2010-04-24 00:00:00,Arsenal,Manchester City,0,0
2399,England,England Premier League,2009/2010,2010-04-25 00:00:00,Everton,Fulham,2,1
2404,England,England Premier League,2009/2010,2010-04-25 00:00:00,Chelsea,Stoke City,7,0
2405,England,England Premier League,2009/2010,2010-04-25 00:00:00,Burnley,Liverpool,0,4
2407,England,England Premier League,2009/2010,2010-04-25 00:00:00,Aston Villa,Birmingham City,1,0
2410,England,England Premier League,2009/2010,2010-05-01 00:00:00,Tottenham Hotspur,Bolton Wanderers,1,0
2412,England,England Premier League,2009/2010,2010-05-01 00:00:00,Stoke City,Everton,0,0
2413,England,England Premier League,2009/2010,2010-05-01 00:00:00,Portsmouth,Wolverhampton Wanderers,3,1
2414,England,England Premier League,2009/2010,2010-05-01 00:00:00,Manchester City,Aston Villa,3,1
2415,England,England Premier League,2009/2010,2010-05-01 00:00:00,Birmingham City,Burnley,2,1
2411,England,England Premier League,2009/2010,2010-05-02 00:00:00,Sunderland,Manchester United,0,1
2417,England,England Premier League,2009/2010,2010-05-02 00:00:00,Fulham,West Ham United,3,2
2418,England,England Premier League,2009/2010,2010-05-02 00:00:00,Liverpool,Chelsea,0,2
2409,England,England Premier League,2009/2010,2010-05-03 00:00:00,Wigan Athletic,Hull City,2,2
2416,England,England Premier League,2009/2010,2010-05-03 00:00:00,Blackburn Rovers,Arsenal,2,1
2321,England,England Premier League,2009/2010,2010-05-05 00:00:00,Manchester City,Tottenham Hotspur,0,1
2328,England,England Premier League,2009/2010,2010-05-05 00:00:00,Fulham,Stoke City,0,1
2419,England,England Premier League,2009/2010,2010-05-09 00:00:00,Wolverhampton Wanderers,Sunderland,2,1
2420,England,England Premier League,2009/2010,2010-05-09 00:00:00,Everton,Portsmouth,1,0
2421,England,England Premier League,2009/2010,2010-05-09 00:00:00,Chelsea,Wigan Athletic,8,0
2422,England,England Premier League,2009/2010,2010-05-09 00:00:00,Burnley,Tottenham Hotspur,4,2
2423,England,England Premier League,2009/2010,2010-05-09 00:00:00,Bolton Wanderers,Birmingham City,2,1
2424,England,England Premier League,2009/2010,2010-05-09 00:00:00,Aston Villa,Blackburn Rovers,0,1
2425,England,England Premier League,2009/2010,2010-05-09 00:00:00,Arsenal,Fulham,4,0
2426,England,England Premier League,2009/2010,2010-05-09 00:00:00,Manchester United,Stoke City,4,0
2427,England,England Premier League,2009/2010,2010-05-09 00:00:00,West Ham United,Manchester City,1,1
2428,England,England Premier League,2009/2010,2010-05-09 00:00:00,Hull City,Liverpool,0,0
2489,England,England Premier League,2010/2011,2010-08-14 00:00:00,Aston Villa,West Ham United,3,0
2490,England,England Premier League,2010/2011,2010-08-14 00:00:00,Blackburn Rovers,Everton,1,0
2491,England,England Premier League,2010/2011,2010-08-14 00:00:00,Bolton Wanderers,Fulham,0,0
2492,England,England Premier League,2010/2011,2010-08-14 00:00:00,Chelsea,West Bromwich Albion,6,0
2495,England,England Premier League,2010/2011,2010-08-14 00:00:00,Sunderland,Birmingham City,2,2
2496,England,England Premier League,2010/2011,2010-08-14 00:00:00,Tottenham Hotspur,Manchester City,0,0
2497,England,England Premier League,2010/2011,2010-08-14 00:00:00,Wolverhampton Wanderers,Stoke City,2,1
2498,England,England Premier League,2010/2011,2010-08-14 00:00:00,Wigan Athletic,Blackpool,0,4
2493,England,England Premier League,2010/2011,2010-08-15 00:00:00,Liverpool,Arsenal,1,1
2494,England,England Premier League,2010/2011,2010-08-16 00:00:00,Manchester United,Newcastle United,3,0
2599,England,England Premier League,2010/2011,2010-08-21 00:00:00,Arsenal,Blackpool,6,0
2600,England,England Premier League,2010/2011,2010-08-21 00:00:00,West Ham United,Bolton Wanderers,1,3
2601,England,England Premier League,2010/2011,2010-08-21 00:00:00,Everton,Wolverhampton Wanderers,1,1
2605,England,England Premier League,2010/2011,2010-08-21 00:00:00,Birmingham City,Blackburn Rovers,2,1
2606,England,England Premier League,2010/2011,2010-08-21 00:00:00,West Bromwich Albion,Sunderland,1,0
2607,England,England Premier League,2010/2011,2010-08-21 00:00:00,Stoke City,Tottenham Hotspur,1,2
2608,England,England Premier League,2010/2011,2010-08-21 00:00:00,Wigan Athletic,Chelsea,0,6
2602,England,England Premier League,2010/2011,2010-08-22 00:00:00,Newcastle United,Aston Villa,6,0
2604,England,England Premier League,2010/2011,2010-08-22 00:00:00,Fulham,Manchester United,2,2
2603,England,England Premier League,2010/2011,2010-08-23 00:00:00,Manchester City,Liverpool,3,0
2709,England,England Premier League,2010/2011,2010-08-28 00:00:00,Manchester United,West Ham United,3,0
2712,England,England Premier League,2010/2011,2010-08-28 00:00:00,Tottenham Hotspur,Wigan Athletic,0,1
2714,England,England Premier League,2010/2011,2010-08-28 00:00:00,Wolverhampton Wanderers,Newcastle United,1,1
2715,England,England Premier League,2010/2011,2010-08-28 00:00:00,Blackburn Rovers,Arsenal,1,2
2717,England,England Premier League,2010/2011,2010-08-28 00:00:00,Blackpool,Fulham,2,2
2718,England,England Premier League,2010/2011,2010-08-28 00:00:00,Chelsea,Stoke City,2,0
2710,England,England Premier League,2010/2011,2010-08-29 00:00:00,Liverpool,West Bromwich Albion,1,0
2711,England,England Premier League,2010/2011,2010-08-29 00:00:00,Sunderland,Manchester City,1,0
2713,England,England Premier League,2010/2011,2010-08-29 00:00:00,Aston Villa,Everton,1,0
2716,England,England Premier League,2010/2011,2010-08-29 00:00:00,Bolton Wanderers,Birmingham City,2,2
2809,England,England Premier League,2010/2011,2010-09-11 00:00:00,Arsenal,Bolton Wanderers,4,1
2810,England,England Premier League,2010/2011,2010-09-11 00:00:00,West Ham United,Chelsea,1,3
2811,England,England Premier League,2010/2011,2010-09-11 00:00:00,Everton,Manchester United,3,3
2812,England,England Premier League,2010/2011,2010-09-11 00:00:00,Newcastle United,Blackpool,0,2
2813,England,England Premier League,2010/2011,2010-09-11 00:00:00,Manchester City,Blackburn Rovers,1,1
2814,England,England Premier League,2010/2011,2010-09-11 00:00:00,Fulham,Wolverhampton Wanderers,2,1
2816,England,England Premier League,2010/2011,2010-09-11 00:00:00,West Bromwich Albion,Tottenham Hotspur,1,1
2818,England,England Premier League,2010/2011,2010-09-11 00:00:00,Wigan Athletic,Sunderland,1,1
2815,England,England Premier League,2010/2011,2010-09-12 00:00:00,Birmingham City,Liverpool,0,0
2817,England,England Premier League,2010/2011,2010-09-13 00:00:00,Stoke City,Aston Villa,2,1
2820,England,England Premier League,2010/2011,2010-09-18 00:00:00,Sunderland,Arsenal,1,1
2821,England,England Premier League,2010/2011,2010-09-18 00:00:00,Tottenham Hotspur,Wolverhampton Wanderers,3,1
2822,England,England Premier League,2010/2011,2010-09-18 00:00:00,Aston Villa,Bolton Wanderers,1,1
2823,England,England Premier League,2010/2011,2010-09-18 00:00:00,Everton,Newcastle United,0,1
2824,England,England Premier League,2010/2011,2010-09-18 00:00:00,Blackburn Rovers,Fulham,1,1
2825,England,England Premier League,2010/2011,2010-09-18 00:00:00,West Bromwich Albion,Birmingham City,3,1
2826,England,England Premier League,2010/2011,2010-09-18 00:00:00,Stoke City,West Ham United,1,1
2819,England,England Premier League,2010/2011,2010-09-19 00:00:00,Manchester United,Liverpool,3,2
2827,England,England Premier League,2010/2011,2010-09-19 00:00:00,Wigan Athletic,Manchester City,0,2
2828,England,England Premier League,2010/2011,2010-09-19 00:00:00,Chelsea,Blackpool,4,0
2829,England,England Premier League,2010/2011,2010-09-25 00:00:00,Arsenal,West Bromwich Albion,2,3
2830,England,England Premier League,2010/2011,2010-09-25 00:00:00,Liverpool,Sunderland,2,2
2831,England,England Premier League,2010/2011,2010-09-25 00:00:00,West Ham United,Tottenham Hotspur,1,0
2833,England,England Premier League,2010/2011,2010-09-25 00:00:00,Manchester City,Chelsea,1,0
2835,England,England Premier League,2010/2011,2010-09-25 00:00:00,Fulham,Everton,0,0
2836,England,England Premier League,2010/2011,2010-09-25 00:00:00,Birmingham City,Wigan Athletic,0,0
2838,England,England Premier League,2010/2011,2010-09-25 00:00:00,Blackpool,Blackburn Rovers,1,2
2832,England,England Premier League,2010/2011,2010-09-26 00:00:00,Newcastle United,Stoke City,1,2
2834,England,England Premier League,2010/2011,2010-09-26 00:00:00,Wolverhampton Wanderers,Aston Villa,1,2
2837,England,England Premier League,2010/2011,2010-09-26 00:00:00,Bolton Wanderers,Manchester United,2,2
2840,England,England Premier League,2010/2011,2010-10-02 00:00:00,Sunderland,Manchester United,0,0
2841,England,England Premier League,2010/2011,2010-10-02 00:00:00,Tottenham Hotspur,Aston Villa,2,1
2842,England,England Premier League,2010/2011,2010-10-02 00:00:00,West Ham United,Fulham,1,1
2844,England,England Premier League,2010/2011,2010-10-02 00:00:00,Birmingham City,Everton,0,2
2845,England,England Premier League,2010/2011,2010-10-02 00:00:00,West Bromwich Albion,Bolton Wanderers,1,1
2846,England,England Premier League,2010/2011,2010-10-02 00:00:00,Stoke City,Blackburn Rovers,1,0
2847,England,England Premier League,2010/2011,2010-10-02 00:00:00,Wigan Athletic,Wolverhampton Wanderers,2,0
2839,England,England Premier League,2010/2011,2010-10-03 00:00:00,Liverpool,Blackpool,1,2
2843,England,England Premier League,2010/2011,2010-10-03 00:00:00,Manchester City,Newcastle United,2,1
2848,England,England Premier League,2010/2011,2010-10-03 00:00:00,Chelsea,Arsenal,2,0
2849,England,England Premier League,2010/2011,2010-10-16 00:00:00,Manchester United,West Bromwich Albion,2,2
2850,England,England Premier League,2010/2011,2010-10-16 00:00:00,Arsenal,Birmingham City,2,1
2851,England,England Premier League,2010/2011,2010-10-16 00:00:00,Aston Villa,Chelsea,0,0
2853,England,England Premier League,2010/2011,2010-10-16 00:00:00,Newcastle United,Wigan Athletic,2,2
2854,England,England Premier League,2010/2011,2010-10-16 00:00:00,Wolverhampton Wanderers,West Ham United,1,1
2856,England,England Premier League,2010/2011,2010-10-16 00:00:00,Fulham,Tottenham Hotspur,1,2
2857,England,England Premier League,2010/2011,2010-10-16 00:00:00,Bolton Wanderers,Stoke City,2,1
2852,England,England Premier League,2010/2011,2010-10-17 00:00:00,Everton,Liverpool,2,0
2858,England,England Premier League,2010/2011,2010-10-17 00:00:00,Blackpool,Manchester City,2,3
2855,England,England Premier League,2010/2011,2010-10-18 00:00:00,Blackburn Rovers,Sunderland,0,0
2860,England,England Premier League,2010/2011,2010-10-23 00:00:00,Sunderland,Aston Villa,1,0
2861,England,England Premier League,2010/2011,2010-10-23 00:00:00,Tottenham Hotspur,Everton,1,1
2862,England,England Premier League,2010/2011,2010-10-23 00:00:00,West Ham United,Newcastle United,1,2
2864,England,England Premier League,2010/2011,2010-10-23 00:00:00,Birmingham City,Blackpool,2,0
2865,England,England Premier League,2010/2011,2010-10-23 00:00:00,West Bromwich Albion,Fulham,2,1
2867,England,England Premier League,2010/2011,2010-10-23 00:00:00,Wigan Athletic,Bolton Wanderers,1,1
2868,England,England Premier League,2010/2011,2010-10-23 00:00:00,Chelsea,Wolverhampton Wanderers,2,0
2859,England,England Premier League,2010/2011,2010-10-24 00:00:00,Liverpool,Blackburn Rovers,2,1
2863,England,England Premier League,2010/2011,2010-10-24 00:00:00,Manchester City,Arsenal,0,3
2866,England,England Premier League,2010/2011,2010-10-24 00:00:00,Stoke City,Manchester United,1,2
2499,England,England Premier League,2010/2011,2010-10-30 00:00:00,Manchester United,Tottenham Hotspur,2,0
2500,England,England Premier League,2010/2011,2010-10-30 00:00:00,Arsenal,West Ham United,1,0
2502,England,England Premier League,2010/2011,2010-10-30 00:00:00,Everton,Stoke City,1,0
2504,England,England Premier League,2010/2011,2010-10-30 00:00:00,Wolverhampton Wanderers,Manchester City,2,1
2505,England,England Premier League,2010/2011,2010-10-30 00:00:00,Blackburn Rovers,Chelsea,1,2
2506,England,England Premier League,2010/2011,2010-10-30 00:00:00,Fulham,Wigan Athletic,2,0
2501,England,England Premier League,2010/2011,2010-10-31 00:00:00,Aston Villa,Birmingham City,0,0
2503,England,England Premier League,2010/2011,2010-10-31 00:00:00,Newcastle United,Sunderland,5,1
2507,England,England Premier League,2010/2011,2010-10-31 00:00:00,Bolton Wanderers,Liverpool,0,1
2508,England,England Premier League,2010/2011,2010-11-01 00:00:00,Blackpool,West Bromwich Albion,2,1
2509,England,England Premier League,2010/2011,2010-11-06 00:00:00,Manchester United,Wolverhampton Wanderers,2,1
2512,England,England Premier League,2010/2011,2010-11-06 00:00:00,Sunderland,Stoke City,2,0
2513,England,England Premier League,2010/2011,2010-11-06 00:00:00,Blackburn Rovers,Wigan Athletic,2,1
2514,England,England Premier League,2010/2011,2010-11-06 00:00:00,Fulham,Aston Villa,1,1
2515,England,England Premier League,2010/2011,2010-11-06 00:00:00,Birmingham City,West Ham United,2,2
2516,England,England Premier League,2010/2011,2010-11-06 00:00:00,Bolton Wanderers,Tottenham Hotspur,4,2
2518,England,England Premier League,2010/2011,2010-11-06 00:00:00,Blackpool,Everton,2,2
2510,England,England Premier League,2010/2011,2010-11-07 00:00:00,Arsenal,Newcastle United,0,1
2511,England,England Premier League,2010/2011,2010-11-07 00:00:00,Liverpool,Chelsea,2,0
2517,England,England Premier League,2010/2011,2010-11-07 00:00:00,West Bromwich Albion,Manchester City,0,2
2519,England,England Premier League,2010/2011,2010-11-09 00:00:00,Tottenham Hotspur,Sunderland,1,1
2522,England,England Premier League,2010/2011,2010-11-09 00:00:00,Stoke City,Birmingham City,3,2
2520,England,England Premier League,2010/2011,2010-11-10 00:00:00,West Ham United,West Bromwich Albion,2,2
2521,England,England Premier League,2010/2011,2010-11-10 00:00:00,Wolverhampton Wanderers,Arsenal,0,2
2523,England,England Premier League,2010/2011,2010-11-10 00:00:00,Wigan Athletic,Liverpool,1,1
2524,England,England Premier League,2010/2011,2010-11-10 00:00:00,Aston Villa,Blackpool,3,2
2525,England,England Premier League,2010/2011,2010-11-10 00:00:00,Everton,Bolton Wanderers,1,1
2526,England,England Premier League,2010/2011,2010-11-10 00:00:00,Newcastle United,Blackburn Rovers,1,2
2527,England,England Premier League,2010/2011,2010-11-10 00:00:00,Manchester City,Manchester United,0,0
2528,England,England Premier League,2010/2011,2010-11-10 00:00:00,Chelsea,Fulham,1,0
2529,England,England Premier League,2010/2011,2010-11-13 00:00:00,Tottenham Hotspur,Blackburn Rovers,4,2
2530,England,England Premier League,2010/2011,2010-11-13 00:00:00,West Ham United,Blackpool,0,0
2531,England,England Premier League,2010/2011,2010-11-13 00:00:00,Aston Villa,Manchester United,2,2
2533,England,England Premier League,2010/2011,2010-11-13 00:00:00,Newcastle United,Fulham,0,0
2534,England,England Premier League,2010/2011,2010-11-13 00:00:00,Manchester City,Birmingham City,0,0
2535,England,England Premier League,2010/2011,2010-11-13 00:00:00,Wolverhampton Wanderers,Bolton Wanderers,2,3
2536,England,England Premier League,2010/2011,2010-11-13 00:00:00,Stoke City,Liverpool,2,0
2537,England,England Premier League,2010/2011,2010-11-13 00:00:00,Wigan Athletic,West Bromwich Albion,1,0
2532,England,England Premier League,2010/2011,2010-11-14 00:00:00,Everton,Arsenal,1,2
2538,England,England Premier League,2010/2011,2010-11-14 00:00:00,Chelsea,Sunderland,0,3
2539,England,England Premier League,2010/2011,2010-11-20 00:00:00,Manchester United,Wigan Athletic,2,0
2540,England,England Premier League,2010/2011,2010-11-20 00:00:00,Arsenal,Tottenham Hotspur,2,3
2541,England,England Premier League,2010/2011,2010-11-20 00:00:00,Liverpool,West Ham United,3,0
2545,England,England Premier League,2010/2011,2010-11-20 00:00:00,Birmingham City,Chelsea,1,0
2546,England,England Premier League,2010/2011,2010-11-20 00:00:00,Bolton Wanderers,Newcastle United,5,1
2547,England,England Premier League,2010/2011,2010-11-20 00:00:00,West Bromwich Albion,Stoke City,0,3
2548,England,England Premier League,2010/2011,2010-11-20 00:00:00,Blackpool,Wolverhampton Wanderers,2,1
2543,England,England Premier League,2010/2011,2010-11-21 00:00:00,Blackburn Rovers,Aston Villa,2,0
2544,England,England Premier League,2010/2011,2010-11-21 00:00:00,Fulham,Manchester City,1,4
2542,England,England Premier League,2010/2011,2010-11-22 00:00:00,Sunderland,Everton,2,2
2549,England,England Premier League,2010/2011,2010-11-27 00:00:00,Manchester United,Blackburn Rovers,7,1
2551,England,England Premier League,2010/2011,2010-11-27 00:00:00,West Ham United,Wigan Athletic,3,1
2552,England,England Premier League,2010/2011,2010-11-27 00:00:00,Aston Villa,Arsenal,2,4
2553,England,England Premier League,2010/2011,2010-11-27 00:00:00,Everton,West Bromwich Albion,1,4
2555,England,England Premier League,2010/2011,2010-11-27 00:00:00,Wolverhampton Wanderers,Sunderland,3,2
2556,England,England Premier League,2010/2011,2010-11-27 00:00:00,Fulham,Birmingham City,1,1
2557,England,England Premier League,2010/2011,2010-11-27 00:00:00,Bolton Wanderers,Blackpool,2,2
2558,England,England Premier League,2010/2011,2010-11-27 00:00:00,Stoke City,Manchester City,1,1
2550,England,England Premier League,2010/2011,2010-11-28 00:00:00,Tottenham Hotspur,Liverpool,2,1
2554,England,England Premier League,2010/2011,2010-11-28 00:00:00,Newcastle United,Chelsea,1,1
2559,England,England Premier League,2010/2011,2010-12-04 00:00:00,Arsenal,Fulham,2,1
2562,England,England Premier League,2010/2011,2010-12-04 00:00:00,Manchester City,Bolton Wanderers,1,0
2563,England,England Premier League,2010/2011,2010-12-04 00:00:00,Blackburn Rovers,Wolverhampton Wanderers,3,0
2564,England,England Premier League,2010/2011,2010-12-04 00:00:00,Birmingham City,Tottenham Hotspur,1,1
2567,England,England Premier League,2010/2011,2010-12-04 00:00:00,Wigan Athletic,Stoke City,2,2
2568,England,England Premier League,2010/2011,2010-12-04 00:00:00,Chelsea,Everton,1,1
2561,England,England Premier League,2010/2011,2010-12-05 00:00:00,Sunderland,West Ham United,1,0
2565,England,England Premier League,2010/2011,2010-12-05 00:00:00,West Bromwich Albion,Newcastle United,3,1
2560,England,England Premier League,2010/2011,2010-12-06 00:00:00,Liverpool,Aston Villa,3,0
2571,England,England Premier League,2010/2011,2010-12-11 00:00:00,West Ham United,Manchester City,1,3
2572,England,England Premier League,2010/2011,2010-12-11 00:00:00,Aston Villa,West Bromwich Albion,2,1
2573,England,England Premier League,2010/2011,2010-12-11 00:00:00,Everton,Wigan Athletic,0,0
2574,England,England Premier League,2010/2011,2010-12-11 00:00:00,Newcastle United,Liverpool,3,1
2576,England,England Premier League,2010/2011,2010-12-11 00:00:00,Fulham,Sunderland,0,0
2578,England,England Premier League,2010/2011,2010-12-11 00:00:00,Stoke City,Blackpool,0,1
2570,England,England Premier League,2010/2011,2010-12-12 00:00:00,Tottenham Hotspur,Chelsea,1,1
2575,England,England Premier League,2010/2011,2010-12-12 00:00:00,Wolverhampton Wanderers,Birmingham City,1,0
2577,England,England Premier League,2010/2011,2010-12-12 00:00:00,Bolton Wanderers,Blackburn Rovers,2,1
2569,England,England Premier League,2010/2011,2010-12-13 00:00:00,Manchester United,Arsenal,1,0
2581,England,England Premier League,2010/2011,2010-12-18 00:00:00,Sunderland,Bolton Wanderers,1,0
2583,England,England Premier League,2010/2011,2010-12-18 00:00:00,Blackburn Rovers,West Ham United,1,1
2582,England,England Premier League,2010/2011,2010-12-20 00:00:00,Manchester City,Everton,1,2
2589,England,England Premier League,2010/2011,2010-12-26 00:00:00,Manchester United,Sunderland,2,0
2591,England,England Premier League,2010/2011,2010-12-26 00:00:00,Aston Villa,Tottenham Hotspur,1,2
2593,England,England Premier League,2010/2011,2010-12-26 00:00:00,Newcastle United,Manchester City,1,3
2594,England,England Premier League,2010/2011,2010-12-26 00:00:00,Wolverhampton Wanderers,Wigan Athletic,1,2
2595,England,England Premier League,2010/2011,2010-12-26 00:00:00,Blackburn Rovers,Stoke City,0,2
2596,England,England Premier League,2010/2011,2010-12-26 00:00:00,Fulham,West Ham United,1,3
2597,England,England Premier League,2010/2011,2010-12-26 00:00:00,Bolton Wanderers,West Bromwich Albion,2,0
2590,England,England Premier League,2010/2011,2010-12-27 00:00:00,Arsenal,Chelsea,3,1
2610,England,England Premier League,2010/2011,2010-12-28 00:00:00,Sunderland,Blackpool,0,2
2611,England,England Premier League,2010/2011,2010-12-28 00:00:00,Tottenham Hotspur,Newcastle United,2,0
2612,England,England Premier League,2010/2011,2010-12-28 00:00:00,West Ham United,Everton,1,1
2613,England,England Premier League,2010/2011,2010-12-28 00:00:00,Manchester City,Aston Villa,4,0
2614,England,England Premier League,2010/2011,2010-12-28 00:00:00,Birmingham City,Manchester United,1,1
2615,England,England Premier League,2010/2011,2010-12-28 00:00:00,West Bromwich Albion,Blackburn Rovers,1,3
2616,England,England Premier League,2010/2011,2010-12-28 00:00:00,Stoke City,Fulham,0,2
2609,England,England Premier League,2010/2011,2010-12-29 00:00:00,Liverpool,Wolverhampton Wanderers,0,1
2617,England,England Premier League,2010/2011,2010-12-29 00:00:00,Wigan Athletic,Arsenal,2,2
2618,England,England Premier League,2010/2011,2010-12-29 00:00:00,Chelsea,Bolton Wanderers,1,0
2619,England,England Premier League,2010/2011,2011-01-01 00:00:00,Liverpool,Bolton Wanderers,2,1
2620,England,England Premier League,2010/2011,2011-01-01 00:00:00,Sunderland,Blackburn Rovers,3,0
2621,England,England Premier League,2010/2011,2011-01-01 00:00:00,Tottenham Hotspur,Fulham,1,0
2622,England,England Premier League,2010/2011,2011-01-01 00:00:00,West Ham United,Wolverhampton Wanderers,2,0
2623,England,England Premier League,2010/2011,2011-01-01 00:00:00,Manchester City,Blackpool,1,0
2624,England,England Premier League,2010/2011,2011-01-01 00:00:00,Birmingham City,Arsenal,0,3
2625,England,England Premier League,2010/2011,2011-01-01 00:00:00,West Bromwich Albion,Manchester United,1,2
2626,England,England Premier League,2010/2011,2011-01-01 00:00:00,Stoke City,Everton,2,0
2627,England,England Premier League,2010/2011,2011-01-02 00:00:00,Wigan Athletic,Newcastle United,0,1
2628,England,England Premier League,2010/2011,2011-01-02 00:00:00,Chelsea,Aston Villa,3,3
2629,England,England Premier League,2010/2011,2011-01-04 00:00:00,Manchester United,Stoke City,2,1
2633,England,England Premier League,2010/2011,2011-01-04 00:00:00,Blackpool,Birmingham City,1,2
2638,England,England Premier League,2010/2011,2011-01-04 00:00:00,Fulham,West Bromwich Albion,3,0
2630,England,England Premier League,2010/2011,2011-01-05 00:00:00,Arsenal,Manchester City,0,0
2631,England,England Premier League,2010/2011,2011-01-05 00:00:00,Wolverhampton Wanderers,Chelsea,1,0
2632,England,England Premier League,2010/2011,2011-01-05 00:00:00,Bolton Wanderers,Wigan Athletic,1,1
2634,England,England Premier League,2010/2011,2011-01-05 00:00:00,Aston Villa,Sunderland,0,1
2635,England,England Premier League,2010/2011,2011-01-05 00:00:00,Everton,Tottenham Hotspur,2,1
2636,England,England Premier League,2010/2011,2011-01-05 00:00:00,Newcastle United,West Ham United,5,0
2637,England,England Premier League,2010/2011,2011-01-05 00:00:00,Blackburn Rovers,Liverpool,3,1
2598,England,England Premier League,2010/2011,2011-01-12 00:00:00,Blackpool,Liverpool,2,1
2642,England,England Premier League,2010/2011,2011-01-15 00:00:00,West Ham United,Arsenal,0,3
2643,England,England Premier League,2010/2011,2011-01-15 00:00:00,Manchester City,Wolverhampton Wanderers,4,3
2645,England,England Premier League,2010/2011,2011-01-15 00:00:00,West Bromwich Albion,Blackpool,3,2
2646,England,England Premier League,2010/2011,2011-01-15 00:00:00,Stoke City,Bolton Wanderers,2,0
2647,England,England Premier League,2010/2011,2011-01-15 00:00:00,Wigan Athletic,Fulham,1,1
2648,England,England Premier League,2010/2011,2011-01-15 00:00:00,Chelsea,Blackburn Rovers,2,0
2639,England,England Premier League,2010/2011,2011-01-16 00:00:00,Liverpool,Everton,2,2
2640,England,England Premier League,2010/2011,2011-01-16 00:00:00,Sunderland,Newcastle United,1,1
2641,England,England Premier League,2010/2011,2011-01-16 00:00:00,Tottenham Hotspur,Manchester United,0,0
2644,England,England Premier League,2010/2011,2011-01-16 00:00:00,Birmingham City,Aston Villa,1,1
2649,England,England Premier League,2010/2011,2011-01-22 00:00:00,Manchester United,Birmingham City,5,0
2650,England,England Premier League,2010/2011,2011-01-22 00:00:00,Arsenal,Wigan Athletic,3,0
2651,England,England Premier League,2010/2011,2011-01-22 00:00:00,Aston Villa,Manchester City,1,0
2652,England,England Premier League,2010/2011,2011-01-22 00:00:00,Everton,West Ham United,2,2
2653,England,England Premier League,2010/2011,2011-01-22 00:00:00,Newcastle United,Tottenham Hotspur,1,1
2654,England,England Premier League,2010/2011,2011-01-22 00:00:00,Wolverhampton Wanderers,Liverpool,0,3
2656,England,England Premier League,2010/2011,2011-01-22 00:00:00,Fulham,Stoke City,2,0
2658,England,England Premier League,2010/2011,2011-01-22 00:00:00,Blackpool,Sunderland,1,2
2655,England,England Premier League,2010/2011,2011-01-23 00:00:00,Blackburn Rovers,West Bromwich Albion,2,0
2657,England,England Premier League,2010/2011,2011-01-24 00:00:00,Bolton Wanderers,Chelsea,0,4
2566,England,England Premier League,2010/2011,2011-01-25 00:00:00,Blackpool,Manchester United,2,3
2587,England,England Premier League,2010/2011,2011-01-25 00:00:00,Wigan Athletic,Aston Villa,1,2
2580,England,England Premier League,2010/2011,2011-01-26 00:00:00,Liverpool,Fulham,1,0
2659,England,England Premier League,2010/2011,2011-02-01 00:00:00,Manchester United,Aston Villa,3,1
2660,England,England Premier League,2010/2011,2011-02-01 00:00:00,Arsenal,Everton,2,1
2661,England,England Premier League,2010/2011,2011-02-01 00:00:00,Sunderland,Chelsea,2,4
2664,England,England Premier League,2010/2011,2011-02-01 00:00:00,West Bromwich Albion,Wigan Athletic,2,2
2662,England,England Premier League,2010/2011,2011-02-02 00:00:00,Birmingham City,Manchester City,2,2
2663,England,England Premier League,2010/2011,2011-02-02 00:00:00,Bolton Wanderers,Wolverhampton Wanderers,1,0
2665,England,England Premier League,2010/2011,2011-02-02 00:00:00,Blackpool,West Ham United,1,3
2666,England,England Premier League,2010/2011,2011-02-02 00:00:00,Liverpool,Stoke City,2,0
2667,England,England Premier League,2010/2011,2011-02-02 00:00:00,Blackburn Rovers,Tottenham Hotspur,0,1
2668,England,England Premier League,2010/2011,2011-02-02 00:00:00,Fulham,Newcastle United,1,0
2669,England,England Premier League,2010/2011,2011-02-05 00:00:00,Tottenham Hotspur,Bolton Wanderers,2,1
2671,England,England Premier League,2010/2011,2011-02-05 00:00:00,Aston Villa,Fulham,2,2
2672,England,England Premier League,2010/2011,2011-02-05 00:00:00,Everton,Blackpool,5,3
2673,England,England Premier League,2010/2011,2011-02-05 00:00:00,Newcastle United,Arsenal,4,4
2674,England,England Premier League,2010/2011,2011-02-05 00:00:00,Manchester City,West Bromwich Albion,3,0
2675,England,England Premier League,2010/2011,2011-02-05 00:00:00,Wolverhampton Wanderers,Manchester United,2,1
2676,England,England Premier League,2010/2011,2011-02-05 00:00:00,Stoke City,Sunderland,3,2
2677,England,England Premier League,2010/2011,2011-02-05 00:00:00,Wigan Athletic,Blackburn Rovers,4,3
2670,England,England Premier League,2010/2011,2011-02-06 00:00:00,West Ham United,Birmingham City,0,1
2678,England,England Premier League,2010/2011,2011-02-06 00:00:00,Chelsea,Liverpool,0,1
2679,England,England Premier League,2010/2011,2011-02-12 00:00:00,Manchester United,Manchester City,2,1
2680,England,England Premier League,2010/2011,2011-02-12 00:00:00,Arsenal,Wolverhampton Wanderers,2,0
2681,England,England Premier League,2010/2011,2011-02-12 00:00:00,Liverpool,Wigan Athletic,1,1
2682,England,England Premier League,2010/2011,2011-02-12 00:00:00,Sunderland,Tottenham Hotspur,1,2
2683,England,England Premier League,2010/2011,2011-02-12 00:00:00,Blackburn Rovers,Newcastle United,0,0
2685,England,England Premier League,2010/2011,2011-02-12 00:00:00,Birmingham City,Stoke City,1,0
2687,England,England Premier League,2010/2011,2011-02-12 00:00:00,West Bromwich Albion,West Ham United,3,3
2688,England,England Premier League,2010/2011,2011-02-12 00:00:00,Blackpool,Aston Villa,1,1
2686,England,England Premier League,2010/2011,2011-02-13 00:00:00,Bolton Wanderers,Everton,2,0
2684,England,England Premier League,2010/2011,2011-02-14 00:00:00,Fulham,Chelsea,0,0
2584,England,England Premier League,2010/2011,2011-02-15 00:00:00,Birmingham City,Newcastle United,0,2
2585,England,England Premier League,2010/2011,2011-02-20 00:00:00,West Bromwich Albion,Wolverhampton Wanderers,1,1
2586,England,England Premier League,2010/2011,2011-02-22 00:00:00,Blackpool,Tottenham Hotspur,3,1
2579,England,England Premier League,2010/2011,2011-02-23 00:00:00,Arsenal,Stoke City,1,0
2691,England,England Premier League,2010/2011,2011-02-26 00:00:00,Aston Villa,Blackburn Rovers,4,1
2692,England,England Premier League,2010/2011,2011-02-26 00:00:00,Everton,Sunderland,2,0
2693,England,England Premier League,2010/2011,2011-02-26 00:00:00,Newcastle United,Bolton Wanderers,1,1
2695,England,England Premier League,2010/2011,2011-02-26 00:00:00,Wolverhampton Wanderers,Blackpool,4,0
2697,England,England Premier League,2010/2011,2011-02-26 00:00:00,Wigan Athletic,Manchester United,0,4
2690,England,England Premier League,2010/2011,2011-02-27 00:00:00,West Ham United,Liverpool,3,1
2694,England,England Premier League,2010/2011,2011-02-27 00:00:00,Manchester City,Fulham,1,1
2696,England,England Premier League,2010/2011,2011-02-28 00:00:00,Stoke City,West Bromwich Albion,1,1
2588,England,England Premier League,2010/2011,2011-03-01 00:00:00,Chelsea,Manchester United,2,1
2699,England,England Premier League,2010/2011,2011-03-05 00:00:00,Arsenal,Sunderland,0,0
2701,England,England Premier League,2010/2011,2011-03-05 00:00:00,West Ham United,Stoke City,3,0
2702,England,England Premier League,2010/2011,2011-03-05 00:00:00,Newcastle United,Everton,1,2
2703,England,England Premier League,2010/2011,2011-03-05 00:00:00,Manchester City,Wigan Athletic,1,0
2705,England,England Premier League,2010/2011,2011-03-05 00:00:00,Fulham,Blackburn Rovers,3,2
2706,England,England Premier League,2010/2011,2011-03-05 00:00:00,Birmingham City,West Bromwich Albion,1,3
2707,England,England Premier League,2010/2011,2011-03-05 00:00:00,Bolton Wanderers,Aston Villa,3,2
2700,England,England Premier League,2010/2011,2011-03-06 00:00:00,Liverpool,Manchester United,3,1
2704,England,England Premier League,2010/2011,2011-03-06 00:00:00,Wolverhampton Wanderers,Tottenham Hotspur,3,3
2708,England,England Premier League,2010/2011,2011-03-07 00:00:00,Blackpool,Chelsea,1,3
2592,England,England Premier League,2010/2011,2011-03-09 00:00:00,Everton,Birmingham City,1,1
2719,England,England Premier League,2010/2011,2011-03-19 00:00:00,Manchester United,Bolton Wanderers,1,0
2721,England,England Premier League,2010/2011,2011-03-19 00:00:00,Tottenham Hotspur,West Ham United,0,0
2722,England,England Premier League,2010/2011,2011-03-19 00:00:00,Aston Villa,Wolverhampton Wanderers,0,1
2723,England,England Premier League,2010/2011,2011-03-19 00:00:00,Everton,Fulham,2,1
2724,England,England Premier League,2010/2011,2011-03-19 00:00:00,Blackburn Rovers,Blackpool,2,2
2725,England,England Premier League,2010/2011,2011-03-19 00:00:00,West Bromwich Albion,Arsenal,2,2
2726,England,England Premier League,2010/2011,2011-03-19 00:00:00,Stoke City,Newcastle United,4,0
2727,England,England Premier League,2010/2011,2011-03-19 00:00:00,Wigan Athletic,Birmingham City,2,1
2720,England,England Premier League,2010/2011,2011-03-20 00:00:00,Sunderland,Liverpool,0,2
2728,England,England Premier League,2010/2011,2011-03-20 00:00:00,Chelsea,Manchester City,2,0
2729,England,England Premier League,2010/2011,2011-04-02 00:00:00,Arsenal,Blackburn Rovers,0,0
2730,England,England Premier League,2010/2011,2011-04-02 00:00:00,West Ham United,Manchester United,2,4
2731,England,England Premier League,2010/2011,2011-04-02 00:00:00,Everton,Aston Villa,2,2
2732,England,England Premier League,2010/2011,2011-04-02 00:00:00,Newcastle United,Wolverhampton Wanderers,4,1
2735,England,England Premier League,2010/2011,2011-04-02 00:00:00,Birmingham City,Bolton Wanderers,2,1
2736,England,England Premier League,2010/2011,2011-04-02 00:00:00,West Bromwich Albion,Liverpool,2,1
2737,England,England Premier League,2010/2011,2011-04-02 00:00:00,Stoke City,Chelsea,1,1
2738,England,England Premier League,2010/2011,2011-04-02 00:00:00,Wigan Athletic,Tottenham Hotspur,0,0
2733,England,England Premier League,2010/2011,2011-04-03 00:00:00,Manchester City,Sunderland,5,0
2734,England,England Premier League,2010/2011,2011-04-03 00:00:00,Fulham,Blackpool,3,0
2739,England,England Premier League,2010/2011,2011-04-09 00:00:00,Manchester United,Fulham,2,0
2741,England,England Premier League,2010/2011,2011-04-09 00:00:00,Sunderland,West Bromwich Albion,2,3
2742,England,England Premier League,2010/2011,2011-04-09 00:00:00,Tottenham Hotspur,Stoke City,3,2
2744,England,England Premier League,2010/2011,2011-04-09 00:00:00,Wolverhampton Wanderers,Everton,0,3
2745,England,England Premier League,2010/2011,2011-04-09 00:00:00,Blackburn Rovers,Birmingham City,1,1
2746,England,England Premier League,2010/2011,2011-04-09 00:00:00,Bolton Wanderers,West Ham United,3,0
2748,England,England Premier League,2010/2011,2011-04-09 00:00:00,Chelsea,Wigan Athletic,1,0
2743,England,England Premier League,2010/2011,2011-04-10 00:00:00,Aston Villa,Newcastle United,1,0
2747,England,England Premier League,2010/2011,2011-04-10 00:00:00,Blackpool,Arsenal,1,3
2740,England,England Premier League,2010/2011,2011-04-11 00:00:00,Liverpool,Manchester City,3,0
2749,England,England Premier League,2010/2011,2011-04-16 00:00:00,Blackpool,Wigan Athletic,1,3
2751,England,England Premier League,2010/2011,2011-04-16 00:00:00,West Ham United,Aston Villa,1,2
2752,England,England Premier League,2010/2011,2011-04-16 00:00:00,Everton,Blackburn Rovers,2,0
2756,England,England Premier League,2010/2011,2011-04-16 00:00:00,Birmingham City,Sunderland,2,0
2757,England,England Premier League,2010/2011,2011-04-16 00:00:00,West Bromwich Albion,Chelsea,1,3
2750,England,England Premier League,2010/2011,2011-04-17 00:00:00,Arsenal,Liverpool,1,1
2753,England,England Premier League,2010/2011,2011-04-19 00:00:00,Newcastle United,Manchester United,0,0
2689,England,England Premier League,2010/2011,2011-04-20 00:00:00,Tottenham Hotspur,Arsenal,3,3
2698,England,England Premier League,2010/2011,2011-04-20 00:00:00,Chelsea,Birmingham City,3,1
2759,England,England Premier League,2010/2011,2011-04-23 00:00:00,Manchester United,Everton,1,0
2760,England,England Premier League,2010/2011,2011-04-23 00:00:00,Liverpool,Birmingham City,5,0
2761,England,England Premier League,2010/2011,2011-04-23 00:00:00,Sunderland,Wigan Athletic,4,2
2762,England,England Premier League,2010/2011,2011-04-23 00:00:00,Tottenham Hotspur,West Bromwich Albion,2,2
2763,England,England Premier League,2010/2011,2011-04-23 00:00:00,Aston Villa,Stoke City,1,1
2764,England,England Premier League,2010/2011,2011-04-23 00:00:00,Wolverhampton Wanderers,Fulham,1,1
2767,England,England Premier League,2010/2011,2011-04-23 00:00:00,Blackpool,Newcastle United,1,1
2768,England,England Premier League,2010/2011,2011-04-23 00:00:00,Chelsea,West Ham United,3,0
2766,England,England Premier League,2010/2011,2011-04-24 00:00:00,Bolton Wanderers,Arsenal,2,1
2765,England,England Premier League,2010/2011,2011-04-25 00:00:00,Blackburn Rovers,Manchester City,0,1
2758,England,England Premier League,2010/2011,2011-04-26 00:00:00,Stoke City,Wolverhampton Wanderers,3,0
2755,England,England Premier League,2010/2011,2011-04-27 00:00:00,Fulham,Bolton Wanderers,3,0
2771,England,England Premier League,2010/2011,2011-04-30 00:00:00,Sunderland,Fulham,0,3
2773,England,England Premier League,2010/2011,2011-04-30 00:00:00,Blackburn Rovers,Bolton Wanderers,1,0
2775,England,England Premier League,2010/2011,2011-04-30 00:00:00,West Bromwich Albion,Aston Villa,2,1
2776,England,England Premier League,2010/2011,2011-04-30 00:00:00,Blackpool,Stoke City,0,0
2777,England,England Premier League,2010/2011,2011-04-30 00:00:00,Wigan Athletic,Everton,1,1
2778,England,England Premier League,2010/2011,2011-04-30 00:00:00,Chelsea,Tottenham Hotspur,2,1
2769,England,England Premier League,2010/2011,2011-05-01 00:00:00,Arsenal,Manchester United,1,0
2770,England,England Premier League,2010/2011,2011-05-01 00:00:00,Liverpool,Newcastle United,3,0
2772,England,England Premier League,2010/2011,2011-05-01 00:00:00,Manchester City,West Ham United,2,1
2774,England,England Premier League,2010/2011,2011-05-01 00:00:00,Birmingham City,Wolverhampton Wanderers,1,1
2780,England,England Premier League,2010/2011,2011-05-07 00:00:00,Tottenham Hotspur,Blackpool,1,1
2781,England,England Premier League,2010/2011,2011-05-07 00:00:00,West Ham United,Blackburn Rovers,1,1
2782,England,England Premier League,2010/2011,2011-05-07 00:00:00,Aston Villa,Wigan Athletic,1,1
2783,England,England Premier League,2010/2011,2011-05-07 00:00:00,Everton,Manchester City,2,1
2784,England,England Premier League,2010/2011,2011-05-07 00:00:00,Newcastle United,Birmingham City,2,1
2787,England,England Premier League,2010/2011,2011-05-07 00:00:00,Bolton Wanderers,Sunderland,1,2
2779,England,England Premier League,2010/2011,2011-05-08 00:00:00,Manchester United,Chelsea,2,1
2785,England,England Premier League,2010/2011,2011-05-08 00:00:00,Wolverhampton Wanderers,West Bromwich Albion,3,1
2788,England,England Premier League,2010/2011,2011-05-08 00:00:00,Stoke City,Arsenal,3,1
2786,England,England Premier League,2010/2011,2011-05-09 00:00:00,Fulham,Liverpool,2,5
2754,England,England Premier League,2010/2011,2011-05-10 00:00:00,Manchester City,Tottenham Hotspur,1,0
2791,England,England Premier League,2010/2011,2011-05-14 00:00:00,Sunderland,Wolverhampton Wanderers,1,3
2793,England,England Premier League,2010/2011,2011-05-14 00:00:00,Blackburn Rovers,Manchester United,1,1
2795,England,England Premier League,2010/2011,2011-05-14 00:00:00,West Bromwich Albion,Everton,1,0
2796,England,England Premier League,2010/2011,2011-05-14 00:00:00,Blackpool,Bolton Wanderers,4,3
2789,England,England Premier League,2010/2011,2011-05-15 00:00:00,Arsenal,Aston Villa,1,2
2790,England,England Premier League,2010/2011,2011-05-15 00:00:00,Liverpool,Tottenham Hotspur,0,2
2794,England,England Premier League,2010/2011,2011-05-15 00:00:00,Birmingham City,Fulham,0,2
2797,England,England Premier League,2010/2011,2011-05-15 00:00:00,Wigan Athletic,West Ham United,3,2
2798,England,England Premier League,2010/2011,2011-05-15 00:00:00,Chelsea,Newcastle United,2,2
2792,England,England Premier League,2010/2011,2011-05-17 00:00:00,Manchester City,Stoke City,3,0
2799,England,England Premier League,2010/2011,2011-05-22 00:00:00,Manchester United,Blackpool,4,2
2800,England,England Premier League,2010/2011,2011-05-22 00:00:00,Tottenham Hotspur,Birmingham City,2,1
2801,England,England Premier League,2010/2011,2011-05-22 00:00:00,West Ham United,Sunderland,0,3
2802,England,England Premier League,2010/2011,2011-05-22 00:00:00,Aston Villa,Liverpool,1,0
2803,England,England Premier League,2010/2011,2011-05-22 00:00:00,Everton,Chelsea,1,0
2804,England,England Premier League,2010/2011,2011-05-22 00:00:00,Newcastle United,West Bromwich Albion,3,3
2805,England,England Premier League,2010/2011,2011-05-22 00:00:00,Wolverhampton Wanderers,Blackburn Rovers,2,3
2806,England,England Premier League,2010/2011,2011-05-22 00:00:00,Fulham,Arsenal,2,2
2807,England,England Premier League,2010/2011,2011-05-22 00:00:00,Bolton Wanderers,Manchester City,0,2
2808,England,England Premier League,2010/2011,2011-05-22 00:00:00,Stoke City,Wigan Athletic,0,1
2869,England,England Premier League,2011/2012,2011-08-13 00:00:00,Blackburn Rovers,Wolverhampton Wanderers,1,2
2870,England,England Premier League,2011/2012,2011-08-13 00:00:00,Fulham,Aston Villa,0,0
2871,England,England Premier League,2011/2012,2011-08-13 00:00:00,Liverpool,Sunderland,1,1
2873,England,England Premier League,2011/2012,2011-08-13 00:00:00,Newcastle United,Arsenal,0,0
2874,England,England Premier League,2011/2012,2011-08-13 00:00:00,Queens Park Rangers,Bolton Wanderers,0,4
2878,England,England Premier League,2011/2012,2011-08-13 00:00:00,Wigan Athletic,Norwich City,1,1
2875,England,England Premier League,2011/2012,2011-08-14 00:00:00,Stoke City,Chelsea,0,0
2877,England,England Premier League,2011/2012,2011-08-14 00:00:00,West Bromwich Albion,Manchester United,1,2
2872,England,England Premier League,2011/2012,2011-08-15 00:00:00,Manchester City,Swansea City,4,0
2979,England,England Premier League,2011/2012,2011-08-20 00:00:00,Arsenal,Liverpool,0,2
2980,England,England Premier League,2011/2012,2011-08-20 00:00:00,Aston Villa,Blackburn Rovers,3,1
2982,England,England Premier League,2011/2012,2011-08-20 00:00:00,Chelsea,West Bromwich Albion,2,1
2983,England,England Premier League,2011/2012,2011-08-20 00:00:00,Everton,Queens Park Rangers,0,1
2986,England,England Premier League,2011/2012,2011-08-20 00:00:00,Sunderland,Newcastle United,0,1
2987,England,England Premier League,2011/2012,2011-08-20 00:00:00,Swansea City,Wigan Athletic,0,0
2981,England,England Premier League,2011/2012,2011-08-21 00:00:00,Bolton Wanderers,Manchester City,2,3
2985,England,England Premier League,2011/2012,2011-08-21 00:00:00,Norwich City,Stoke City,1,1
2988,England,England Premier League,2011/2012,2011-08-21 00:00:00,Wolverhampton Wanderers,Fulham,2,0
2984,England,England Premier League,2011/2012,2011-08-22 00:00:00,Manchester United,Tottenham Hotspur,3,0
3089,England,England Premier League,2011/2012,2011-08-27 00:00:00,Aston Villa,Wolverhampton Wanderers,0,0
3090,England,England Premier League,2011/2012,2011-08-27 00:00:00,Blackburn Rovers,Everton,0,1
3091,England,England Premier League,2011/2012,2011-08-27 00:00:00,Chelsea,Norwich City,3,1
3092,England,England Premier League,2011/2012,2011-08-27 00:00:00,Liverpool,Bolton Wanderers,3,1
3095,England,England Premier League,2011/2012,2011-08-27 00:00:00,Swansea City,Sunderland,0,0
3098,England,England Premier League,2011/2012,2011-08-27 00:00:00,Wigan Athletic,Queens Park Rangers,2,0
3093,England,England Premier League,2011/2012,2011-08-28 00:00:00,Manchester United,Arsenal,8,2
3094,England,England Premier League,2011/2012,2011-08-28 00:00:00,Newcastle United,Fulham,2,1
3096,England,England Premier League,2011/2012,2011-08-28 00:00:00,Tottenham Hotspur,Manchester City,1,5
3097,England,England Premier League,2011/2012,2011-08-28 00:00:00,West Bromwich Albion,Stoke City,0,1
3189,England,England Premier League,2011/2012,2011-09-10 00:00:00,Arsenal,Swansea City,1,0
3190,England,England Premier League,2011/2012,2011-09-10 00:00:00,Bolton Wanderers,Manchester United,0,5
3191,England,England Premier League,2011/2012,2011-09-10 00:00:00,Everton,Aston Villa,2,2
3193,England,England Premier League,2011/2012,2011-09-10 00:00:00,Manchester City,Wigan Athletic,3,0
3196,England,England Premier League,2011/2012,2011-09-10 00:00:00,Stoke City,Liverpool,1,0
3197,England,England Premier League,2011/2012,2011-09-10 00:00:00,Sunderland,Chelsea,1,2
3198,England,England Premier League,2011/2012,2011-09-10 00:00:00,Wolverhampton Wanderers,Tottenham Hotspur,0,2
3192,England,England Premier League,2011/2012,2011-09-11 00:00:00,Fulham,Blackburn Rovers,1,1
3194,England,England Premier League,2011/2012,2011-09-11 00:00:00,Norwich City,West Bromwich Albion,0,1
3195,England,England Premier League,2011/2012,2011-09-12 00:00:00,Queens Park Rangers,Newcastle United,0,0
3199,England,England Premier League,2011/2012,2011-09-17 00:00:00,Aston Villa,Newcastle United,1,1
3200,England,England Premier League,2011/2012,2011-09-17 00:00:00,Blackburn Rovers,Arsenal,4,3
3201,England,England Premier League,2011/2012,2011-09-17 00:00:00,Bolton Wanderers,Norwich City,1,2
3202,England,England Premier League,2011/2012,2011-09-17 00:00:00,Everton,Wigan Athletic,3,1
3206,England,England Premier League,2011/2012,2011-09-17 00:00:00,Swansea City,West Bromwich Albion,3,0
3208,England,England Premier League,2011/2012,2011-09-17 00:00:00,Wolverhampton Wanderers,Queens Park Rangers,0,3
3203,England,England Premier League,2011/2012,2011-09-18 00:00:00,Fulham,Manchester City,2,2
3204,England,England Premier League,2011/2012,2011-09-18 00:00:00,Manchester United,Chelsea,3,1
3205,England,England Premier League,2011/2012,2011-09-18 00:00:00,Sunderland,Stoke City,4,0
3207,England,England Premier League,2011/2012,2011-09-18 00:00:00,Tottenham Hotspur,Liverpool,4,0
3209,England,England Premier League,2011/2012,2011-09-24 00:00:00,Arsenal,Bolton Wanderers,3,0
3210,England,England Premier League,2011/2012,2011-09-24 00:00:00,Chelsea,Swansea City,4,1
3211,England,England Premier League,2011/2012,2011-09-24 00:00:00,Liverpool,Wolverhampton Wanderers,2,1
3212,England,England Premier League,2011/2012,2011-09-24 00:00:00,Manchester City,Everton,2,0
3213,England,England Premier League,2011/2012,2011-09-24 00:00:00,Newcastle United,Blackburn Rovers,3,1
3216,England,England Premier League,2011/2012,2011-09-24 00:00:00,Stoke City,Manchester United,1,1
3217,England,England Premier League,2011/2012,2011-09-24 00:00:00,West Bromwich Albion,Fulham,0,0
3218,England,England Premier League,2011/2012,2011-09-24 00:00:00,Wigan Athletic,Tottenham Hotspur,1,2
3215,England,England Premier League,2011/2012,2011-09-25 00:00:00,Queens Park Rangers,Aston Villa,1,1
3214,England,England Premier League,2011/2012,2011-09-26 00:00:00,Norwich City,Sunderland,2,1
3219,England,England Premier League,2011/2012,2011-10-01 00:00:00,Aston Villa,Wigan Athletic,2,0
3220,England,England Premier League,2011/2012,2011-10-01 00:00:00,Blackburn Rovers,Manchester City,0,4
3222,England,England Premier League,2011/2012,2011-10-01 00:00:00,Everton,Liverpool,0,2
3224,England,England Premier League,2011/2012,2011-10-01 00:00:00,Manchester United,Norwich City,2,0
3225,England,England Premier League,2011/2012,2011-10-01 00:00:00,Sunderland,West Bromwich Albion,2,2
3228,England,England Premier League,2011/2012,2011-10-01 00:00:00,Wolverhampton Wanderers,Newcastle United,1,2
3221,England,England Premier League,2011/2012,2011-10-02 00:00:00,Bolton Wanderers,Chelsea,1,5
3223,England,England Premier League,2011/2012,2011-10-02 00:00:00,Fulham,Queens Park Rangers,6,0
3226,England,England Premier League,2011/2012,2011-10-02 00:00:00,Swansea City,Stoke City,2,0
3227,England,England Premier League,2011/2012,2011-10-02 00:00:00,Tottenham Hotspur,Arsenal,2,1
3230,England,England Premier League,2011/2012,2011-10-15 00:00:00,Chelsea,Everton,3,1
3231,England,England Premier League,2011/2012,2011-10-15 00:00:00,Liverpool,Manchester United,1,1
3232,England,England Premier League,2011/2012,2011-10-15 00:00:00,Manchester City,Aston Villa,4,1
3234,England,England Premier League,2011/2012,2011-10-15 00:00:00,Norwich City,Swansea City,3,1
3235,England,England Premier League,2011/2012,2011-10-15 00:00:00,Queens Park Rangers,Blackburn Rovers,1,1
3236,England,England Premier League,2011/2012,2011-10-15 00:00:00,Stoke City,Fulham,2,0
3238,England,England Premier League,2011/2012,2011-10-15 00:00:00,Wigan Athletic,Bolton Wanderers,1,3
3229,England,England Premier League,2011/2012,2011-10-16 00:00:00,Arsenal,Sunderland,2,1
3233,England,England Premier League,2011/2012,2011-10-16 00:00:00,Newcastle United,Tottenham Hotspur,2,2
3237,England,England Premier League,2011/2012,2011-10-16 00:00:00,West Bromwich Albion,Wolverhampton Wanderers,2,0
3240,England,England Premier League,2011/2012,2011-10-22 00:00:00,Aston Villa,West Bromwich Albion,1,2
3242,England,England Premier League,2011/2012,2011-10-22 00:00:00,Bolton Wanderers,Sunderland,0,2
3244,England,England Premier League,2011/2012,2011-10-22 00:00:00,Liverpool,Norwich City,1,1
3246,England,England Premier League,2011/2012,2011-10-22 00:00:00,Newcastle United,Wigan Athletic,1,0
3248,England,England Premier League,2011/2012,2011-10-22 00:00:00,Wolverhampton Wanderers,Swansea City,2,2
3239,England,England Premier League,2011/2012,2011-10-23 00:00:00,Arsenal,Stoke City,3,1
3241,England,England Premier League,2011/2012,2011-10-23 00:00:00,Blackburn Rovers,Tottenham Hotspur,1,2
3243,England,England Premier League,2011/2012,2011-10-23 00:00:00,Fulham,Everton,1,3
3245,England,England Premier League,2011/2012,2011-10-23 00:00:00,Manchester United,Manchester City,1,6
3247,England,England Premier League,2011/2012,2011-10-23 00:00:00,Queens Park Rangers,Chelsea,1,0
2879,England,England Premier League,2011/2012,2011-10-29 00:00:00,Chelsea,Arsenal,3,5
2880,England,England Premier League,2011/2012,2011-10-29 00:00:00,Everton,Manchester United,0,1
2881,England,England Premier League,2011/2012,2011-10-29 00:00:00,Manchester City,Wolverhampton Wanderers,3,1
2882,England,England Premier League,2011/2012,2011-10-29 00:00:00,Norwich City,Blackburn Rovers,3,3
2884,England,England Premier League,2011/2012,2011-10-29 00:00:00,Sunderland,Aston Villa,2,2
2885,England,England Premier League,2011/2012,2011-10-29 00:00:00,Swansea City,Bolton Wanderers,3,1
2887,England,England Premier League,2011/2012,2011-10-29 00:00:00,West Bromwich Albion,Liverpool,0,2
2888,England,England Premier League,2011/2012,2011-10-29 00:00:00,Wigan Athletic,Fulham,0,2
2886,England,England Premier League,2011/2012,2011-10-30 00:00:00,Tottenham Hotspur,Queens Park Rangers,3,1
2883,England,England Premier League,2011/2012,2011-10-31 00:00:00,Stoke City,Newcastle United,1,3
2889,England,England Premier League,2011/2012,2011-11-05 00:00:00,Arsenal,West Bromwich Albion,3,0
2890,England,England Premier League,2011/2012,2011-11-05 00:00:00,Aston Villa,Norwich City,3,2
2891,England,England Premier League,2011/2012,2011-11-05 00:00:00,Blackburn Rovers,Chelsea,0,1
2894,England,England Premier League,2011/2012,2011-11-05 00:00:00,Liverpool,Swansea City,0,0
2895,England,England Premier League,2011/2012,2011-11-05 00:00:00,Manchester United,Sunderland,1,0
2896,England,England Premier League,2011/2012,2011-11-05 00:00:00,Newcastle United,Everton,2,1
2897,England,England Premier League,2011/2012,2011-11-05 00:00:00,Queens Park Rangers,Manchester City,2,3
2892,England,England Premier League,2011/2012,2011-11-06 00:00:00,Bolton Wanderers,Stoke City,5,0
2893,England,England Premier League,2011/2012,2011-11-06 00:00:00,Fulham,Tottenham Hotspur,1,3
2898,England,England Premier League,2011/2012,2011-11-06 00:00:00,Wolverhampton Wanderers,Wigan Athletic,3,1
2900,England,England Premier League,2011/2012,2011-11-19 00:00:00,Everton,Wolverhampton Wanderers,2,1
2901,England,England Premier League,2011/2012,2011-11-19 00:00:00,Manchester City,Newcastle United,3,1
2902,England,England Premier League,2011/2012,2011-11-19 00:00:00,Norwich City,Arsenal,1,2
2903,England,England Premier League,2011/2012,2011-11-19 00:00:00,Stoke City,Queens Park Rangers,2,3
2904,England,England Premier League,2011/2012,2011-11-19 00:00:00,Sunderland,Fulham,0,0
2905,England,England Premier League,2011/2012,2011-11-19 00:00:00,Swansea City,Manchester United,0,1
2907,England,England Premier League,2011/2012,2011-11-19 00:00:00,West Bromwich Albion,Bolton Wanderers,2,1
2908,England,England Premier League,2011/2012,2011-11-19 00:00:00,Wigan Athletic,Blackburn Rovers,3,3
2899,England,England Premier League,2011/2012,2011-11-20 00:00:00,Chelsea,Liverpool,1,2
2906,England,England Premier League,2011/2012,2011-11-21 00:00:00,Tottenham Hotspur,Aston Villa,2,0
2909,England,England Premier League,2011/2012,2011-11-26 00:00:00,Arsenal,Fulham,1,1
2910,England,England Premier League,2011/2012,2011-11-26 00:00:00,Bolton Wanderers,Everton,0,2
2911,England,England Premier League,2011/2012,2011-11-26 00:00:00,Chelsea,Wolverhampton Wanderers,3,0
2913,England,England Premier League,2011/2012,2011-11-26 00:00:00,Manchester United,Newcastle United,1,1
2914,England,England Premier League,2011/2012,2011-11-26 00:00:00,Norwich City,Queens Park Rangers,2,1
2915,England,England Premier League,2011/2012,2011-11-26 00:00:00,Stoke City,Blackburn Rovers,3,1
2916,England,England Premier League,2011/2012,2011-11-26 00:00:00,Sunderland,Wigan Athletic,1,2
2918,England,England Premier League,2011/2012,2011-11-26 00:00:00,West Bromwich Albion,Tottenham Hotspur,1,3
2912,England,England Premier League,2011/2012,2011-11-27 00:00:00,Liverpool,Manchester City,1,1
2917,England,England Premier League,2011/2012,2011-11-27 00:00:00,Swansea City,Aston Villa,0,0
2919,England,England Premier League,2011/2012,2011-12-03 00:00:00,Aston Villa,Manchester United,0,1
2920,England,England Premier League,2011/2012,2011-12-03 00:00:00,Blackburn Rovers,Swansea City,4,2
2923,England,England Premier League,2011/2012,2011-12-03 00:00:00,Manchester City,Norwich City,5,1
2924,England,England Premier League,2011/2012,2011-12-03 00:00:00,Newcastle United,Chelsea,0,3
2925,England,England Premier League,2011/2012,2011-12-03 00:00:00,Queens Park Rangers,West Bromwich Albion,1,1
2926,England,England Premier League,2011/2012,2011-12-03 00:00:00,Tottenham Hotspur,Bolton Wanderers,3,0
2927,England,England Premier League,2011/2012,2011-12-03 00:00:00,Wigan Athletic,Arsenal,0,4
2921,England,England Premier League,2011/2012,2011-12-04 00:00:00,Everton,Stoke City,0,1
2928,England,England Premier League,2011/2012,2011-12-04 00:00:00,Wolverhampton Wanderers,Sunderland,2,1
2922,England,England Premier League,2011/2012,2011-12-05 00:00:00,Fulham,Liverpool,1,0
2929,England,England Premier League,2011/2012,2011-12-10 00:00:00,Arsenal,Everton,1,0
2930,England,England Premier League,2011/2012,2011-12-10 00:00:00,Bolton Wanderers,Aston Villa,1,2
2932,England,England Premier League,2011/2012,2011-12-10 00:00:00,Liverpool,Queens Park Rangers,1,0
2933,England,England Premier League,2011/2012,2011-12-10 00:00:00,Manchester United,Wolverhampton Wanderers,4,1
2934,England,England Premier League,2011/2012,2011-12-10 00:00:00,Norwich City,Newcastle United,4,2
2937,England,England Premier League,2011/2012,2011-12-10 00:00:00,Swansea City,Fulham,2,0
2938,England,England Premier League,2011/2012,2011-12-10 00:00:00,West Bromwich Albion,Wigan Athletic,1,2
2935,England,England Premier League,2011/2012,2011-12-11 00:00:00,Stoke City,Tottenham Hotspur,2,1
2936,England,England Premier League,2011/2012,2011-12-11 00:00:00,Sunderland,Blackburn Rovers,2,1
2931,England,England Premier League,2011/2012,2011-12-12 00:00:00,Chelsea,Manchester City,2,1
2940,England,England Premier League,2011/2012,2011-12-17 00:00:00,Blackburn Rovers,West Bromwich Albion,1,2
2941,England,England Premier League,2011/2012,2011-12-17 00:00:00,Everton,Norwich City,1,1
2942,England,England Premier League,2011/2012,2011-12-17 00:00:00,Fulham,Bolton Wanderers,2,0
2944,England,England Premier League,2011/2012,2011-12-17 00:00:00,Newcastle United,Swansea City,0,0
2947,England,England Premier League,2011/2012,2011-12-17 00:00:00,Wigan Athletic,Chelsea,1,1
2948,England,England Premier League,2011/2012,2011-12-17 00:00:00,Wolverhampton Wanderers,Stoke City,1,2
2939,England,England Premier League,2011/2012,2011-12-18 00:00:00,Aston Villa,Liverpool,0,2
2943,England,England Premier League,2011/2012,2011-12-18 00:00:00,Manchester City,Arsenal,1,0
2945,England,England Premier League,2011/2012,2011-12-18 00:00:00,Queens Park Rangers,Manchester United,0,2
2946,England,England Premier League,2011/2012,2011-12-18 00:00:00,Tottenham Hotspur,Sunderland,1,0
2952,England,England Premier League,2011/2012,2011-12-20 00:00:00,Wolverhampton Wanderers,Norwich City,2,2
2954,England,England Premier League,2011/2012,2011-12-20 00:00:00,Blackburn Rovers,Bolton Wanderers,1,2
2949,England,England Premier League,2011/2012,2011-12-21 00:00:00,Queens Park Rangers,Sunderland,2,3
2951,England,England Premier League,2011/2012,2011-12-21 00:00:00,Wigan Athletic,Liverpool,0,0
2953,England,England Premier League,2011/2012,2011-12-21 00:00:00,Aston Villa,Arsenal,1,2
2955,England,England Premier League,2011/2012,2011-12-21 00:00:00,Everton,Swansea City,1,0
2956,England,England Premier League,2011/2012,2011-12-21 00:00:00,Fulham,Manchester United,0,5
2957,England,England Premier League,2011/2012,2011-12-21 00:00:00,Manchester City,Stoke City,3,0
2958,England,England Premier League,2011/2012,2011-12-21 00:00:00,Newcastle United,West Bromwich Albion,2,3
2950,England,England Premier League,2011/2012,2011-12-22 00:00:00,Tottenham Hotspur,Chelsea,1,1
2960,England,England Premier League,2011/2012,2011-12-26 00:00:00,Bolton Wanderers,Newcastle United,0,2
2961,England,England Premier League,2011/2012,2011-12-26 00:00:00,Chelsea,Fulham,1,1
2962,England,England Premier League,2011/2012,2011-12-26 00:00:00,Liverpool,Blackburn Rovers,1,1
2963,England,England Premier League,2011/2012,2011-12-26 00:00:00,Manchester United,Wigan Athletic,5,0
2965,England,England Premier League,2011/2012,2011-12-26 00:00:00,Stoke City,Aston Villa,0,0
2966,England,England Premier League,2011/2012,2011-12-26 00:00:00,Sunderland,Everton,1,1
2968,England,England Premier League,2011/2012,2011-12-26 00:00:00,West Bromwich Albion,Manchester City,0,0
2959,England,England Premier League,2011/2012,2011-12-27 00:00:00,Arsenal,Wolverhampton Wanderers,1,1
2964,England,England Premier League,2011/2012,2011-12-27 00:00:00,Norwich City,Tottenham Hotspur,0,2
2967,England,England Premier League,2011/2012,2011-12-27 00:00:00,Swansea City,Queens Park Rangers,1,1
2972,England,England Premier League,2011/2012,2011-12-30 00:00:00,Liverpool,Newcastle United,3,1
2969,England,England Premier League,2011/2012,2011-12-31 00:00:00,Arsenal,Queens Park Rangers,1,0
2970,England,England Premier League,2011/2012,2011-12-31 00:00:00,Bolton Wanderers,Wolverhampton Wanderers,1,1
2971,England,England Premier League,2011/2012,2011-12-31 00:00:00,Chelsea,Aston Villa,1,3
2973,England,England Premier League,2011/2012,2011-12-31 00:00:00,Manchester United,Blackburn Rovers,2,3
2974,England,England Premier League,2011/2012,2011-12-31 00:00:00,Norwich City,Fulham,1,1
2975,England,England Premier League,2011/2012,2011-12-31 00:00:00,Stoke City,Wigan Athletic,2,2
2977,England,England Premier League,2011/2012,2011-12-31 00:00:00,Swansea City,Tottenham Hotspur,1,1
2976,England,England Premier League,2011/2012,2012-01-01 00:00:00,Sunderland,Manchester City,1,0
2978,England,England Premier League,2011/2012,2012-01-01 00:00:00,West Bromwich Albion,Everton,0,1
2989,England,England Premier League,2011/2012,2012-01-02 00:00:00,Aston Villa,Swansea City,0,2
2990,England,England Premier League,2011/2012,2012-01-02 00:00:00,Blackburn Rovers,Stoke City,1,2
2992,England,England Premier League,2011/2012,2012-01-02 00:00:00,Fulham,Arsenal,2,1
2995,England,England Premier League,2011/2012,2012-01-02 00:00:00,Queens Park Rangers,Norwich City,1,2
2998,England,England Premier League,2011/2012,2012-01-02 00:00:00,Wolverhampton Wanderers,Chelsea,1,2
2993,England,England Premier League,2011/2012,2012-01-03 00:00:00,Manchester City,Liverpool,3,0
2996,England,England Premier League,2011/2012,2012-01-03 00:00:00,Tottenham Hotspur,West Bromwich Albion,1,0
2997,England,England Premier League,2011/2012,2012-01-03 00:00:00,Wigan Athletic,Sunderland,1,4
2991,England,England Premier League,2011/2012,2012-01-04 00:00:00,Everton,Bolton Wanderers,1,2
2994,England,England Premier League,2011/2012,2012-01-04 00:00:00,Newcastle United,Manchester United,3,0
2876,England,England Premier League,2011/2012,2012-01-11 00:00:00,Tottenham Hotspur,Everton,2,0
2999,England,England Premier League,2011/2012,2012-01-14 00:00:00,Aston Villa,Everton,1,1
3000,England,England Premier League,2011/2012,2012-01-14 00:00:00,Blackburn Rovers,Fulham,3,1
3001,England,England Premier League,2011/2012,2012-01-14 00:00:00,Chelsea,Sunderland,1,0
3002,England,England Premier League,2011/2012,2012-01-14 00:00:00,Liverpool,Stoke City,0,0
3003,England,England Premier League,2011/2012,2012-01-14 00:00:00,Manchester United,Bolton Wanderers,3,0
3006,England,England Premier League,2011/2012,2012-01-14 00:00:00,Tottenham Hotspur,Wolverhampton Wanderers,1,1
3007,England,England Premier League,2011/2012,2012-01-14 00:00:00,West Bromwich Albion,Norwich City,1,2
3004,England,England Premier League,2011/2012,2012-01-15 00:00:00,Newcastle United,Queens Park Rangers,1,0
3005,England,England Premier League,2011/2012,2012-01-15 00:00:00,Swansea City,Arsenal,3,2
3008,England,England Premier League,2011/2012,2012-01-16 00:00:00,Wigan Athletic,Manchester City,0,1
3010,England,England Premier League,2011/2012,2012-01-21 00:00:00,Bolton Wanderers,Liverpool,3,1
3011,England,England Premier League,2011/2012,2012-01-21 00:00:00,Everton,Blackburn Rovers,1,1
3012,England,England Premier League,2011/2012,2012-01-21 00:00:00,Fulham,Newcastle United,5,2
3014,England,England Premier League,2011/2012,2012-01-21 00:00:00,Norwich City,Chelsea,0,0
3015,England,England Premier League,2011/2012,2012-01-21 00:00:00,Queens Park Rangers,Wigan Athletic,3,1
3016,England,England Premier League,2011/2012,2012-01-21 00:00:00,Stoke City,West Bromwich Albion,1,2
3017,England,England Premier League,2011/2012,2012-01-21 00:00:00,Sunderland,Swansea City,2,0
3018,England,England Premier League,2011/2012,2012-01-21 00:00:00,Wolverhampton Wanderers,Aston Villa,2,3
3009,England,England Premier League,2011/2012,2012-01-22 00:00:00,Arsenal,Manchester United,1,2
3013,England,England Premier League,2011/2012,2012-01-22 00:00:00,Manchester City,Tottenham Hotspur,3,2
3020,England,England Premier League,2011/2012,2012-01-31 00:00:00,Manchester United,Stoke City,2,0
3022,England,England Premier League,2011/2012,2012-01-31 00:00:00,Swansea City,Chelsea,1,1
3023,England,England Premier League,2011/2012,2012-01-31 00:00:00,Tottenham Hotspur,Wigan Athletic,3,1
3024,England,England Premier League,2011/2012,2012-01-31 00:00:00,Wolverhampton Wanderers,Liverpool,0,3
3027,England,England Premier League,2011/2012,2012-01-31 00:00:00,Everton,Manchester City,1,0
3019,England,England Premier League,2011/2012,2012-02-01 00:00:00,Bolton Wanderers,Arsenal,0,0
3021,England,England Premier League,2011/2012,2012-02-01 00:00:00,Sunderland,Norwich City,3,0
3025,England,England Premier League,2011/2012,2012-02-01 00:00:00,Aston Villa,Queens Park Rangers,2,2
3026,England,England Premier League,2011/2012,2012-02-01 00:00:00,Blackburn Rovers,Newcastle United,0,2
3028,England,England Premier League,2011/2012,2012-02-01 00:00:00,Fulham,West Bromwich Albion,1,1
3029,England,England Premier League,2011/2012,2012-02-04 00:00:00,Arsenal,Blackburn Rovers,7,1
3032,England,England Premier League,2011/2012,2012-02-04 00:00:00,Manchester City,Fulham,3,0
3034,England,England Premier League,2011/2012,2012-02-04 00:00:00,Norwich City,Bolton Wanderers,2,0
3035,England,England Premier League,2011/2012,2012-02-04 00:00:00,Queens Park Rangers,Wolverhampton Wanderers,1,2
3036,England,England Premier League,2011/2012,2012-02-04 00:00:00,Stoke City,Sunderland,0,1
3037,England,England Premier League,2011/2012,2012-02-04 00:00:00,West Bromwich Albion,Swansea City,1,2
3038,England,England Premier League,2011/2012,2012-02-04 00:00:00,Wigan Athletic,Everton,1,1
3030,England,England Premier League,2011/2012,2012-02-05 00:00:00,Chelsea,Manchester United,3,3
3033,England,England Premier League,2011/2012,2012-02-05 00:00:00,Newcastle United,Aston Villa,2,1
3031,England,England Premier League,2011/2012,2012-02-06 00:00:00,Liverpool,Tottenham Hotspur,0,0
3040,England,England Premier League,2011/2012,2012-02-11 00:00:00,Blackburn Rovers,Queens Park Rangers,3,2
3041,England,England Premier League,2011/2012,2012-02-11 00:00:00,Bolton Wanderers,Wigan Athletic,1,2
3042,England,England Premier League,2011/2012,2012-02-11 00:00:00,Everton,Chelsea,2,0
3043,England,England Premier League,2011/2012,2012-02-11 00:00:00,Fulham,Stoke City,2,1
3044,England,England Premier League,2011/2012,2012-02-11 00:00:00,Manchester United,Liverpool,2,1
3045,England,England Premier League,2011/2012,2012-02-11 00:00:00,Sunderland,Arsenal,1,2
3046,England,England Premier League,2011/2012,2012-02-11 00:00:00,Swansea City,Norwich City,2,3
3047,England,England Premier League,2011/2012,2012-02-11 00:00:00,Tottenham Hotspur,Newcastle United,5,0
3039,England,England Premier League,2011/2012,2012-02-12 00:00:00,Aston Villa,Manchester City,0,1
3048,England,England Premier League,2011/2012,2012-02-12 00:00:00,Wolverhampton Wanderers,West Bromwich Albion,1,5
3050,England,England Premier League,2011/2012,2012-02-25 00:00:00,Chelsea,Bolton Wanderers,3,0
3052,England,England Premier League,2011/2012,2012-02-25 00:00:00,Manchester City,Blackburn Rovers,3,0
3053,England,England Premier League,2011/2012,2012-02-25 00:00:00,Newcastle United,Wolverhampton Wanderers,2,2
3055,England,England Premier League,2011/2012,2012-02-25 00:00:00,Queens Park Rangers,Fulham,0,1
3057,England,England Premier League,2011/2012,2012-02-25 00:00:00,West Bromwich Albion,Sunderland,4,0
3058,England,England Premier League,2011/2012,2012-02-25 00:00:00,Wigan Athletic,Aston Villa,0,0
3049,England,England Premier League,2011/2012,2012-02-26 00:00:00,Arsenal,Tottenham Hotspur,5,2
3054,England,England Premier League,2011/2012,2012-02-26 00:00:00,Norwich City,Manchester United,1,2
3056,England,England Premier League,2011/2012,2012-02-26 00:00:00,Stoke City,Swansea City,2,0
3059,England,England Premier League,2011/2012,2012-03-03 00:00:00,Blackburn Rovers,Aston Villa,1,1
3061,England,England Premier League,2011/2012,2012-03-03 00:00:00,Liverpool,Arsenal,1,2
3062,England,England Premier League,2011/2012,2012-03-03 00:00:00,Manchester City,Bolton Wanderers,2,0
3064,England,England Premier League,2011/2012,2012-03-03 00:00:00,Queens Park Rangers,Everton,1,1
3065,England,England Premier League,2011/2012,2012-03-03 00:00:00,Stoke City,Norwich City,1,0
3067,England,England Premier League,2011/2012,2012-03-03 00:00:00,West Bromwich Albion,Chelsea,1,0
3068,England,England Premier League,2011/2012,2012-03-03 00:00:00,Wigan Athletic,Swansea City,0,2
3060,England,England Premier League,2011/2012,2012-03-04 00:00:00,Fulham,Wolverhampton Wanderers,5,0
3063,England,England Premier League,2011/2012,2012-03-04 00:00:00,Newcastle United,Sunderland,1,1
3066,England,England Premier League,2011/2012,2012-03-04 00:00:00,Tottenham Hotspur,Manchester United,1,3
3070,England,England Premier League,2011/2012,2012-03-10 00:00:00,Aston Villa,Fulham,1,0
3071,England,England Premier League,2011/2012,2012-03-10 00:00:00,Bolton Wanderers,Queens Park Rangers,2,1
3072,England,England Premier League,2011/2012,2012-03-10 00:00:00,Chelsea,Stoke City,1,0
3073,England,England Premier League,2011/2012,2012-03-10 00:00:00,Everton,Tottenham Hotspur,1,0
3076,England,England Premier League,2011/2012,2012-03-10 00:00:00,Sunderland,Liverpool,1,0
3078,England,England Premier League,2011/2012,2012-03-10 00:00:00,Wolverhampton Wanderers,Blackburn Rovers,0,2
3074,England,England Premier League,2011/2012,2012-03-11 00:00:00,Manchester United,West Bromwich Albion,2,0
3075,England,England Premier League,2011/2012,2012-03-11 00:00:00,Norwich City,Wigan Athletic,1,1
3077,England,England Premier League,2011/2012,2012-03-11 00:00:00,Swansea City,Manchester City,1,0
3069,England,England Premier League,2011/2012,2012-03-12 00:00:00,Arsenal,Newcastle United,2,1
3051,England,England Premier League,2011/2012,2012-03-13 00:00:00,Liverpool,Everton,3,0
3082,England,England Premier League,2011/2012,2012-03-17 00:00:00,Fulham,Swansea City,0,3
3087,England,England Premier League,2011/2012,2012-03-17 00:00:00,Wigan Athletic,West Bromwich Albion,1,1
3084,England,England Premier League,2011/2012,2012-03-18 00:00:00,Newcastle United,Norwich City,1,0
3088,England,England Premier League,2011/2012,2012-03-18 00:00:00,Wolverhampton Wanderers,Manchester United,0,5
3080,England,England Premier League,2011/2012,2012-03-20 00:00:00,Blackburn Rovers,Sunderland,2,0
3081,England,England Premier League,2011/2012,2012-03-21 00:00:00,Everton,Arsenal,0,1
3083,England,England Premier League,2011/2012,2012-03-21 00:00:00,Manchester City,Chelsea,2,1
3085,England,England Premier League,2011/2012,2012-03-21 00:00:00,Queens Park Rangers,Liverpool,3,2
3086,England,England Premier League,2011/2012,2012-03-21 00:00:00,Tottenham Hotspur,Stoke City,1,1
3099,England,England Premier League,2011/2012,2012-03-24 00:00:00,Arsenal,Aston Villa,3,0
3100,England,England Premier League,2011/2012,2012-03-24 00:00:00,Bolton Wanderers,Blackburn Rovers,2,1
3101,England,England Premier League,2011/2012,2012-03-24 00:00:00,Chelsea,Tottenham Hotspur,0,0
3102,England,England Premier League,2011/2012,2012-03-24 00:00:00,Liverpool,Wigan Athletic,1,2
3104,England,England Premier League,2011/2012,2012-03-24 00:00:00,Norwich City,Wolverhampton Wanderers,2,1
3105,England,England Premier League,2011/2012,2012-03-24 00:00:00,Stoke City,Manchester City,1,1
3106,England,England Premier League,2011/2012,2012-03-24 00:00:00,Sunderland,Queens Park Rangers,3,1
3107,England,England Premier League,2011/2012,2012-03-24 00:00:00,Swansea City,Everton,0,2
3108,England,England Premier League,2011/2012,2012-03-25 00:00:00,West Bromwich Albion,Newcastle United,1,3
3103,England,England Premier League,2011/2012,2012-03-26 00:00:00,Manchester United,Fulham,1,0
3109,England,England Premier League,2011/2012,2012-03-31 00:00:00,Aston Villa,Chelsea,2,4
3111,England,England Premier League,2011/2012,2012-03-31 00:00:00,Everton,West Bromwich Albion,2,0
3112,England,England Premier League,2011/2012,2012-03-31 00:00:00,Fulham,Norwich City,2,1
3113,England,England Premier League,2011/2012,2012-03-31 00:00:00,Manchester City,Sunderland,3,3
3115,England,England Premier League,2011/2012,2012-03-31 00:00:00,Queens Park Rangers,Arsenal,2,1
3117,England,England Premier League,2011/2012,2012-03-31 00:00:00,Wigan Athletic,Stoke City,2,0
3118,England,England Premier League,2011/2012,2012-03-31 00:00:00,Wolverhampton Wanderers,Bolton Wanderers,2,3
3114,England,England Premier League,2011/2012,2012-04-01 00:00:00,Newcastle United,Liverpool,2,0
3116,England,England Premier League,2011/2012,2012-04-01 00:00:00,Tottenham Hotspur,Swansea City,3,1
3110,England,England Premier League,2011/2012,2012-04-02 00:00:00,Blackburn Rovers,Manchester United,0,2
3127,England,England Premier League,2011/2012,2012-04-06 00:00:00,Swansea City,Newcastle United,0,2
3120,England,England Premier League,2011/2012,2012-04-07 00:00:00,Bolton Wanderers,Fulham,0,3
3121,England,England Premier League,2011/2012,2012-04-07 00:00:00,Chelsea,Wigan Athletic,2,1
3122,England,England Premier League,2011/2012,2012-04-07 00:00:00,Liverpool,Aston Villa,1,1
3124,England,England Premier League,2011/2012,2012-04-07 00:00:00,Norwich City,Everton,2,2
3125,England,England Premier League,2011/2012,2012-04-07 00:00:00,Stoke City,Wolverhampton Wanderers,2,1
3126,England,England Premier League,2011/2012,2012-04-07 00:00:00,Sunderland,Tottenham Hotspur,0,0
3128,England,England Premier League,2011/2012,2012-04-07 00:00:00,West Bromwich Albion,Blackburn Rovers,3,0
3119,England,England Premier League,2011/2012,2012-04-08 00:00:00,Arsenal,Manchester City,1,0
3123,England,England Premier League,2011/2012,2012-04-08 00:00:00,Manchester United,Queens Park Rangers,2,0
3129,England,England Premier League,2011/2012,2012-04-09 00:00:00,Aston Villa,Stoke City,1,1
3131,England,England Premier League,2011/2012,2012-04-09 00:00:00,Everton,Sunderland,4,0
3132,England,England Premier League,2011/2012,2012-04-09 00:00:00,Fulham,Chelsea,1,1
3134,England,England Premier League,2011/2012,2012-04-09 00:00:00,Newcastle United,Bolton Wanderers,2,0
3136,England,England Premier League,2011/2012,2012-04-09 00:00:00,Tottenham Hotspur,Norwich City,1,2
3130,England,England Premier League,2011/2012,2012-04-10 00:00:00,Blackburn Rovers,Liverpool,2,3
3133,England,England Premier League,2011/2012,2012-04-11 00:00:00,Manchester City,West Bromwich Albion,4,0
3135,England,England Premier League,2011/2012,2012-04-11 00:00:00,Queens Park Rangers,Swansea City,3,0
3137,England,England Premier League,2011/2012,2012-04-11 00:00:00,Wigan Athletic,Manchester United,1,0
3138,England,England Premier League,2011/2012,2012-04-11 00:00:00,Wolverhampton Wanderers,Arsenal,0,3
3144,England,England Premier League,2011/2012,2012-04-14 00:00:00,Norwich City,Manchester City,1,6
3146,England,England Premier League,2011/2012,2012-04-14 00:00:00,Sunderland,Wolverhampton Wanderers,0,0
3147,England,England Premier League,2011/2012,2012-04-14 00:00:00,Swansea City,Blackburn Rovers,3,0
3148,England,England Premier League,2011/2012,2012-04-14 00:00:00,West Bromwich Albion,Queens Park Rangers,1,0
3143,England,England Premier League,2011/2012,2012-04-15 00:00:00,Manchester United,Aston Villa,4,0
3139,England,England Premier League,2011/2012,2012-04-16 00:00:00,Arsenal,Wigan Athletic,1,2
3149,England,England Premier League,2011/2012,2012-04-21 00:00:00,Arsenal,Chelsea,0,0
3150,England,England Premier League,2011/2012,2012-04-21 00:00:00,Aston Villa,Sunderland,0,0
3151,England,England Premier League,2011/2012,2012-04-21 00:00:00,Blackburn Rovers,Norwich City,2,0
3152,England,England Premier League,2011/2012,2012-04-21 00:00:00,Bolton Wanderers,Swansea City,1,1
3153,England,England Premier League,2011/2012,2012-04-21 00:00:00,Fulham,Wigan Athletic,2,1
3156,England,England Premier League,2011/2012,2012-04-21 00:00:00,Newcastle United,Stoke City,3,0
3157,England,England Premier League,2011/2012,2012-04-21 00:00:00,Queens Park Rangers,Tottenham Hotspur,1,0
3154,England,England Premier League,2011/2012,2012-04-22 00:00:00,Liverpool,West Bromwich Albion,0,1
3155,England,England Premier League,2011/2012,2012-04-22 00:00:00,Manchester United,Everton,4,4
3158,England,England Premier League,2011/2012,2012-04-22 00:00:00,Wolverhampton Wanderers,Manchester City,0,2
3079,England,England Premier League,2011/2012,2012-04-24 00:00:00,Aston Villa,Bolton Wanderers,1,2
3160,England,England Premier League,2011/2012,2012-04-28 00:00:00,Everton,Fulham,4,0
3162,England,England Premier League,2011/2012,2012-04-28 00:00:00,Norwich City,Liverpool,0,3
3163,England,England Premier League,2011/2012,2012-04-28 00:00:00,Stoke City,Arsenal,1,1
3164,England,England Premier League,2011/2012,2012-04-28 00:00:00,Sunderland,Bolton Wanderers,2,2
3165,England,England Premier League,2011/2012,2012-04-28 00:00:00,Swansea City,Wolverhampton Wanderers,4,4
3167,England,England Premier League,2011/2012,2012-04-28 00:00:00,West Bromwich Albion,Aston Villa,0,0
3168,England,England Premier League,2011/2012,2012-04-28 00:00:00,Wigan Athletic,Newcastle United,4,0
3159,England,England Premier League,2011/2012,2012-04-29 00:00:00,Chelsea,Queens Park Rangers,6,1
3166,England,England Premier League,2011/2012,2012-04-29 00:00:00,Tottenham Hotspur,Blackburn Rovers,2,0
3161,England,England Premier League,2011/2012,2012-04-30 00:00:00,Manchester City,Manchester United,1,0
3142,England,England Premier League,2011/2012,2012-05-01 00:00:00,Liverpool,Fulham,0,1
3145,England,England Premier League,2011/2012,2012-05-01 00:00:00,Stoke City,Everton,1,1
3140,England,England Premier League,2011/2012,2012-05-02 00:00:00,Bolton Wanderers,Tottenham Hotspur,1,4
3141,England,England Premier League,2011/2012,2012-05-02 00:00:00,Chelsea,Newcastle United,0,2
3169,England,England Premier League,2011/2012,2012-05-05 00:00:00,Arsenal,Norwich City,3,3
3170,England,England Premier League,2011/2012,2012-05-06 00:00:00,Aston Villa,Tottenham Hotspur,1,1
3172,England,England Premier League,2011/2012,2012-05-06 00:00:00,Bolton Wanderers,West Bromwich Albion,2,2
3173,England,England Premier League,2011/2012,2012-05-06 00:00:00,Fulham,Sunderland,2,1
3175,England,England Premier League,2011/2012,2012-05-06 00:00:00,Manchester United,Swansea City,2,0
3176,England,England Premier League,2011/2012,2012-05-06 00:00:00,Newcastle United,Manchester City,0,2
3177,England,England Premier League,2011/2012,2012-05-06 00:00:00,Queens Park Rangers,Stoke City,1,0
3178,England,England Premier League,2011/2012,2012-05-06 00:00:00,Wolverhampton Wanderers,Everton,0,0
3171,England,England Premier League,2011/2012,2012-05-07 00:00:00,Blackburn Rovers,Wigan Athletic,0,1
3174,England,England Premier League,2011/2012,2012-05-08 00:00:00,Liverpool,Chelsea,4,1
3179,England,England Premier League,2011/2012,2012-05-13 00:00:00,Chelsea,Blackburn Rovers,2,1
3180,England,England Premier League,2011/2012,2012-05-13 00:00:00,Everton,Newcastle United,3,1
3181,England,England Premier League,2011/2012,2012-05-13 00:00:00,Manchester City,Queens Park Rangers,3,2
3182,England,England Premier League,2011/2012,2012-05-13 00:00:00,Norwich City,Aston Villa,2,0
3183,England,England Premier League,2011/2012,2012-05-13 00:00:00,Stoke City,Bolton Wanderers,2,2
3184,England,England Premier League,2011/2012,2012-05-13 00:00:00,Sunderland,Manchester United,0,1
3185,England,England Premier League,2011/2012,2012-05-13 00:00:00,Swansea City,Liverpool,1,0
3186,England,England Premier League,2011/2012,2012-05-13 00:00:00,Tottenham Hotspur,Fulham,2,0
3187,England,England Premier League,2011/2012,2012-05-13 00:00:00,West Bromwich Albion,Arsenal,2,3
3188,England,England Premier League,2011/2012,2012-05-13 00:00:00,Wigan Athletic,Wolverhampton Wanderers,3,2
3249,England,England Premier League,2012/2013,2012-08-18 00:00:00,Arsenal,Sunderland,0,0
3251,England,England Premier League,2012/2013,2012-08-18 00:00:00,Fulham,Norwich City,5,0
3253,England,England Premier League,2012/2013,2012-08-18 00:00:00,Newcastle United,Tottenham Hotspur,2,1
3254,England,England Premier League,2012/2013,2012-08-18 00:00:00,Queens Park Rangers,Swansea City,0,5
3255,England,England Premier League,2012/2013,2012-08-18 00:00:00,Reading,Stoke City,1,1
3256,England,England Premier League,2012/2013,2012-08-18 00:00:00,West Bromwich Albion,Liverpool,3,0
3257,England,England Premier League,2012/2013,2012-08-18 00:00:00,West Ham United,Aston Villa,1,0
3252,England,England Premier League,2012/2013,2012-08-19 00:00:00,Manchester City,Southampton,3,2
3258,England,England Premier League,2012/2013,2012-08-19 00:00:00,Wigan Athletic,Chelsea,0,2
3250,England,England Premier League,2012/2013,2012-08-20 00:00:00,Everton,Manchester United,1,0
3469,England,England Premier League,2012/2013,2012-08-22 00:00:00,Chelsea,Reading,4,2
3359,England,England Premier League,2012/2013,2012-08-25 00:00:00,Aston Villa,Everton,1,3
3360,England,England Premier League,2012/2013,2012-08-25 00:00:00,Chelsea,Newcastle United,2,0
3362,England,England Premier League,2012/2013,2012-08-25 00:00:00,Manchester United,Fulham,3,2
3363,England,England Premier League,2012/2013,2012-08-25 00:00:00,Norwich City,Queens Park Rangers,1,1
3364,England,England Premier League,2012/2013,2012-08-25 00:00:00,Southampton,Wigan Athletic,0,2
3367,England,England Premier League,2012/2013,2012-08-25 00:00:00,Swansea City,West Ham United,3,0
3368,England,England Premier League,2012/2013,2012-08-25 00:00:00,Tottenham Hotspur,West Bromwich Albion,1,1
3361,England,England Premier League,2012/2013,2012-08-26 00:00:00,Liverpool,Manchester City,2,2
3365,England,England Premier League,2012/2013,2012-08-26 00:00:00,Stoke City,Arsenal,0,0
3471,England,England Premier League,2012/2013,2012-09-01 00:00:00,Manchester City,Queens Park Rangers,3,1
3474,England,England Premier League,2012/2013,2012-09-01 00:00:00,Swansea City,Sunderland,2,2
3475,England,England Premier League,2012/2013,2012-09-01 00:00:00,Tottenham Hotspur,Norwich City,1,1
3476,England,England Premier League,2012/2013,2012-09-01 00:00:00,West Bromwich Albion,Everton,2,0
3477,England,England Premier League,2012/2013,2012-09-01 00:00:00,West Ham United,Fulham,3,0
3478,England,England Premier League,2012/2013,2012-09-01 00:00:00,Wigan Athletic,Stoke City,2,2
3470,England,England Premier League,2012/2013,2012-09-02 00:00:00,Liverpool,Arsenal,0,2
3472,England,England Premier League,2012/2013,2012-09-02 00:00:00,Newcastle United,Aston Villa,1,1
3473,England,England Premier League,2012/2013,2012-09-02 00:00:00,Southampton,Manchester United,2,3
3569,England,England Premier League,2012/2013,2012-09-15 00:00:00,Arsenal,Southampton,6,1
3570,England,England Premier League,2012/2013,2012-09-15 00:00:00,Aston Villa,Swansea City,2,0
3572,England,England Premier League,2012/2013,2012-09-15 00:00:00,Fulham,West Bromwich Albion,3,0
3573,England,England Premier League,2012/2013,2012-09-15 00:00:00,Manchester United,Wigan Athletic,4,0
3574,England,England Premier League,2012/2013,2012-09-15 00:00:00,Norwich City,West Ham United,0,0
3575,England,England Premier League,2012/2013,2012-09-15 00:00:00,Queens Park Rangers,Chelsea,0,0
3577,England,England Premier League,2012/2013,2012-09-15 00:00:00,Stoke City,Manchester City,1,1
3578,England,England Premier League,2012/2013,2012-09-15 00:00:00,Sunderland,Liverpool,1,1
3576,England,England Premier League,2012/2013,2012-09-16 00:00:00,Reading,Tottenham Hotspur,1,3
3571,England,England Premier League,2012/2013,2012-09-17 00:00:00,Everton,Newcastle United,2,2
3579,England,England Premier League,2012/2013,2012-09-22 00:00:00,Chelsea,Stoke City,1,0
3583,England,England Premier League,2012/2013,2012-09-22 00:00:00,Southampton,Aston Villa,4,1
3584,England,England Premier League,2012/2013,2012-09-22 00:00:00,Swansea City,Everton,0,3
3586,England,England Premier League,2012/2013,2012-09-22 00:00:00,West Bromwich Albion,Reading,1,0
3587,England,England Premier League,2012/2013,2012-09-22 00:00:00,West Ham United,Sunderland,1,1
3588,England,England Premier League,2012/2013,2012-09-22 00:00:00,Wigan Athletic,Fulham,1,2
3580,England,England Premier League,2012/2013,2012-09-23 00:00:00,Liverpool,Manchester United,1,2
3581,England,England Premier League,2012/2013,2012-09-23 00:00:00,Manchester City,Arsenal,1,1
3582,England,England Premier League,2012/2013,2012-09-23 00:00:00,Newcastle United,Norwich City,1,0
3585,England,England Premier League,2012/2013,2012-09-23 00:00:00,Tottenham Hotspur,Queens Park Rangers,2,1
3589,England,England Premier League,2012/2013,2012-09-29 00:00:00,Arsenal,Chelsea,1,2
3591,England,England Premier League,2012/2013,2012-09-29 00:00:00,Everton,Southampton,3,1
3592,England,England Premier League,2012/2013,2012-09-29 00:00:00,Fulham,Manchester City,1,2
3593,England,England Premier League,2012/2013,2012-09-29 00:00:00,Manchester United,Tottenham Hotspur,2,3
3594,England,England Premier League,2012/2013,2012-09-29 00:00:00,Norwich City,Liverpool,2,5
3596,England,England Premier League,2012/2013,2012-09-29 00:00:00,Reading,Newcastle United,2,2
3597,England,England Premier League,2012/2013,2012-09-29 00:00:00,Stoke City,Swansea City,2,0
3598,England,England Premier League,2012/2013,2012-09-29 00:00:00,Sunderland,Wigan Athletic,1,0
3590,England,England Premier League,2012/2013,2012-09-30 00:00:00,Aston Villa,West Bromwich Albion,1,1
3595,England,England Premier League,2012/2013,2012-10-01 00:00:00,Queens Park Rangers,West Ham United,1,2
3599,England,England Premier League,2012/2013,2012-10-06 00:00:00,Chelsea,Norwich City,4,1
3601,England,England Premier League,2012/2013,2012-10-06 00:00:00,Manchester City,Sunderland,3,0
3604,England,England Premier League,2012/2013,2012-10-06 00:00:00,Swansea City,Reading,2,2
3606,England,England Premier League,2012/2013,2012-10-06 00:00:00,West Bromwich Albion,Queens Park Rangers,3,2
3607,England,England Premier League,2012/2013,2012-10-06 00:00:00,West Ham United,Arsenal,1,3
3608,England,England Premier League,2012/2013,2012-10-06 00:00:00,Wigan Athletic,Everton,2,2
3600,England,England Premier League,2012/2013,2012-10-07 00:00:00,Liverpool,Stoke City,0,0
3602,England,England Premier League,2012/2013,2012-10-07 00:00:00,Newcastle United,Manchester United,0,3
3603,England,England Premier League,2012/2013,2012-10-07 00:00:00,Southampton,Fulham,2,2
3605,England,England Premier League,2012/2013,2012-10-07 00:00:00,Tottenham Hotspur,Aston Villa,2,0
3609,England,England Premier League,2012/2013,2012-10-20 00:00:00,Fulham,Aston Villa,1,0
3610,England,England Premier League,2012/2013,2012-10-20 00:00:00,Liverpool,Reading,1,0
3611,England,England Premier League,2012/2013,2012-10-20 00:00:00,Manchester United,Stoke City,4,2
3612,England,England Premier League,2012/2013,2012-10-20 00:00:00,Norwich City,Arsenal,1,0
3615,England,England Premier League,2012/2013,2012-10-20 00:00:00,Swansea City,Wigan Athletic,2,1
3616,England,England Premier League,2012/2013,2012-10-20 00:00:00,Tottenham Hotspur,Chelsea,2,4
3617,England,England Premier League,2012/2013,2012-10-20 00:00:00,West Bromwich Albion,Manchester City,1,2
3618,England,England Premier League,2012/2013,2012-10-20 00:00:00,West Ham United,Southampton,4,1
3613,England,England Premier League,2012/2013,2012-10-21 00:00:00,Queens Park Rangers,Everton,1,1
3614,England,England Premier League,2012/2013,2012-10-21 00:00:00,Sunderland,Newcastle United,1,1
3619,England,England Premier League,2012/2013,2012-10-27 00:00:00,Arsenal,Queens Park Rangers,1,0
3620,England,England Premier League,2012/2013,2012-10-27 00:00:00,Aston Villa,Norwich City,1,1
3623,England,England Premier League,2012/2013,2012-10-27 00:00:00,Manchester City,Swansea City,1,0
3625,England,England Premier League,2012/2013,2012-10-27 00:00:00,Reading,Fulham,3,3
3627,England,England Premier League,2012/2013,2012-10-27 00:00:00,Stoke City,Sunderland,0,0
3628,England,England Premier League,2012/2013,2012-10-27 00:00:00,Wigan Athletic,West Ham United,2,1
3621,England,England Premier League,2012/2013,2012-10-28 00:00:00,Chelsea,Manchester United,2,3
3622,England,England Premier League,2012/2013,2012-10-28 00:00:00,Everton,Liverpool,2,2
3624,England,England Premier League,2012/2013,2012-10-28 00:00:00,Newcastle United,West Bromwich Albion,2,1
3626,England,England Premier League,2012/2013,2012-10-28 00:00:00,Southampton,Tottenham Hotspur,1,2
3259,England,England Premier League,2012/2013,2012-11-03 00:00:00,Fulham,Everton,2,2
3261,England,England Premier League,2012/2013,2012-11-03 00:00:00,Manchester United,Arsenal,2,1
3262,England,England Premier League,2012/2013,2012-11-03 00:00:00,Norwich City,Stoke City,1,0
3264,England,England Premier League,2012/2013,2012-11-03 00:00:00,Sunderland,Aston Villa,0,1
3265,England,England Premier League,2012/2013,2012-11-03 00:00:00,Swansea City,Chelsea,1,1
3266,England,England Premier League,2012/2013,2012-11-03 00:00:00,Tottenham Hotspur,Wigan Athletic,0,1
3268,England,England Premier League,2012/2013,2012-11-03 00:00:00,West Ham United,Manchester City,0,0
3260,England,England Premier League,2012/2013,2012-11-04 00:00:00,Liverpool,Newcastle United,1,1
3263,England,England Premier League,2012/2013,2012-11-04 00:00:00,Queens Park Rangers,Reading,1,1
3267,England,England Premier League,2012/2013,2012-11-05 00:00:00,West Bromwich Albion,Southampton,2,0
3269,England,England Premier League,2012/2013,2012-11-10 00:00:00,Arsenal,Fulham,3,3
3270,England,England Premier League,2012/2013,2012-11-10 00:00:00,Aston Villa,Manchester United,2,3
3272,England,England Premier League,2012/2013,2012-11-10 00:00:00,Everton,Sunderland,2,1
3275,England,England Premier League,2012/2013,2012-11-10 00:00:00,Reading,Norwich City,0,0
3276,England,England Premier League,2012/2013,2012-11-10 00:00:00,Southampton,Swansea City,1,1
3277,England,England Premier League,2012/2013,2012-11-10 00:00:00,Stoke City,Queens Park Rangers,1,0
3278,England,England Premier League,2012/2013,2012-11-10 00:00:00,Wigan Athletic,West Bromwich Albion,1,2
3271,England,England Premier League,2012/2013,2012-11-11 00:00:00,Chelsea,Liverpool,1,1
3273,England,England Premier League,2012/2013,2012-11-11 00:00:00,Manchester City,Tottenham Hotspur,2,1
3274,England,England Premier League,2012/2013,2012-11-11 00:00:00,Newcastle United,West Ham United,0,1
3279,England,England Premier League,2012/2013,2012-11-17 00:00:00,Arsenal,Tottenham Hotspur,5,2
3281,England,England Premier League,2012/2013,2012-11-17 00:00:00,Liverpool,Wigan Athletic,3,0
3282,England,England Premier League,2012/2013,2012-11-17 00:00:00,Manchester City,Aston Villa,5,0
3283,England,England Premier League,2012/2013,2012-11-17 00:00:00,Newcastle United,Swansea City,1,2
3284,England,England Premier League,2012/2013,2012-11-17 00:00:00,Norwich City,Manchester United,1,0
3285,England,England Premier League,2012/2013,2012-11-17 00:00:00,Queens Park Rangers,Southampton,1,3
3286,England,England Premier League,2012/2013,2012-11-17 00:00:00,Reading,Everton,2,1
3287,England,England Premier League,2012/2013,2012-11-17 00:00:00,West Bromwich Albion,Chelsea,2,1
3280,England,England Premier League,2012/2013,2012-11-18 00:00:00,Fulham,Sunderland,1,3
3288,England,England Premier League,2012/2013,2012-11-19 00:00:00,West Ham United,Stoke City,1,1
3289,England,England Premier League,2012/2013,2012-11-24 00:00:00,Aston Villa,Arsenal,0,0
3291,England,England Premier League,2012/2013,2012-11-24 00:00:00,Everton,Norwich City,1,1
3292,England,England Premier League,2012/2013,2012-11-24 00:00:00,Manchester United,Queens Park Rangers,3,1
3294,England,England Premier League,2012/2013,2012-11-24 00:00:00,Stoke City,Fulham,1,0
3295,England,England Premier League,2012/2013,2012-11-24 00:00:00,Sunderland,West Bromwich Albion,2,4
3298,England,England Premier League,2012/2013,2012-11-24 00:00:00,Wigan Athletic,Reading,3,2
3290,England,England Premier League,2012/2013,2012-11-25 00:00:00,Chelsea,Manchester City,0,0
3293,England,England Premier League,2012/2013,2012-11-25 00:00:00,Southampton,Newcastle United,2,0
3296,England,England Premier League,2012/2013,2012-11-25 00:00:00,Swansea City,Liverpool,0,0
3297,England,England Premier League,2012/2013,2012-11-25 00:00:00,Tottenham Hotspur,West Ham United,3,1
3299,England,England Premier League,2012/2013,2012-11-27 00:00:00,Aston Villa,Reading,1,0
3303,England,England Premier League,2012/2013,2012-11-27 00:00:00,Sunderland,Queens Park Rangers,0,0
3300,England,England Premier League,2012/2013,2012-11-28 00:00:00,Manchester United,West Ham United,1,0
3301,England,England Premier League,2012/2013,2012-11-28 00:00:00,Southampton,Norwich City,1,1
3302,England,England Premier League,2012/2013,2012-11-28 00:00:00,Stoke City,Newcastle United,2,1
3304,England,England Premier League,2012/2013,2012-11-28 00:00:00,Swansea City,West Bromwich Albion,3,1
3305,England,England Premier League,2012/2013,2012-11-28 00:00:00,Tottenham Hotspur,Liverpool,2,1
3306,England,England Premier League,2012/2013,2012-11-28 00:00:00,Wigan Athletic,Manchester City,0,2
3307,England,England Premier League,2012/2013,2012-11-28 00:00:00,Chelsea,Fulham,0,0
3308,England,England Premier League,2012/2013,2012-11-28 00:00:00,Everton,Arsenal,1,1
3309,England,England Premier League,2012/2013,2012-12-01 00:00:00,Arsenal,Swansea City,0,2
3310,England,England Premier League,2012/2013,2012-12-01 00:00:00,Fulham,Tottenham Hotspur,0,3
3311,England,England Premier League,2012/2013,2012-12-01 00:00:00,Liverpool,Southampton,1,0
3312,England,England Premier League,2012/2013,2012-12-01 00:00:00,Manchester City,Everton,1,1
3315,England,England Premier League,2012/2013,2012-12-01 00:00:00,Queens Park Rangers,Aston Villa,1,1
3316,England,England Premier League,2012/2013,2012-12-01 00:00:00,Reading,Manchester United,3,4
3317,England,England Premier League,2012/2013,2012-12-01 00:00:00,West Bromwich Albion,Stoke City,0,1
3318,England,England Premier League,2012/2013,2012-12-01 00:00:00,West Ham United,Chelsea,3,1
3314,England,England Premier League,2012/2013,2012-12-02 00:00:00,Norwich City,Sunderland,2,1
3313,England,England Premier League,2012/2013,2012-12-03 00:00:00,Newcastle United,Wigan Athletic,3,0
3319,England,England Premier League,2012/2013,2012-12-08 00:00:00,Arsenal,West Bromwich Albion,2,0
3320,England,England Premier League,2012/2013,2012-12-08 00:00:00,Aston Villa,Stoke City,0,0
3324,England,England Premier League,2012/2013,2012-12-08 00:00:00,Southampton,Reading,1,0
3325,England,England Premier League,2012/2013,2012-12-08 00:00:00,Sunderland,Chelsea,1,3
3326,England,England Premier League,2012/2013,2012-12-08 00:00:00,Swansea City,Norwich City,3,4
3328,England,England Premier League,2012/2013,2012-12-08 00:00:00,Wigan Athletic,Queens Park Rangers,2,2
3321,England,England Premier League,2012/2013,2012-12-09 00:00:00,Everton,Tottenham Hotspur,2,1
3323,England,England Premier League,2012/2013,2012-12-09 00:00:00,Manchester City,Manchester United,2,3
3327,England,England Premier League,2012/2013,2012-12-09 00:00:00,West Ham United,Liverpool,2,3
3322,England,England Premier League,2012/2013,2012-12-10 00:00:00,Fulham,Newcastle United,2,1
3366,England,England Premier League,2012/2013,2012-12-11 00:00:00,Sunderland,Reading,3,0
3330,England,England Premier League,2012/2013,2012-12-15 00:00:00,Liverpool,Aston Villa,1,3
3331,England,England Premier League,2012/2013,2012-12-15 00:00:00,Manchester United,Sunderland,3,1
3332,England,England Premier League,2012/2013,2012-12-15 00:00:00,Newcastle United,Manchester City,1,3
3333,England,England Premier League,2012/2013,2012-12-15 00:00:00,Norwich City,Wigan Athletic,2,1
3334,England,England Premier League,2012/2013,2012-12-15 00:00:00,Queens Park Rangers,Fulham,2,1
3336,England,England Premier League,2012/2013,2012-12-15 00:00:00,Stoke City,Everton,1,1
3337,England,England Premier League,2012/2013,2012-12-16 00:00:00,Tottenham Hotspur,Swansea City,1,0
3338,England,England Premier League,2012/2013,2012-12-16 00:00:00,West Bromwich Albion,West Ham United,0,0
3335,England,England Premier League,2012/2013,2012-12-17 00:00:00,Reading,Arsenal,2,5
3340,England,England Premier League,2012/2013,2012-12-22 00:00:00,Liverpool,Fulham,4,0
3341,England,England Premier League,2012/2013,2012-12-22 00:00:00,Manchester City,Reading,1,0
3342,England,England Premier League,2012/2013,2012-12-22 00:00:00,Newcastle United,Queens Park Rangers,1,0
3343,England,England Premier League,2012/2013,2012-12-22 00:00:00,Southampton,Sunderland,0,1
3345,England,England Premier League,2012/2013,2012-12-22 00:00:00,Tottenham Hotspur,Stoke City,0,0
3346,England,England Premier League,2012/2013,2012-12-22 00:00:00,West Bromwich Albion,Norwich City,2,1
3347,England,England Premier League,2012/2013,2012-12-22 00:00:00,West Ham United,Everton,1,2
3348,England,England Premier League,2012/2013,2012-12-22 00:00:00,Wigan Athletic,Arsenal,0,1
3339,England,England Premier League,2012/2013,2012-12-23 00:00:00,Chelsea,Aston Villa,8,0
3344,England,England Premier League,2012/2013,2012-12-23 00:00:00,Swansea City,Manchester United,1,1
3350,England,England Premier League,2012/2013,2012-12-26 00:00:00,Aston Villa,Tottenham Hotspur,0,4
3351,England,England Premier League,2012/2013,2012-12-26 00:00:00,Everton,Wigan Athletic,2,1
3352,England,England Premier League,2012/2013,2012-12-26 00:00:00,Fulham,Southampton,1,1
3353,England,England Premier League,2012/2013,2012-12-26 00:00:00,Manchester United,Newcastle United,4,3
3354,England,England Premier League,2012/2013,2012-12-26 00:00:00,Norwich City,Chelsea,0,1
3355,England,England Premier League,2012/2013,2012-12-26 00:00:00,Queens Park Rangers,West Bromwich Albion,1,2
3356,England,England Premier League,2012/2013,2012-12-26 00:00:00,Reading,Swansea City,0,0
3357,England,England Premier League,2012/2013,2012-12-26 00:00:00,Stoke City,Liverpool,3,1
3358,England,England Premier League,2012/2013,2012-12-26 00:00:00,Sunderland,Manchester City,1,0
3369,England,England Premier League,2012/2013,2012-12-29 00:00:00,Arsenal,Newcastle United,7,3
3370,England,England Premier League,2012/2013,2012-12-29 00:00:00,Aston Villa,Wigan Athletic,0,3
3372,England,England Premier League,2012/2013,2012-12-29 00:00:00,Fulham,Swansea City,1,2
3373,England,England Premier League,2012/2013,2012-12-29 00:00:00,Manchester United,West Bromwich Albion,2,0
3374,England,England Premier League,2012/2013,2012-12-29 00:00:00,Norwich City,Manchester City,3,4
3376,England,England Premier League,2012/2013,2012-12-29 00:00:00,Reading,West Ham United,1,0
3377,England,England Premier League,2012/2013,2012-12-29 00:00:00,Stoke City,Southampton,3,3
3378,England,England Premier League,2012/2013,2012-12-29 00:00:00,Sunderland,Tottenham Hotspur,1,2
3371,England,England Premier League,2012/2013,2012-12-30 00:00:00,Everton,Chelsea,1,2
3375,England,England Premier League,2012/2013,2012-12-30 00:00:00,Queens Park Rangers,Liverpool,0,3
3381,England,England Premier League,2012/2013,2013-01-01 00:00:00,Manchester City,Stoke City,3,0
3383,England,England Premier League,2012/2013,2013-01-01 00:00:00,Southampton,Arsenal,1,1
3384,England,England Premier League,2012/2013,2013-01-01 00:00:00,Swansea City,Aston Villa,2,2
3385,England,England Premier League,2012/2013,2013-01-01 00:00:00,Tottenham Hotspur,Reading,3,1
3386,England,England Premier League,2012/2013,2013-01-01 00:00:00,West Bromwich Albion,Fulham,1,2
3387,England,England Premier League,2012/2013,2013-01-01 00:00:00,West Ham United,Norwich City,2,1
3388,England,England Premier League,2012/2013,2013-01-01 00:00:00,Wigan Athletic,Manchester United,0,4
3379,England,England Premier League,2012/2013,2013-01-02 00:00:00,Chelsea,Queens Park Rangers,0,1
3380,England,England Premier League,2012/2013,2013-01-02 00:00:00,Liverpool,Sunderland,3,0
3382,England,England Premier League,2012/2013,2013-01-02 00:00:00,Newcastle United,Everton,1,2
3390,England,England Premier League,2012/2013,2013-01-12 00:00:00,Aston Villa,Southampton,0,1
3391,England,England Premier League,2012/2013,2013-01-12 00:00:00,Everton,Swansea City,0,0
3392,England,England Premier League,2012/2013,2013-01-12 00:00:00,Fulham,Wigan Athletic,1,1
3394,England,England Premier League,2012/2013,2013-01-12 00:00:00,Norwich City,Newcastle United,0,0
3395,England,England Premier League,2012/2013,2013-01-12 00:00:00,Queens Park Rangers,Tottenham Hotspur,0,0
3396,England,England Premier League,2012/2013,2013-01-12 00:00:00,Reading,West Bromwich Albion,3,2
3397,England,England Premier League,2012/2013,2013-01-12 00:00:00,Stoke City,Chelsea,0,4
3398,England,England Premier League,2012/2013,2013-01-12 00:00:00,Sunderland,West Ham United,3,0
3389,England,England Premier League,2012/2013,2013-01-13 00:00:00,Arsenal,Manchester City,0,2
3393,England,England Premier League,2012/2013,2013-01-13 00:00:00,Manchester United,Liverpool,2,1
3329,England,England Premier League,2012/2013,2013-01-16 00:00:00,Chelsea,Southampton,2,2
3400,England,England Premier League,2012/2013,2013-01-19 00:00:00,Liverpool,Norwich City,5,0
3401,England,England Premier League,2012/2013,2013-01-19 00:00:00,Manchester City,Fulham,2,0
3402,England,England Premier League,2012/2013,2013-01-19 00:00:00,Newcastle United,Reading,1,2
3404,England,England Premier League,2012/2013,2013-01-19 00:00:00,Swansea City,Stoke City,3,1
3406,England,England Premier League,2012/2013,2013-01-19 00:00:00,West Bromwich Albion,Aston Villa,2,2
3407,England,England Premier League,2012/2013,2013-01-19 00:00:00,West Ham United,Queens Park Rangers,1,1
3408,England,England Premier League,2012/2013,2013-01-19 00:00:00,Wigan Athletic,Sunderland,2,3
3399,England,England Premier League,2012/2013,2013-01-20 00:00:00,Chelsea,Arsenal,2,1
3405,England,England Premier League,2012/2013,2013-01-20 00:00:00,Tottenham Hotspur,Manchester United,1,1
3403,England,England Premier League,2012/2013,2013-01-21 00:00:00,Southampton,Everton,0,0
3349,England,England Premier League,2012/2013,2013-01-23 00:00:00,Arsenal,West Ham United,5,1
3410,England,England Premier League,2012/2013,2013-01-29 00:00:00,Aston Villa,Newcastle United,1,2
3413,England,England Premier League,2012/2013,2013-01-29 00:00:00,Queens Park Rangers,Manchester City,0,0
3415,England,England Premier League,2012/2013,2013-01-29 00:00:00,Stoke City,Wigan Athletic,2,2
3416,England,England Premier League,2012/2013,2013-01-29 00:00:00,Sunderland,Swansea City,0,0
3409,England,England Premier League,2012/2013,2013-01-30 00:00:00,Arsenal,Liverpool,2,2
3411,England,England Premier League,2012/2013,2013-01-30 00:00:00,Manchester United,Southampton,2,1
3412,England,England Premier League,2012/2013,2013-01-30 00:00:00,Norwich City,Tottenham Hotspur,1,1
3414,England,England Premier League,2012/2013,2013-01-30 00:00:00,Reading,Chelsea,2,2
3417,England,England Premier League,2012/2013,2013-01-30 00:00:00,Everton,West Bromwich Albion,2,1
3418,England,England Premier League,2012/2013,2013-01-30 00:00:00,Fulham,West Ham United,3,1
3419,England,England Premier League,2012/2013,2013-02-02 00:00:00,Arsenal,Stoke City,1,0
3420,England,England Premier League,2012/2013,2013-02-02 00:00:00,Everton,Aston Villa,3,3
3421,England,England Premier League,2012/2013,2013-02-02 00:00:00,Fulham,Manchester United,0,1
3423,England,England Premier League,2012/2013,2013-02-02 00:00:00,Newcastle United,Chelsea,3,2
3424,England,England Premier League,2012/2013,2013-02-02 00:00:00,Queens Park Rangers,Norwich City,0,0
3425,England,England Premier League,2012/2013,2013-02-02 00:00:00,Reading,Sunderland,2,1
3427,England,England Premier League,2012/2013,2013-02-02 00:00:00,West Ham United,Swansea City,1,0
3428,England,England Premier League,2012/2013,2013-02-02 00:00:00,Wigan Athletic,Southampton,2,2
3422,England,England Premier League,2012/2013,2013-02-03 00:00:00,Manchester City,Liverpool,2,2
3426,England,England Premier League,2012/2013,2013-02-03 00:00:00,West Bromwich Albion,Tottenham Hotspur,0,1
3430,England,England Premier League,2012/2013,2013-02-09 00:00:00,Chelsea,Wigan Athletic,4,1
3433,England,England Premier League,2012/2013,2013-02-09 00:00:00,Norwich City,Fulham,0,0
3434,England,England Premier League,2012/2013,2013-02-09 00:00:00,Southampton,Manchester City,3,1
3435,England,England Premier League,2012/2013,2013-02-09 00:00:00,Stoke City,Reading,2,1
3436,England,England Premier League,2012/2013,2013-02-09 00:00:00,Sunderland,Arsenal,0,1
3437,England,England Premier League,2012/2013,2013-02-09 00:00:00,Swansea City,Queens Park Rangers,4,1
3438,England,England Premier League,2012/2013,2013-02-09 00:00:00,Tottenham Hotspur,Newcastle United,2,1
3429,England,England Premier League,2012/2013,2013-02-10 00:00:00,Aston Villa,West Ham United,2,1
3432,England,England Premier League,2012/2013,2013-02-10 00:00:00,Manchester United,Everton,2,0
3431,England,England Premier League,2012/2013,2013-02-11 00:00:00,Liverpool,West Bromwich Albion,0,2
3441,England,England Premier League,2012/2013,2013-02-17 00:00:00,Liverpool,Swansea City,5,0
3439,England,England Premier League,2012/2013,2013-02-23 00:00:00,Arsenal,Aston Villa,2,1
3440,England,England Premier League,2012/2013,2013-02-23 00:00:00,Fulham,Stoke City,1,0
3444,England,England Premier League,2012/2013,2013-02-23 00:00:00,Norwich City,Everton,2,1
3445,England,England Premier League,2012/2013,2013-02-23 00:00:00,Queens Park Rangers,Manchester United,0,2
3446,England,England Premier League,2012/2013,2013-02-23 00:00:00,Reading,Wigan Athletic,0,3
3447,England,England Premier League,2012/2013,2013-02-23 00:00:00,West Bromwich Albion,Sunderland,2,1
3442,England,England Premier League,2012/2013,2013-02-24 00:00:00,Manchester City,Chelsea,2,0
3443,England,England Premier League,2012/2013,2013-02-24 00:00:00,Newcastle United,Southampton,4,2
3448,England,England Premier League,2012/2013,2013-02-25 00:00:00,West Ham United,Tottenham Hotspur,2,3
3450,England,England Premier League,2012/2013,2013-03-02 00:00:00,Chelsea,West Bromwich Albion,1,0
3451,England,England Premier League,2012/2013,2013-03-02 00:00:00,Everton,Reading,3,1
3452,England,England Premier League,2012/2013,2013-03-02 00:00:00,Manchester United,Norwich City,4,0
3453,England,England Premier League,2012/2013,2013-03-02 00:00:00,Southampton,Queens Park Rangers,1,2
3454,England,England Premier League,2012/2013,2013-03-02 00:00:00,Stoke City,West Ham United,0,1
3455,England,England Premier League,2012/2013,2013-03-02 00:00:00,Sunderland,Fulham,2,2
3456,England,England Premier League,2012/2013,2013-03-02 00:00:00,Swansea City,Newcastle United,1,0
3458,England,England Premier League,2012/2013,2013-03-02 00:00:00,Wigan Athletic,Liverpool,0,4
3457,England,England Premier League,2012/2013,2013-03-03 00:00:00,Tottenham Hotspur,Arsenal,2,1
3449,England,England Premier League,2012/2013,2013-03-04 00:00:00,Aston Villa,Manchester City,0,1
3464,England,England Premier League,2012/2013,2013-03-09 00:00:00,Norwich City,Southampton,0,0
3465,England,England Premier League,2012/2013,2013-03-09 00:00:00,Queens Park Rangers,Sunderland,3,1
3466,England,England Premier League,2012/2013,2013-03-09 00:00:00,Reading,Aston Villa,1,2
3467,England,England Premier League,2012/2013,2013-03-09 00:00:00,West Bromwich Albion,Swansea City,2,1
3461,England,England Premier League,2012/2013,2013-03-10 00:00:00,Liverpool,Tottenham Hotspur,3,2
3463,England,England Premier League,2012/2013,2013-03-10 00:00:00,Newcastle United,Stoke City,2,1
3479,England,England Premier League,2012/2013,2013-03-16 00:00:00,Aston Villa,Queens Park Rangers,3,2
3481,England,England Premier League,2012/2013,2013-03-16 00:00:00,Everton,Manchester City,2,0
3482,England,England Premier League,2012/2013,2013-03-16 00:00:00,Manchester United,Reading,1,0
3483,England,England Premier League,2012/2013,2013-03-16 00:00:00,Southampton,Liverpool,3,1
3484,England,England Premier League,2012/2013,2013-03-16 00:00:00,Stoke City,West Bromwich Albion,0,0
3486,England,England Premier League,2012/2013,2013-03-16 00:00:00,Swansea City,Arsenal,0,2
3480,England,England Premier League,2012/2013,2013-03-17 00:00:00,Chelsea,West Ham United,2,0
3485,England,England Premier League,2012/2013,2013-03-17 00:00:00,Sunderland,Norwich City,1,1
3487,England,England Premier League,2012/2013,2013-03-17 00:00:00,Tottenham Hotspur,Fulham,0,1
3488,England,England Premier League,2012/2013,2013-03-17 00:00:00,Wigan Athletic,Newcastle United,2,1
3489,England,England Premier League,2012/2013,2013-03-30 00:00:00,Arsenal,Reading,4,1
3491,England,England Premier League,2012/2013,2013-03-30 00:00:00,Everton,Stoke City,1,0
3493,England,England Premier League,2012/2013,2013-03-30 00:00:00,Manchester City,Newcastle United,4,0
3494,England,England Premier League,2012/2013,2013-03-30 00:00:00,Southampton,Chelsea,2,1
3495,England,England Premier League,2012/2013,2013-03-30 00:00:00,Sunderland,Manchester United,0,1
3496,England,England Premier League,2012/2013,2013-03-30 00:00:00,Swansea City,Tottenham Hotspur,1,2
3497,England,England Premier League,2012/2013,2013-03-30 00:00:00,West Ham United,West Bromwich Albion,3,1
3498,England,England Premier League,2012/2013,2013-03-30 00:00:00,Wigan Athletic,Norwich City,1,0
3490,England,England Premier League,2012/2013,2013-03-31 00:00:00,Aston Villa,Liverpool,1,2
3492,England,England Premier League,2012/2013,2013-04-01 00:00:00,Fulham,Queens Park Rangers,3,2
3503,England,England Premier League,2012/2013,2013-04-06 00:00:00,Norwich City,Swansea City,2,2
3505,England,England Premier League,2012/2013,2013-04-06 00:00:00,Reading,Southampton,0,2
3506,England,England Premier League,2012/2013,2013-04-06 00:00:00,Stoke City,Aston Villa,1,3
3508,England,England Premier League,2012/2013,2013-04-06 00:00:00,West Bromwich Albion,Arsenal,1,2
3499,England,England Premier League,2012/2013,2013-04-07 00:00:00,Chelsea,Sunderland,2,1
3500,England,England Premier League,2012/2013,2013-04-07 00:00:00,Liverpool,West Ham United,0,0
3502,England,England Premier League,2012/2013,2013-04-07 00:00:00,Newcastle United,Fulham,1,0
3504,England,England Premier League,2012/2013,2013-04-07 00:00:00,Queens Park Rangers,Wigan Athletic,1,1
3507,England,England Premier League,2012/2013,2013-04-07 00:00:00,Tottenham Hotspur,Everton,2,2
3501,England,England Premier League,2012/2013,2013-04-08 00:00:00,Manchester United,Manchester City,1,2
3509,England,England Premier League,2012/2013,2013-04-13 00:00:00,Arsenal,Norwich City,3,1
3510,England,England Premier League,2012/2013,2013-04-13 00:00:00,Aston Villa,Fulham,1,1
3512,England,England Premier League,2012/2013,2013-04-13 00:00:00,Everton,Queens Park Rangers,2,0
3515,England,England Premier League,2012/2013,2013-04-13 00:00:00,Reading,Liverpool,0,0
3516,England,England Premier League,2012/2013,2013-04-13 00:00:00,Southampton,West Ham United,1,1
3514,England,England Premier League,2012/2013,2013-04-14 00:00:00,Newcastle United,Sunderland,0,3
3517,England,England Premier League,2012/2013,2013-04-14 00:00:00,Stoke City,Manchester United,0,2
3459,England,England Premier League,2012/2013,2013-04-16 00:00:00,Arsenal,Everton,0,0
3460,England,England Premier League,2012/2013,2013-04-17 00:00:00,Fulham,Chelsea,0,3
3462,England,England Premier League,2012/2013,2013-04-17 00:00:00,Manchester City,Wigan Athletic,1,0
3468,England,England Premier League,2012/2013,2013-04-17 00:00:00,West Ham United,Manchester United,2,2
3519,England,England Premier League,2012/2013,2013-04-20 00:00:00,Fulham,Arsenal,0,1
3522,England,England Premier League,2012/2013,2013-04-20 00:00:00,Norwich City,Reading,2,1
3523,England,England Premier League,2012/2013,2013-04-20 00:00:00,Queens Park Rangers,Stoke City,0,2
3524,England,England Premier League,2012/2013,2013-04-20 00:00:00,Sunderland,Everton,1,0
3525,England,England Premier League,2012/2013,2013-04-20 00:00:00,Swansea City,Southampton,0,0
3527,England,England Premier League,2012/2013,2013-04-20 00:00:00,West Bromwich Albion,Newcastle United,1,1
3528,England,England Premier League,2012/2013,2013-04-20 00:00:00,West Ham United,Wigan Athletic,2,0
3520,England,England Premier League,2012/2013,2013-04-21 00:00:00,Liverpool,Chelsea,2,2
3526,England,England Premier League,2012/2013,2013-04-21 00:00:00,Tottenham Hotspur,Manchester City,3,1
3521,England,England Premier League,2012/2013,2013-04-22 00:00:00,Manchester United,Aston Villa,3,0
3532,England,England Premier League,2012/2013,2013-04-27 00:00:00,Everton,Fulham,1,0
3533,England,England Premier League,2012/2013,2013-04-27 00:00:00,Manchester City,West Ham United,2,1
3534,England,England Premier League,2012/2013,2013-04-27 00:00:00,Newcastle United,Liverpool,0,6
3536,England,England Premier League,2012/2013,2013-04-27 00:00:00,Southampton,West Bromwich Albion,0,3
3537,England,England Premier League,2012/2013,2013-04-27 00:00:00,Stoke City,Norwich City,1,0
3538,England,England Premier League,2012/2013,2013-04-27 00:00:00,Wigan Athletic,Tottenham Hotspur,2,2
3529,England,England Premier League,2012/2013,2013-04-28 00:00:00,Arsenal,Manchester United,1,1
3531,England,England Premier League,2012/2013,2013-04-28 00:00:00,Chelsea,Swansea City,2,0
3535,England,England Premier League,2012/2013,2013-04-28 00:00:00,Reading,Queens Park Rangers,0,0
3530,England,England Premier League,2012/2013,2013-04-29 00:00:00,Aston Villa,Sunderland,6,1
3539,England,England Premier League,2012/2013,2013-05-04 00:00:00,Fulham,Reading,2,4
3542,England,England Premier League,2012/2013,2013-05-04 00:00:00,Norwich City,Aston Villa,1,2
3543,England,England Premier League,2012/2013,2013-05-04 00:00:00,Queens Park Rangers,Arsenal,0,1
3545,England,England Premier League,2012/2013,2013-05-04 00:00:00,Swansea City,Manchester City,0,0
3546,England,England Premier League,2012/2013,2013-05-04 00:00:00,Tottenham Hotspur,Southampton,1,0
3547,England,England Premier League,2012/2013,2013-05-04 00:00:00,West Bromwich Albion,Wigan Athletic,2,3
3548,England,England Premier League,2012/2013,2013-05-04 00:00:00,West Ham United,Newcastle United,0,0
3540,England,England Premier League,2012/2013,2013-05-05 00:00:00,Liverpool,Everton,0,0
3541,England,England Premier League,2012/2013,2013-05-05 00:00:00,Manchester United,Chelsea,0,1
3544,England,England Premier League,2012/2013,2013-05-06 00:00:00,Sunderland,Stoke City,1,1
3513,England,England Premier League,2012/2013,2013-05-07 00:00:00,Manchester City,West Bromwich Albion,1,0
3518,England,England Premier League,2012/2013,2013-05-07 00:00:00,Wigan Athletic,Swansea City,2,3
3511,England,England Premier League,2012/2013,2013-05-08 00:00:00,Chelsea,Tottenham Hotspur,2,2
3550,England,England Premier League,2012/2013,2013-05-11 00:00:00,Aston Villa,Chelsea,1,2
3551,England,England Premier League,2012/2013,2013-05-12 00:00:00,Everton,West Ham United,2,0
3552,England,England Premier League,2012/2013,2013-05-12 00:00:00,Fulham,Liverpool,1,3
3553,England,England Premier League,2012/2013,2013-05-12 00:00:00,Manchester United,Swansea City,2,1
3554,England,England Premier League,2012/2013,2013-05-12 00:00:00,Norwich City,West Bromwich Albion,4,0
3555,England,England Premier League,2012/2013,2013-05-12 00:00:00,Queens Park Rangers,Newcastle United,1,2
3557,England,England Premier League,2012/2013,2013-05-12 00:00:00,Stoke City,Tottenham Hotspur,1,2
3558,England,England Premier League,2012/2013,2013-05-12 00:00:00,Sunderland,Southampton,1,1
3549,England,England Premier League,2012/2013,2013-05-14 00:00:00,Arsenal,Wigan Athletic,4,1
3556,England,England Premier League,2012/2013,2013-05-14 00:00:00,Reading,Manchester City,0,2
3559,England,England Premier League,2012/2013,2013-05-19 00:00:00,Chelsea,Everton,2,1
3560,England,England Premier League,2012/2013,2013-05-19 00:00:00,Liverpool,Queens Park Rangers,1,0
3561,England,England Premier League,2012/2013,2013-05-19 00:00:00,Manchester City,Norwich City,2,3
3562,England,England Premier League,2012/2013,2013-05-19 00:00:00,Newcastle United,Arsenal,0,1
3563,England,England Premier League,2012/2013,2013-05-19 00:00:00,Southampton,Stoke City,1,1
3564,England,England Premier League,2012/2013,2013-05-19 00:00:00,Swansea City,Fulham,0,3
3565,England,England Premier League,2012/2013,2013-05-19 00:00:00,Tottenham Hotspur,Sunderland,1,0
3566,England,England Premier League,2012/2013,2013-05-19 00:00:00,West Bromwich Albion,Manchester United,5,5
3567,England,England Premier League,2012/2013,2013-05-19 00:00:00,West Ham United,Reading,4,2
3568,England,England Premier League,2012/2013,2013-05-19 00:00:00,Wigan Athletic,Aston Villa,2,2
3629,England,England Premier League,2013/2014,2013-08-17 00:00:00,Arsenal,Aston Villa,1,3
3632,England,England Premier League,2013/2014,2013-08-17 00:00:00,Liverpool,Stoke City,1,0
3634,England,England Premier League,2013/2014,2013-08-17 00:00:00,Norwich City,Everton,2,2
3635,England,England Premier League,2013/2014,2013-08-17 00:00:00,Sunderland,Fulham,0,1
3636,England,England Premier League,2013/2014,2013-08-17 00:00:00,Swansea City,Manchester United,1,4
3637,England,England Premier League,2013/2014,2013-08-17 00:00:00,West Bromwich Albion,Southampton,0,1
3638,England,England Premier League,2013/2014,2013-08-17 00:00:00,West Ham United,Cardiff City,2,0
3630,England,England Premier League,2013/2014,2013-08-18 00:00:00,Chelsea,Hull City,2,0
3631,England,England Premier League,2013/2014,2013-08-18 00:00:00,Crystal Palace,Tottenham Hotspur,0,1
3633,England,England Premier League,2013/2014,2013-08-19 00:00:00,Manchester City,Newcastle United,4,0
3851,England,England Premier League,2013/2014,2013-08-21 00:00:00,Chelsea,Aston Villa,2,1
3739,England,England Premier League,2013/2014,2013-08-24 00:00:00,Aston Villa,Liverpool,0,1
3741,England,England Premier League,2013/2014,2013-08-24 00:00:00,Everton,West Bromwich Albion,0,0
3742,England,England Premier League,2013/2014,2013-08-24 00:00:00,Fulham,Arsenal,1,3
3743,England,England Premier League,2013/2014,2013-08-24 00:00:00,Hull City,Norwich City,1,0
3745,England,England Premier League,2013/2014,2013-08-24 00:00:00,Newcastle United,West Ham United,0,0
3746,England,England Premier League,2013/2014,2013-08-24 00:00:00,Southampton,Sunderland,1,1
3747,England,England Premier League,2013/2014,2013-08-24 00:00:00,Stoke City,Crystal Palace,2,1
3740,England,England Premier League,2013/2014,2013-08-25 00:00:00,Cardiff City,Manchester City,3,2
3748,England,England Premier League,2013/2014,2013-08-25 00:00:00,Tottenham Hotspur,Swansea City,1,0
3744,England,England Premier League,2013/2014,2013-08-26 00:00:00,Manchester United,Chelsea,0,0
3850,England,England Premier League,2013/2014,2013-08-31 00:00:00,Cardiff City,Everton,0,0
3852,England,England Premier League,2013/2014,2013-08-31 00:00:00,Crystal Palace,Sunderland,3,1
3854,England,England Premier League,2013/2014,2013-08-31 00:00:00,Manchester City,Hull City,2,0
3855,England,England Premier League,2013/2014,2013-08-31 00:00:00,Newcastle United,Fulham,1,0
3856,England,England Premier League,2013/2014,2013-08-31 00:00:00,Norwich City,Southampton,1,0
3858,England,England Premier League,2013/2014,2013-08-31 00:00:00,West Ham United,Stoke City,0,1
3849,England,England Premier League,2013/2014,2013-09-01 00:00:00,Arsenal,Tottenham Hotspur,1,0
3853,England,England Premier League,2013/2014,2013-09-01 00:00:00,Liverpool,Manchester United,1,0
3857,England,England Premier League,2013/2014,2013-09-01 00:00:00,West Bromwich Albion,Swansea City,0,2
3949,England,England Premier League,2013/2014,2013-09-14 00:00:00,Aston Villa,Newcastle United,1,2
3950,England,England Premier League,2013/2014,2013-09-14 00:00:00,Everton,Chelsea,1,0
3951,England,England Premier League,2013/2014,2013-09-14 00:00:00,Fulham,West Bromwich Albion,1,1
3952,England,England Premier League,2013/2014,2013-09-14 00:00:00,Hull City,Cardiff City,1,1
3953,England,England Premier League,2013/2014,2013-09-14 00:00:00,Manchester United,Crystal Palace,2,0
3955,England,England Premier League,2013/2014,2013-09-14 00:00:00,Stoke City,Manchester City,0,0
3956,England,England Premier League,2013/2014,2013-09-14 00:00:00,Sunderland,Arsenal,1,3
3958,England,England Premier League,2013/2014,2013-09-14 00:00:00,Tottenham Hotspur,Norwich City,2,0
3954,England,England Premier League,2013/2014,2013-09-15 00:00:00,Southampton,West Ham United,0,0
3957,England,England Premier League,2013/2014,2013-09-16 00:00:00,Swansea City,Liverpool,2,2
3961,England,England Premier League,2013/2014,2013-09-21 00:00:00,Chelsea,Fulham,2,0
3963,England,England Premier League,2013/2014,2013-09-21 00:00:00,Liverpool,Southampton,0,1
3965,England,England Premier League,2013/2014,2013-09-21 00:00:00,Newcastle United,Hull City,2,3
3966,England,England Premier League,2013/2014,2013-09-21 00:00:00,Norwich City,Aston Villa,0,1
3967,England,England Premier League,2013/2014,2013-09-21 00:00:00,West Bromwich Albion,Sunderland,3,0
3968,England,England Premier League,2013/2014,2013-09-21 00:00:00,West Ham United,Everton,2,3
3959,England,England Premier League,2013/2014,2013-09-22 00:00:00,Arsenal,Stoke City,3,1
3960,England,England Premier League,2013/2014,2013-09-22 00:00:00,Cardiff City,Tottenham Hotspur,0,1
3962,England,England Premier League,2013/2014,2013-09-22 00:00:00,Crystal Palace,Swansea City,0,2
3964,England,England Premier League,2013/2014,2013-09-22 00:00:00,Manchester City,Manchester United,4,1
3969,England,England Premier League,2013/2014,2013-09-28 00:00:00,Aston Villa,Manchester City,3,2
3971,England,England Premier League,2013/2014,2013-09-28 00:00:00,Fulham,Cardiff City,1,2
3972,England,England Premier League,2013/2014,2013-09-28 00:00:00,Hull City,West Ham United,1,0
3973,England,England Premier League,2013/2014,2013-09-28 00:00:00,Manchester United,West Bromwich Albion,1,2
3974,England,England Premier League,2013/2014,2013-09-28 00:00:00,Southampton,Crystal Palace,2,0
3977,England,England Premier League,2013/2014,2013-09-28 00:00:00,Swansea City,Arsenal,1,2
3978,England,England Premier League,2013/2014,2013-09-28 00:00:00,Tottenham Hotspur,Chelsea,1,1
3975,England,England Premier League,2013/2014,2013-09-29 00:00:00,Stoke City,Norwich City,0,1
3976,England,England Premier League,2013/2014,2013-09-29 00:00:00,Sunderland,Liverpool,1,3
3970,England,England Premier League,2013/2014,2013-09-30 00:00:00,Everton,Newcastle United,3,2
3979,England,England Premier League,2013/2014,2013-10-05 00:00:00,Cardiff City,Newcastle United,1,2
3980,England,England Premier League,2013/2014,2013-10-05 00:00:00,Fulham,Stoke City,1,0
3981,England,England Premier League,2013/2014,2013-10-05 00:00:00,Hull City,Aston Villa,0,0
3982,England,England Premier League,2013/2014,2013-10-05 00:00:00,Liverpool,Crystal Palace,3,1
3983,England,England Premier League,2013/2014,2013-10-05 00:00:00,Manchester City,Everton,3,1
3986,England,England Premier League,2013/2014,2013-10-05 00:00:00,Sunderland,Manchester United,1,2
3984,England,England Premier League,2013/2014,2013-10-06 00:00:00,Norwich City,Chelsea,1,3
3985,England,England Premier League,2013/2014,2013-10-06 00:00:00,Southampton,Swansea City,2,0
3987,England,England Premier League,2013/2014,2013-10-06 00:00:00,Tottenham Hotspur,West Ham United,0,3
3988,England,England Premier League,2013/2014,2013-10-06 00:00:00,West Bromwich Albion,Arsenal,1,1
3989,England,England Premier League,2013/2014,2013-10-19 00:00:00,Arsenal,Norwich City,4,1
3991,England,England Premier League,2013/2014,2013-10-19 00:00:00,Chelsea,Cardiff City,4,1
3993,England,England Premier League,2013/2014,2013-10-19 00:00:00,Everton,Hull City,2,1
3994,England,England Premier League,2013/2014,2013-10-19 00:00:00,Manchester United,Southampton,1,1
3995,England,England Premier League,2013/2014,2013-10-19 00:00:00,Newcastle United,Liverpool,2,2
3996,England,England Premier League,2013/2014,2013-10-19 00:00:00,Stoke City,West Bromwich Albion,0,0
3997,England,England Premier League,2013/2014,2013-10-19 00:00:00,Swansea City,Sunderland,4,0
3998,England,England Premier League,2013/2014,2013-10-19 00:00:00,West Ham United,Manchester City,1,3
3990,England,England Premier League,2013/2014,2013-10-20 00:00:00,Aston Villa,Tottenham Hotspur,0,2
3992,England,England Premier League,2013/2014,2013-10-21 00:00:00,Crystal Palace,Fulham,1,4
3999,England,England Premier League,2013/2014,2013-10-26 00:00:00,Aston Villa,Everton,0,2
4001,England,England Premier League,2013/2014,2013-10-26 00:00:00,Crystal Palace,Arsenal,0,2
4002,England,England Premier League,2013/2014,2013-10-26 00:00:00,Liverpool,West Bromwich Albion,4,1
4003,England,England Premier League,2013/2014,2013-10-26 00:00:00,Manchester United,Stoke City,3,2
4004,England,England Premier League,2013/2014,2013-10-26 00:00:00,Norwich City,Cardiff City,0,0
4005,England,England Premier League,2013/2014,2013-10-26 00:00:00,Southampton,Fulham,2,0
4000,England,England Premier League,2013/2014,2013-10-27 00:00:00,Chelsea,Manchester City,2,1
4006,England,England Premier League,2013/2014,2013-10-27 00:00:00,Sunderland,Newcastle United,2,1
4007,England,England Premier League,2013/2014,2013-10-27 00:00:00,Tottenham Hotspur,Hull City,1,0
4008,England,England Premier League,2013/2014,2013-10-27 00:00:00,Swansea City,West Ham United,0,0
3639,England,England Premier League,2013/2014,2013-11-02 00:00:00,Arsenal,Liverpool,2,0
3642,England,England Premier League,2013/2014,2013-11-02 00:00:00,Fulham,Manchester United,1,3
3643,England,England Premier League,2013/2014,2013-11-02 00:00:00,Hull City,Sunderland,1,0
3644,England,England Premier League,2013/2014,2013-11-02 00:00:00,Manchester City,Norwich City,7,0
3645,England,England Premier League,2013/2014,2013-11-02 00:00:00,Newcastle United,Chelsea,2,0
3646,England,England Premier League,2013/2014,2013-11-02 00:00:00,Stoke City,Southampton,1,1
3647,England,England Premier League,2013/2014,2013-11-02 00:00:00,West Bromwich Albion,Crystal Palace,2,0
3648,England,England Premier League,2013/2014,2013-11-02 00:00:00,West Ham United,Aston Villa,0,0
3640,England,England Premier League,2013/2014,2013-11-03 00:00:00,Cardiff City,Swansea City,1,0
3641,England,England Premier League,2013/2014,2013-11-03 00:00:00,Everton,Tottenham Hotspur,0,0
3649,England,England Premier League,2013/2014,2013-11-09 00:00:00,Aston Villa,Cardiff City,2,0
3650,England,England Premier League,2013/2014,2013-11-09 00:00:00,Chelsea,West Bromwich Albion,2,2
3651,England,England Premier League,2013/2014,2013-11-09 00:00:00,Crystal Palace,Everton,0,0
3652,England,England Premier League,2013/2014,2013-11-09 00:00:00,Liverpool,Fulham,4,0
3654,England,England Premier League,2013/2014,2013-11-09 00:00:00,Norwich City,West Ham United,3,1
3655,England,England Premier League,2013/2014,2013-11-09 00:00:00,Southampton,Hull City,4,1
3653,England,England Premier League,2013/2014,2013-11-10 00:00:00,Manchester United,Arsenal,1,0
3656,England,England Premier League,2013/2014,2013-11-10 00:00:00,Sunderland,Manchester City,1,0
3657,England,England Premier League,2013/2014,2013-11-10 00:00:00,Swansea City,Stoke City,3,3
3658,England,England Premier League,2013/2014,2013-11-10 00:00:00,Tottenham Hotspur,Newcastle United,0,1
3659,England,England Premier League,2013/2014,2013-11-23 00:00:00,Arsenal,Southampton,2,0
3661,England,England Premier League,2013/2014,2013-11-23 00:00:00,Everton,Liverpool,3,3
3662,England,England Premier League,2013/2014,2013-11-23 00:00:00,Fulham,Swansea City,1,2
3663,England,England Premier League,2013/2014,2013-11-23 00:00:00,Hull City,Crystal Palace,0,1
3665,England,England Premier League,2013/2014,2013-11-23 00:00:00,Newcastle United,Norwich City,2,1
3666,England,England Premier League,2013/2014,2013-11-23 00:00:00,Stoke City,Sunderland,2,0
3668,England,England Premier League,2013/2014,2013-11-23 00:00:00,West Ham United,Chelsea,0,3
3660,England,England Premier League,2013/2014,2013-11-24 00:00:00,Cardiff City,Manchester United,2,2
3664,England,England Premier League,2013/2014,2013-11-24 00:00:00,Manchester City,Tottenham Hotspur,6,0
3667,England,England Premier League,2013/2014,2013-11-25 00:00:00,West Bromwich Albion,Aston Villa,2,2
3669,England,England Premier League,2013/2014,2013-11-30 00:00:00,Aston Villa,Sunderland,0,0
3670,England,England Premier League,2013/2014,2013-11-30 00:00:00,Cardiff City,Arsenal,0,3
3672,England,England Premier League,2013/2014,2013-11-30 00:00:00,Everton,Stoke City,4,0
3675,England,England Premier League,2013/2014,2013-11-30 00:00:00,Newcastle United,West Bromwich Albion,2,1
3676,England,England Premier League,2013/2014,2013-11-30 00:00:00,Norwich City,Crystal Palace,1,0
3678,England,England Premier League,2013/2014,2013-11-30 00:00:00,West Ham United,Fulham,3,0
3671,England,England Premier League,2013/2014,2013-12-01 00:00:00,Chelsea,Southampton,3,1
3673,England,England Premier League,2013/2014,2013-12-01 00:00:00,Hull City,Liverpool,3,1
3674,England,England Premier League,2013/2014,2013-12-01 00:00:00,Manchester City,Swansea City,3,0
3677,England,England Premier League,2013/2014,2013-12-01 00:00:00,Tottenham Hotspur,Manchester United,2,2
3688,England,England Premier League,2013/2014,2013-12-03 00:00:00,Crystal Palace,West Ham United,1,0
3679,England,England Premier League,2013/2014,2013-12-04 00:00:00,Arsenal,Hull City,2,0
3680,England,England Premier League,2013/2014,2013-12-04 00:00:00,Liverpool,Norwich City,5,1
3681,England,England Premier League,2013/2014,2013-12-04 00:00:00,Manchester United,Everton,0,1
3682,England,England Premier League,2013/2014,2013-12-04 00:00:00,Southampton,Aston Villa,2,3
3683,England,England Premier League,2013/2014,2013-12-04 00:00:00,Stoke City,Cardiff City,0,0
3684,England,England Premier League,2013/2014,2013-12-04 00:00:00,Sunderland,Chelsea,3,4
3685,England,England Premier League,2013/2014,2013-12-04 00:00:00,Swansea City,Newcastle United,3,0
3686,England,England Premier League,2013/2014,2013-12-04 00:00:00,West Bromwich Albion,Manchester City,2,3
3687,England,England Premier League,2013/2014,2013-12-04 00:00:00,Fulham,Tottenham Hotspur,1,2
3690,England,England Premier League,2013/2014,2013-12-07 00:00:00,Crystal Palace,Cardiff City,2,0
3692,England,England Premier League,2013/2014,2013-12-07 00:00:00,Liverpool,West Ham United,4,1
3693,England,England Premier League,2013/2014,2013-12-07 00:00:00,Manchester United,Newcastle United,0,1
3694,England,England Premier League,2013/2014,2013-12-07 00:00:00,Southampton,Manchester City,1,1
3695,England,England Premier League,2013/2014,2013-12-07 00:00:00,Stoke City,Chelsea,3,2
3696,England,England Premier League,2013/2014,2013-12-07 00:00:00,Sunderland,Tottenham Hotspur,1,2
3698,England,England Premier League,2013/2014,2013-12-07 00:00:00,West Bromwich Albion,Norwich City,0,2
3689,England,England Premier League,2013/2014,2013-12-08 00:00:00,Arsenal,Everton,1,1
3691,England,England Premier League,2013/2014,2013-12-08 00:00:00,Fulham,Aston Villa,2,0
3697,England,England Premier League,2013/2014,2013-12-09 00:00:00,Swansea City,Hull City,1,1
3700,England,England Premier League,2013/2014,2013-12-14 00:00:00,Cardiff City,West Bromwich Albion,1,0
3701,England,England Premier League,2013/2014,2013-12-14 00:00:00,Chelsea,Crystal Palace,2,1
3702,England,England Premier League,2013/2014,2013-12-14 00:00:00,Everton,Fulham,4,1
3703,England,England Premier League,2013/2014,2013-12-14 00:00:00,Hull City,Stoke City,0,0
3704,England,England Premier League,2013/2014,2013-12-14 00:00:00,Manchester City,Arsenal,6,3
3705,England,England Premier League,2013/2014,2013-12-14 00:00:00,Newcastle United,Southampton,1,1
3708,England,England Premier League,2013/2014,2013-12-14 00:00:00,West Ham United,Sunderland,0,0
3699,England,England Premier League,2013/2014,2013-12-15 00:00:00,Aston Villa,Manchester United,0,3
3706,England,England Premier League,2013/2014,2013-12-15 00:00:00,Norwich City,Swansea City,1,1
3707,England,England Premier League,2013/2014,2013-12-15 00:00:00,Tottenham Hotspur,Liverpool,0,5
3710,England,England Premier League,2013/2014,2013-12-21 00:00:00,Crystal Palace,Newcastle United,0,3
3711,England,England Premier League,2013/2014,2013-12-21 00:00:00,Fulham,Manchester City,2,4
3712,England,England Premier League,2013/2014,2013-12-21 00:00:00,Liverpool,Cardiff City,3,1
3713,England,England Premier League,2013/2014,2013-12-21 00:00:00,Manchester United,West Ham United,3,1
3715,England,England Premier League,2013/2014,2013-12-21 00:00:00,Stoke City,Aston Villa,2,1
3716,England,England Premier League,2013/2014,2013-12-21 00:00:00,Sunderland,Norwich City,0,0
3718,England,England Premier League,2013/2014,2013-12-21 00:00:00,West Bromwich Albion,Hull City,1,1
3714,England,England Premier League,2013/2014,2013-12-22 00:00:00,Southampton,Tottenham Hotspur,2,3
3717,England,England Premier League,2013/2014,2013-12-22 00:00:00,Swansea City,Everton,1,2
3709,England,England Premier League,2013/2014,2013-12-23 00:00:00,Arsenal,Chelsea,0,0
3719,England,England Premier League,2013/2014,2013-12-26 00:00:00,Aston Villa,Crystal Palace,0,1
3720,England,England Premier League,2013/2014,2013-12-26 00:00:00,Cardiff City,Southampton,0,3
3721,England,England Premier League,2013/2014,2013-12-26 00:00:00,Chelsea,Swansea City,1,0
3722,England,England Premier League,2013/2014,2013-12-26 00:00:00,Everton,Sunderland,0,1
3723,England,England Premier League,2013/2014,2013-12-26 00:00:00,Hull City,Manchester United,2,3
3724,England,England Premier League,2013/2014,2013-12-26 00:00:00,Manchester City,Liverpool,2,1
3725,England,England Premier League,2013/2014,2013-12-26 00:00:00,Newcastle United,Stoke City,5,1
3726,England,England Premier League,2013/2014,2013-12-26 00:00:00,Norwich City,Fulham,1,2
3727,England,England Premier League,2013/2014,2013-12-26 00:00:00,Tottenham Hotspur,West Bromwich Albion,1,1
3728,England,England Premier League,2013/2014,2013-12-26 00:00:00,West Ham United,Arsenal,1,3
3729,England,England Premier League,2013/2014,2013-12-28 00:00:00,Aston Villa,Swansea City,1,1
3730,England,England Premier League,2013/2014,2013-12-28 00:00:00,Cardiff City,Sunderland,2,2
3733,England,England Premier League,2013/2014,2013-12-28 00:00:00,Hull City,Fulham,6,0
3734,England,England Premier League,2013/2014,2013-12-28 00:00:00,Manchester City,Crystal Palace,1,0
3736,England,England Premier League,2013/2014,2013-12-28 00:00:00,Norwich City,Manchester United,0,1
3738,England,England Premier League,2013/2014,2013-12-28 00:00:00,West Ham United,West Bromwich Albion,3,3
3731,England,England Premier League,2013/2014,2013-12-29 00:00:00,Chelsea,Liverpool,2,1
3732,England,England Premier League,2013/2014,2013-12-29 00:00:00,Everton,Southampton,2,1
3735,England,England Premier League,2013/2014,2013-12-29 00:00:00,Newcastle United,Arsenal,0,1
3737,England,England Premier League,2013/2014,2013-12-29 00:00:00,Tottenham Hotspur,Stoke City,3,0
3749,England,England Premier League,2013/2014,2014-01-01 00:00:00,Arsenal,Cardiff City,2,0
3750,England,England Premier League,2013/2014,2014-01-01 00:00:00,Crystal Palace,Norwich City,1,1
3751,England,England Premier League,2013/2014,2014-01-01 00:00:00,Fulham,West Ham United,2,1
3752,England,England Premier League,2013/2014,2014-01-01 00:00:00,Liverpool,Hull City,2,0
3753,England,England Premier League,2013/2014,2014-01-01 00:00:00,Manchester United,Tottenham Hotspur,1,2
3754,England,England Premier League,2013/2014,2014-01-01 00:00:00,Southampton,Chelsea,0,3
3755,England,England Premier League,2013/2014,2014-01-01 00:00:00,Stoke City,Everton,1,1
3756,England,England Premier League,2013/2014,2014-01-01 00:00:00,Sunderland,Aston Villa,0,1
3757,England,England Premier League,2013/2014,2014-01-01 00:00:00,Swansea City,Manchester City,2,3
3758,England,England Premier League,2013/2014,2014-01-01 00:00:00,West Bromwich Albion,Newcastle United,1,0
3760,England,England Premier League,2013/2014,2014-01-11 00:00:00,Cardiff City,West Ham United,0,2
3761,England,England Premier League,2013/2014,2014-01-11 00:00:00,Everton,Norwich City,2,0
3762,England,England Premier League,2013/2014,2014-01-11 00:00:00,Fulham,Sunderland,1,4
3763,England,England Premier League,2013/2014,2014-01-11 00:00:00,Hull City,Chelsea,0,2
3764,England,England Premier League,2013/2014,2014-01-11 00:00:00,Manchester United,Swansea City,2,0
3766,England,England Premier League,2013/2014,2014-01-11 00:00:00,Southampton,West Bromwich Albion,1,0
3768,England,England Premier League,2013/2014,2014-01-11 00:00:00,Tottenham Hotspur,Crystal Palace,2,0
3765,England,England Premier League,2013/2014,2014-01-12 00:00:00,Newcastle United,Manchester City,0,2
3767,England,England Premier League,2013/2014,2014-01-12 00:00:00,Stoke City,Liverpool,3,5
3759,England,England Premier League,2013/2014,2014-01-13 00:00:00,Aston Villa,Arsenal,1,2
3769,England,England Premier League,2013/2014,2014-01-18 00:00:00,Arsenal,Fulham,2,0
3771,England,England Premier League,2013/2014,2014-01-18 00:00:00,Crystal Palace,Stoke City,1,0
3772,England,England Premier League,2013/2014,2014-01-18 00:00:00,Liverpool,Aston Villa,2,2
3773,England,England Premier League,2013/2014,2014-01-18 00:00:00,Manchester City,Cardiff City,4,2
3774,England,England Premier League,2013/2014,2014-01-18 00:00:00,Norwich City,Hull City,1,0
3775,England,England Premier League,2013/2014,2014-01-18 00:00:00,Sunderland,Southampton,2,2
3778,England,England Premier League,2013/2014,2014-01-18 00:00:00,West Ham United,Newcastle United,1,3
3770,England,England Premier League,2013/2014,2014-01-19 00:00:00,Chelsea,Manchester United,3,1
3776,England,England Premier League,2013/2014,2014-01-19 00:00:00,Swansea City,Tottenham Hotspur,1,3
3777,England,England Premier League,2013/2014,2014-01-20 00:00:00,West Bromwich Albion,Everton,1,1
3780,England,England Premier League,2013/2014,2014-01-28 00:00:00,Crystal Palace,Hull City,1,0
3781,England,England Premier League,2013/2014,2014-01-28 00:00:00,Liverpool,Everton,4,0
3782,England,England Premier League,2013/2014,2014-01-28 00:00:00,Manchester United,Cardiff City,2,0
3783,England,England Premier League,2013/2014,2014-01-28 00:00:00,Norwich City,Newcastle United,0,0
3784,England,England Premier League,2013/2014,2014-01-28 00:00:00,Southampton,Arsenal,2,2
3786,England,England Premier League,2013/2014,2014-01-28 00:00:00,Swansea City,Fulham,2,0
3779,England,England Premier League,2013/2014,2014-01-29 00:00:00,Aston Villa,West Bromwich Albion,4,3
3785,England,England Premier League,2013/2014,2014-01-29 00:00:00,Sunderland,Stoke City,1,0
3787,England,England Premier League,2013/2014,2014-01-29 00:00:00,Chelsea,West Ham United,0,0
3788,England,England Premier League,2013/2014,2014-01-29 00:00:00,Tottenham Hotspur,Manchester City,1,5
3790,England,England Premier League,2013/2014,2014-02-01 00:00:00,Cardiff City,Norwich City,2,1
3791,England,England Premier League,2013/2014,2014-02-01 00:00:00,Everton,Aston Villa,2,1
3792,England,England Premier League,2013/2014,2014-02-01 00:00:00,Fulham,Southampton,0,3
3793,England,England Premier League,2013/2014,2014-02-01 00:00:00,Hull City,Tottenham Hotspur,1,1
3795,England,England Premier League,2013/2014,2014-02-01 00:00:00,Newcastle United,Sunderland,0,3
3796,England,England Premier League,2013/2014,2014-02-01 00:00:00,Stoke City,Manchester United,2,1
3798,England,England Premier League,2013/2014,2014-02-01 00:00:00,West Ham United,Swansea City,2,0
3789,England,England Premier League,2013/2014,2014-02-02 00:00:00,Arsenal,Crystal Palace,2,0
3797,England,England Premier League,2013/2014,2014-02-02 00:00:00,West Bromwich Albion,Liverpool,1,1
3794,England,England Premier League,2013/2014,2014-02-03 00:00:00,Manchester City,Chelsea,0,1
3799,England,England Premier League,2013/2014,2014-02-08 00:00:00,Crystal Palace,West Bromwich Albion,3,1
3800,England,England Premier League,2013/2014,2014-02-08 00:00:00,Aston Villa,West Ham United,0,2
3801,England,England Premier League,2013/2014,2014-02-08 00:00:00,Chelsea,Newcastle United,3,0
3802,England,England Premier League,2013/2014,2014-02-08 00:00:00,Liverpool,Arsenal,5,1
3804,England,England Premier League,2013/2014,2014-02-08 00:00:00,Norwich City,Manchester City,0,0
3805,England,England Premier League,2013/2014,2014-02-08 00:00:00,Southampton,Stoke City,2,2
3806,England,England Premier League,2013/2014,2014-02-08 00:00:00,Sunderland,Hull City,0,2
3807,England,England Premier League,2013/2014,2014-02-08 00:00:00,Swansea City,Cardiff City,3,0
3803,England,England Premier League,2013/2014,2014-02-09 00:00:00,Manchester United,Fulham,2,2
3808,England,England Premier League,2013/2014,2014-02-09 00:00:00,Tottenham Hotspur,Everton,1,0
3810,England,England Premier League,2013/2014,2014-02-11 00:00:00,Cardiff City,Aston Villa,0,0
3811,England,England Premier League,2013/2014,2014-02-11 00:00:00,Hull City,Southampton,0,1
3813,England,England Premier League,2013/2014,2014-02-11 00:00:00,West Bromwich Albion,Chelsea,1,1
3814,England,England Premier League,2013/2014,2014-02-11 00:00:00,West Ham United,Norwich City,2,0
3809,England,England Premier League,2013/2014,2014-02-12 00:00:00,Arsenal,Manchester United,0,0
3812,England,England Premier League,2013/2014,2014-02-12 00:00:00,Stoke City,Swansea City,1,1
3816,England,England Premier League,2013/2014,2014-02-12 00:00:00,Fulham,Liverpool,2,3
3818,England,England Premier League,2013/2014,2014-02-12 00:00:00,Newcastle United,Tottenham Hotspur,0,4
3819,England,England Premier League,2013/2014,2014-02-22 00:00:00,Arsenal,Sunderland,4,1
3820,England,England Premier League,2013/2014,2014-02-22 00:00:00,Cardiff City,Hull City,0,4
3821,England,England Premier League,2013/2014,2014-02-22 00:00:00,Chelsea,Everton,1,0
3822,England,England Premier League,2013/2014,2014-02-22 00:00:00,Crystal Palace,Manchester United,0,2
3824,England,England Premier League,2013/2014,2014-02-22 00:00:00,Manchester City,Stoke City,1,0
3827,England,England Premier League,2013/2014,2014-02-22 00:00:00,West Bromwich Albion,Fulham,1,1
3828,England,England Premier League,2013/2014,2014-02-22 00:00:00,West Ham United,Southampton,3,1
3823,England,England Premier League,2013/2014,2014-02-23 00:00:00,Liverpool,Swansea City,4,3
3825,England,England Premier League,2013/2014,2014-02-23 00:00:00,Newcastle United,Aston Villa,1,0
3826,England,England Premier League,2013/2014,2014-02-23 00:00:00,Norwich City,Tottenham Hotspur,1,0
3830,England,England Premier League,2013/2014,2014-03-01 00:00:00,Everton,West Ham United,1,0
3831,England,England Premier League,2013/2014,2014-03-01 00:00:00,Fulham,Chelsea,1,3
3832,England,England Premier League,2013/2014,2014-03-01 00:00:00,Hull City,Newcastle United,1,4
3834,England,England Premier League,2013/2014,2014-03-01 00:00:00,Southampton,Liverpool,0,3
3835,England,England Premier League,2013/2014,2014-03-01 00:00:00,Stoke City,Arsenal,1,0
3829,England,England Premier League,2013/2014,2014-03-02 00:00:00,Aston Villa,Norwich City,4,1
3837,England,England Premier League,2013/2014,2014-03-02 00:00:00,Swansea City,Crystal Palace,1,1
3838,England,England Premier League,2013/2014,2014-03-02 00:00:00,Tottenham Hotspur,Cardiff City,1,0
3840,England,England Premier League,2013/2014,2014-03-08 00:00:00,Cardiff City,Fulham,3,1
3841,England,England Premier League,2013/2014,2014-03-08 00:00:00,Chelsea,Tottenham Hotspur,4,0
3842,England,England Premier League,2013/2014,2014-03-08 00:00:00,Crystal Palace,Southampton,0,1
3846,England,England Premier League,2013/2014,2014-03-08 00:00:00,Norwich City,Stoke City,1,1
3847,England,England Premier League,2013/2014,2014-03-08 00:00:00,West Bromwich Albion,Manchester United,0,3
3859,England,England Premier League,2013/2014,2014-03-15 00:00:00,Swansea City,West Bromwich Albion,1,2
3860,England,England Premier League,2013/2014,2014-03-15 00:00:00,Aston Villa,Chelsea,1,0
3861,England,England Premier League,2013/2014,2014-03-15 00:00:00,Everton,Cardiff City,2,1
3862,England,England Premier League,2013/2014,2014-03-15 00:00:00,Fulham,Newcastle United,1,0
3863,England,England Premier League,2013/2014,2014-03-15 00:00:00,Hull City,Manchester City,0,2
3865,England,England Premier League,2013/2014,2014-03-15 00:00:00,Southampton,Norwich City,4,2
3866,England,England Premier League,2013/2014,2014-03-15 00:00:00,Stoke City,West Ham United,3,1
3867,England,England Premier League,2013/2014,2014-03-15 00:00:00,Sunderland,Crystal Palace,0,0
3864,England,England Premier League,2013/2014,2014-03-16 00:00:00,Manchester United,Liverpool,0,3
3868,England,England Premier League,2013/2014,2014-03-16 00:00:00,Tottenham Hotspur,Arsenal,0,1
3870,England,England Premier League,2013/2014,2014-03-22 00:00:00,Cardiff City,Liverpool,3,6
3871,England,England Premier League,2013/2014,2014-03-22 00:00:00,Chelsea,Arsenal,6,0
3872,England,England Premier League,2013/2014,2014-03-22 00:00:00,Everton,Swansea City,3,2
3873,England,England Premier League,2013/2014,2014-03-22 00:00:00,Hull City,West Bromwich Albion,2,0
3874,England,England Premier League,2013/2014,2014-03-22 00:00:00,Manchester City,Fulham,5,0
3875,England,England Premier League,2013/2014,2014-03-22 00:00:00,Newcastle United,Crystal Palace,1,0
3876,England,England Premier League,2013/2014,2014-03-22 00:00:00,Norwich City,Sunderland,2,0
3878,England,England Premier League,2013/2014,2014-03-22 00:00:00,West Ham United,Manchester United,0,2
3869,England,England Premier League,2013/2014,2014-03-23 00:00:00,Aston Villa,Stoke City,1,4
3877,England,England Premier League,2013/2014,2014-03-23 00:00:00,Tottenham Hotspur,Southampton,3,2
3833,England,England Premier League,2013/2014,2014-03-25 00:00:00,Manchester United,Manchester City,0,3
3839,England,England Premier League,2013/2014,2014-03-25 00:00:00,Arsenal,Swansea City,2,2
3845,England,England Premier League,2013/2014,2014-03-25 00:00:00,Newcastle United,Everton,0,3
3843,England,England Premier League,2013/2014,2014-03-26 00:00:00,Liverpool,Sunderland,2,1
3848,England,England Premier League,2013/2014,2014-03-26 00:00:00,West Ham United,Hull City,2,1
3879,England,England Premier League,2013/2014,2014-03-29 00:00:00,Arsenal,Manchester City,1,1
3880,England,England Premier League,2013/2014,2014-03-29 00:00:00,Crystal Palace,Chelsea,1,0
3883,England,England Premier League,2013/2014,2014-03-29 00:00:00,Manchester United,Aston Villa,4,1
3884,England,England Premier League,2013/2014,2014-03-29 00:00:00,Southampton,Newcastle United,4,0
3885,England,England Premier League,2013/2014,2014-03-29 00:00:00,Stoke City,Hull City,1,0
3887,England,England Premier League,2013/2014,2014-03-29 00:00:00,Swansea City,Norwich City,3,0
3888,England,England Premier League,2013/2014,2014-03-29 00:00:00,West Bromwich Albion,Cardiff City,3,3
3881,England,England Premier League,2013/2014,2014-03-30 00:00:00,Fulham,Everton,1,3
3882,England,England Premier League,2013/2014,2014-03-30 00:00:00,Liverpool,Tottenham Hotspur,4,0
3886,England,England Premier League,2013/2014,2014-03-31 00:00:00,Sunderland,West Ham United,1,2
3889,England,England Premier League,2013/2014,2014-04-05 00:00:00,Aston Villa,Fulham,1,2
3890,England,England Premier League,2013/2014,2014-04-05 00:00:00,Cardiff City,Crystal Palace,0,3
3891,England,England Premier League,2013/2014,2014-04-05 00:00:00,Chelsea,Stoke City,3,0
3893,England,England Premier League,2013/2014,2014-04-05 00:00:00,Hull City,Swansea City,1,0
3894,England,England Premier League,2013/2014,2014-04-05 00:00:00,Manchester City,Southampton,4,1
3895,England,England Premier League,2013/2014,2014-04-05 00:00:00,Newcastle United,Manchester United,0,4
3896,England,England Premier League,2013/2014,2014-04-05 00:00:00,Norwich City,West Bromwich Albion,0,1
3892,England,England Premier League,2013/2014,2014-04-06 00:00:00,Everton,Arsenal,3,0
3898,England,England Premier League,2013/2014,2014-04-06 00:00:00,West Ham United,Liverpool,1,2
3897,England,England Premier League,2013/2014,2014-04-07 00:00:00,Tottenham Hotspur,Sunderland,5,1
3900,England,England Premier League,2013/2014,2014-04-12 00:00:00,Crystal Palace,Aston Villa,1,0
3901,England,England Premier League,2013/2014,2014-04-12 00:00:00,Fulham,Norwich City,1,0
3904,England,England Premier League,2013/2014,2014-04-12 00:00:00,Southampton,Cardiff City,0,1
3905,England,England Premier League,2013/2014,2014-04-12 00:00:00,Stoke City,Newcastle United,1,0
3906,England,England Premier League,2013/2014,2014-04-12 00:00:00,Sunderland,Everton,0,1
3908,England,England Premier League,2013/2014,2014-04-12 00:00:00,West Bromwich Albion,Tottenham Hotspur,3,3
3902,England,England Premier League,2013/2014,2014-04-13 00:00:00,Liverpool,Manchester City,3,2
3907,England,England Premier League,2013/2014,2014-04-13 00:00:00,Swansea City,Chelsea,0,1
3899,England,England Premier League,2013/2014,2014-04-15 00:00:00,Arsenal,West Ham United,3,1
3815,England,England Premier League,2013/2014,2014-04-16 00:00:00,Everton,Crystal Palace,2,3
3817,England,England Premier League,2013/2014,2014-04-16 00:00:00,Manchester City,Sunderland,2,2
3909,England,England Premier League,2013/2014,2014-04-19 00:00:00,Aston Villa,Southampton,0,0
3910,England,England Premier League,2013/2014,2014-04-19 00:00:00,Cardiff City,Stoke City,1,1
3911,England,England Premier League,2013/2014,2014-04-19 00:00:00,Chelsea,Sunderland,1,2
3915,England,England Premier League,2013/2014,2014-04-19 00:00:00,Newcastle United,Swansea City,1,2
3917,England,England Premier League,2013/2014,2014-04-19 00:00:00,Tottenham Hotspur,Fulham,3,1
3918,England,England Premier League,2013/2014,2014-04-19 00:00:00,West Ham United,Crystal Palace,0,1
3912,England,England Premier League,2013/2014,2014-04-20 00:00:00,Everton,Manchester United,2,0
3913,England,England Premier League,2013/2014,2014-04-20 00:00:00,Hull City,Arsenal,0,3
3916,England,England Premier League,2013/2014,2014-04-20 00:00:00,Norwich City,Liverpool,2,3
3914,England,England Premier League,2013/2014,2014-04-21 00:00:00,Manchester City,West Bromwich Albion,3,1
3921,England,England Premier League,2013/2014,2014-04-26 00:00:00,Fulham,Hull City,2,2
3923,England,England Premier League,2013/2014,2014-04-26 00:00:00,Manchester United,Norwich City,4,0
3924,England,England Premier League,2013/2014,2014-04-26 00:00:00,Southampton,Everton,2,0
3925,England,England Premier League,2013/2014,2014-04-26 00:00:00,Stoke City,Tottenham Hotspur,0,1
3927,England,England Premier League,2013/2014,2014-04-26 00:00:00,Swansea City,Aston Villa,4,1
3928,England,England Premier League,2013/2014,2014-04-26 00:00:00,West Bromwich Albion,West Ham United,1,0
3920,England,England Premier League,2013/2014,2014-04-27 00:00:00,Crystal Palace,Manchester City,0,2
3922,England,England Premier League,2013/2014,2014-04-27 00:00:00,Liverpool,Chelsea,0,2
3926,England,England Premier League,2013/2014,2014-04-27 00:00:00,Sunderland,Cardiff City,4,0
3919,England,England Premier League,2013/2014,2014-04-28 00:00:00,Arsenal,Newcastle United,3,0
3930,England,England Premier League,2013/2014,2014-05-03 00:00:00,Aston Villa,Hull City,3,1
3933,England,England Premier League,2013/2014,2014-05-03 00:00:00,Everton,Manchester City,2,3
3934,England,England Premier League,2013/2014,2014-05-03 00:00:00,Manchester United,Sunderland,0,1
3935,England,England Premier League,2013/2014,2014-05-03 00:00:00,Newcastle United,Cardiff City,3,0
3936,England,England Premier League,2013/2014,2014-05-03 00:00:00,Stoke City,Fulham,4,1
3937,England,England Premier League,2013/2014,2014-05-03 00:00:00,Swansea City,Southampton,0,1
3938,England,England Premier League,2013/2014,2014-05-03 00:00:00,West Ham United,Tottenham Hotspur,2,0
3929,England,England Premier League,2013/2014,2014-05-04 00:00:00,Arsenal,West Bromwich Albion,1,0
3931,England,England Premier League,2013/2014,2014-05-04 00:00:00,Chelsea,Norwich City,0,0
3932,England,England Premier League,2013/2014,2014-05-05 00:00:00,Crystal Palace,Liverpool,3,3
3903,England,England Premier League,2013/2014,2014-05-06 00:00:00,Manchester United,Hull City,3,1
3836,England,England Premier League,2013/2014,2014-05-07 00:00:00,Sunderland,West Bromwich Albion,2,0
3844,England,England Premier League,2013/2014,2014-05-07 00:00:00,Manchester City,Aston Villa,4,0
3939,England,England Premier League,2013/2014,2014-05-11 00:00:00,Cardiff City,Chelsea,1,2
3940,England,England Premier League,2013/2014,2014-05-11 00:00:00,Fulham,Crystal Palace,2,2
3941,England,England Premier League,2013/2014,2014-05-11 00:00:00,Hull City,Everton,0,2
3942,England,England Premier League,2013/2014,2014-05-11 00:00:00,Liverpool,Newcastle United,2,1
3943,England,England Premier League,2013/2014,2014-05-11 00:00:00,Manchester City,West Ham United,2,0
3944,England,England Premier League,2013/2014,2014-05-11 00:00:00,Norwich City,Arsenal,0,2
3945,England,England Premier League,2013/2014,2014-05-11 00:00:00,Southampton,Manchester United,1,1
3946,England,England Premier League,2013/2014,2014-05-11 00:00:00,Sunderland,Swansea City,1,3
3947,England,England Premier League,2013/2014,2014-05-11 00:00:00,Tottenham Hotspur,Aston Villa,3,0
3948,England,England Premier League,2013/2014,2014-05-11 00:00:00,West Bromwich Albion,Stoke City,1,2
4009,England,England Premier League,2014/2015,2014-08-16 00:00:00,Arsenal,Crystal Palace,2,1
4011,England,England Premier League,2014/2015,2014-08-16 00:00:00,Leicester City,Everton,2,2
4013,England,England Premier League,2014/2015,2014-08-16 00:00:00,Manchester United,Swansea City,1,2
4015,England,England Premier League,2014/2015,2014-08-16 00:00:00,Queens Park Rangers,Hull City,0,1
4016,England,England Premier League,2014/2015,2014-08-16 00:00:00,Stoke City,Aston Villa,0,1
4017,England,England Premier League,2014/2015,2014-08-16 00:00:00,West Bromwich Albion,Sunderland,2,2
4018,England,England Premier League,2014/2015,2014-08-16 00:00:00,West Ham United,Tottenham Hotspur,0,1
4012,England,England Premier League,2014/2015,2014-08-17 00:00:00,Liverpool,Southampton,2,1
4014,England,England Premier League,2014/2015,2014-08-17 00:00:00,Newcastle United,Manchester City,0,2
4010,England,England Premier League,2014/2015,2014-08-18 00:00:00,Burnley,Chelsea,1,3
4119,England,England Premier League,2014/2015,2014-08-23 00:00:00,Aston Villa,Newcastle United,0,0
4120,England,England Premier League,2014/2015,2014-08-23 00:00:00,Chelsea,Leicester City,2,0
4121,England,England Premier League,2014/2015,2014-08-23 00:00:00,Crystal Palace,West Ham United,1,3
4122,England,England Premier League,2014/2015,2014-08-23 00:00:00,Everton,Arsenal,2,2
4125,England,England Premier League,2014/2015,2014-08-23 00:00:00,Southampton,West Bromwich Albion,0,0
4127,England,England Premier League,2014/2015,2014-08-23 00:00:00,Swansea City,Burnley,1,0
4123,England,England Premier League,2014/2015,2014-08-24 00:00:00,Hull City,Stoke City,1,1
4126,England,England Premier League,2014/2015,2014-08-24 00:00:00,Sunderland,Manchester United,1,1
4128,England,England Premier League,2014/2015,2014-08-24 00:00:00,Tottenham Hotspur,Queens Park Rangers,4,0
4124,England,England Premier League,2014/2015,2014-08-25 00:00:00,Manchester City,Liverpool,3,1
4230,England,England Premier League,2014/2015,2014-08-30 00:00:00,Burnley,Manchester United,0,0
4231,England,England Premier League,2014/2015,2014-08-30 00:00:00,Everton,Chelsea,3,6
4233,England,England Premier League,2014/2015,2014-08-30 00:00:00,Manchester City,Stoke City,0,1
4234,England,England Premier League,2014/2015,2014-08-30 00:00:00,Newcastle United,Crystal Palace,3,3
4235,England,England Premier League,2014/2015,2014-08-30 00:00:00,Queens Park Rangers,Sunderland,1,0
4236,England,England Premier League,2014/2015,2014-08-30 00:00:00,Swansea City,West Bromwich Albion,3,0
4238,England,England Premier League,2014/2015,2014-08-30 00:00:00,West Ham United,Southampton,1,3
4229,England,England Premier League,2014/2015,2014-08-31 00:00:00,Aston Villa,Hull City,2,1
4232,England,England Premier League,2014/2015,2014-08-31 00:00:00,Leicester City,Arsenal,1,1
4237,England,England Premier League,2014/2015,2014-08-31 00:00:00,Tottenham Hotspur,Liverpool,0,3
4329,England,England Premier League,2014/2015,2014-09-13 00:00:00,Arsenal,Manchester City,2,2
4330,England,England Premier League,2014/2015,2014-09-13 00:00:00,Chelsea,Swansea City,4,2
4331,England,England Premier League,2014/2015,2014-09-13 00:00:00,Crystal Palace,Burnley,0,0
4333,England,England Premier League,2014/2015,2014-09-13 00:00:00,Liverpool,Aston Villa,0,1
4335,England,England Premier League,2014/2015,2014-09-13 00:00:00,Southampton,Newcastle United,4,0
4336,England,England Premier League,2014/2015,2014-09-13 00:00:00,Stoke City,Leicester City,0,1
4337,England,England Premier League,2014/2015,2014-09-13 00:00:00,Sunderland,Tottenham Hotspur,2,2
4338,England,England Premier League,2014/2015,2014-09-13 00:00:00,West Bromwich Albion,Everton,0,2
4334,England,England Premier League,2014/2015,2014-09-14 00:00:00,Manchester United,Queens Park Rangers,4,0
4332,England,England Premier League,2014/2015,2014-09-15 00:00:00,Hull City,West Ham United,2,2
4339,England,England Premier League,2014/2015,2014-09-20 00:00:00,Aston Villa,Arsenal,0,3
4340,England,England Premier League,2014/2015,2014-09-20 00:00:00,Burnley,Sunderland,0,0
4344,England,England Premier League,2014/2015,2014-09-20 00:00:00,Newcastle United,Hull City,2,2
4345,England,England Premier League,2014/2015,2014-09-20 00:00:00,Queens Park Rangers,Stoke City,2,2
4346,England,England Premier League,2014/2015,2014-09-20 00:00:00,Swansea City,Southampton,0,1
4348,England,England Premier League,2014/2015,2014-09-20 00:00:00,West Ham United,Liverpool,3,1
4341,England,England Premier League,2014/2015,2014-09-21 00:00:00,Everton,Crystal Palace,2,3
4342,England,England Premier League,2014/2015,2014-09-21 00:00:00,Leicester City,Manchester United,5,3
4343,England,England Premier League,2014/2015,2014-09-21 00:00:00,Manchester City,Chelsea,1,1
4347,England,England Premier League,2014/2015,2014-09-21 00:00:00,Tottenham Hotspur,West Bromwich Albion,0,1
4349,England,England Premier League,2014/2015,2014-09-27 00:00:00,Arsenal,Tottenham Hotspur,1,1
4350,England,England Premier League,2014/2015,2014-09-27 00:00:00,Chelsea,Aston Villa,3,0
4351,England,England Premier League,2014/2015,2014-09-27 00:00:00,Crystal Palace,Leicester City,2,0
4352,England,England Premier League,2014/2015,2014-09-27 00:00:00,Hull City,Manchester City,2,4
4353,England,England Premier League,2014/2015,2014-09-27 00:00:00,Liverpool,Everton,1,1
4354,England,England Premier League,2014/2015,2014-09-27 00:00:00,Manchester United,West Ham United,2,1
4355,England,England Premier League,2014/2015,2014-09-27 00:00:00,Southampton,Queens Park Rangers,2,1
4357,England,England Premier League,2014/2015,2014-09-27 00:00:00,Sunderland,Swansea City,0,0
4358,England,England Premier League,2014/2015,2014-09-28 00:00:00,West Bromwich Albion,Burnley,4,0
4356,England,England Premier League,2014/2015,2014-09-29 00:00:00,Stoke City,Newcastle United,1,0
4359,England,England Premier League,2014/2015,2014-10-04 00:00:00,Aston Villa,Manchester City,0,2
4361,England,England Premier League,2014/2015,2014-10-04 00:00:00,Hull City,Crystal Palace,2,0
4362,England,England Premier League,2014/2015,2014-10-04 00:00:00,Leicester City,Burnley,2,2
4363,England,England Premier League,2014/2015,2014-10-04 00:00:00,Liverpool,West Bromwich Albion,2,1
4365,England,England Premier League,2014/2015,2014-10-04 00:00:00,Sunderland,Stoke City,3,1
4366,England,England Premier League,2014/2015,2014-10-04 00:00:00,Swansea City,Newcastle United,2,2
4360,England,England Premier League,2014/2015,2014-10-05 00:00:00,Chelsea,Arsenal,2,0
4364,England,England Premier League,2014/2015,2014-10-05 00:00:00,Manchester United,Everton,2,1
4367,England,England Premier League,2014/2015,2014-10-05 00:00:00,Tottenham Hotspur,Southampton,1,0
4368,England,England Premier League,2014/2015,2014-10-05 00:00:00,West Ham United,Queens Park Rangers,2,0
4369,England,England Premier League,2014/2015,2014-10-18 00:00:00,Arsenal,Hull City,2,2
4370,England,England Premier League,2014/2015,2014-10-18 00:00:00,Burnley,West Ham United,1,3
4371,England,England Premier League,2014/2015,2014-10-18 00:00:00,Crystal Palace,Chelsea,1,2
4372,England,England Premier League,2014/2015,2014-10-18 00:00:00,Everton,Aston Villa,3,0
4373,England,England Premier League,2014/2015,2014-10-18 00:00:00,Manchester City,Tottenham Hotspur,4,1
4374,England,England Premier League,2014/2015,2014-10-18 00:00:00,Newcastle United,Leicester City,1,0
4376,England,England Premier League,2014/2015,2014-10-18 00:00:00,Southampton,Sunderland,8,0
4375,England,England Premier League,2014/2015,2014-10-19 00:00:00,Queens Park Rangers,Liverpool,2,3
4377,England,England Premier League,2014/2015,2014-10-19 00:00:00,Stoke City,Swansea City,2,1
4378,England,England Premier League,2014/2015,2014-10-20 00:00:00,West Bromwich Albion,Manchester United,2,2
4380,England,England Premier League,2014/2015,2014-10-25 00:00:00,Liverpool,Hull City,0,0
4383,England,England Premier League,2014/2015,2014-10-25 00:00:00,Southampton,Stoke City,1,0
4384,England,England Premier League,2014/2015,2014-10-25 00:00:00,Sunderland,Arsenal,0,2
4385,England,England Premier League,2014/2015,2014-10-25 00:00:00,Swansea City,Leicester City,2,0
4387,England,England Premier League,2014/2015,2014-10-25 00:00:00,West Bromwich Albion,Crystal Palace,2,2
4388,England,England Premier League,2014/2015,2014-10-25 00:00:00,West Ham United,Manchester City,2,1
4379,England,England Premier League,2014/2015,2014-10-26 00:00:00,Burnley,Everton,1,3
4381,England,England Premier League,2014/2015,2014-10-26 00:00:00,Manchester United,Chelsea,1,1
4386,England,England Premier League,2014/2015,2014-10-26 00:00:00,Tottenham Hotspur,Newcastle United,1,2
4382,England,England Premier League,2014/2015,2014-10-27 00:00:00,Queens Park Rangers,Aston Villa,2,0
4019,England,England Premier League,2014/2015,2014-11-01 00:00:00,Arsenal,Burnley,3,0
4021,England,England Premier League,2014/2015,2014-11-01 00:00:00,Chelsea,Queens Park Rangers,2,1
4023,England,England Premier League,2014/2015,2014-11-01 00:00:00,Everton,Swansea City,0,0
4024,England,England Premier League,2014/2015,2014-11-01 00:00:00,Hull City,Southampton,0,1
4025,England,England Premier League,2014/2015,2014-11-01 00:00:00,Leicester City,West Bromwich Albion,0,1
4027,England,England Premier League,2014/2015,2014-11-01 00:00:00,Newcastle United,Liverpool,1,0
4028,England,England Premier League,2014/2015,2014-11-01 00:00:00,Stoke City,West Ham United,2,2
4020,England,England Premier League,2014/2015,2014-11-02 00:00:00,Aston Villa,Tottenham Hotspur,1,2
4026,England,England Premier League,2014/2015,2014-11-02 00:00:00,Manchester City,Manchester United,1,0
4022,England,England Premier League,2014/2015,2014-11-03 00:00:00,Crystal Palace,Sunderland,1,3
4029,England,England Premier League,2014/2015,2014-11-08 00:00:00,Burnley,Hull City,1,0
4030,England,England Premier League,2014/2015,2014-11-08 00:00:00,Liverpool,Chelsea,1,2
4031,England,England Premier League,2014/2015,2014-11-08 00:00:00,Manchester United,Crystal Palace,1,0
4032,England,England Premier League,2014/2015,2014-11-08 00:00:00,Queens Park Rangers,Manchester City,2,2
4033,England,England Premier League,2014/2015,2014-11-08 00:00:00,Southampton,Leicester City,2,0
4038,England,England Premier League,2014/2015,2014-11-08 00:00:00,West Ham United,Aston Villa,0,0
4034,England,England Premier League,2014/2015,2014-11-09 00:00:00,Sunderland,Everton,1,1
4035,England,England Premier League,2014/2015,2014-11-09 00:00:00,Swansea City,Arsenal,2,1
4036,England,England Premier League,2014/2015,2014-11-09 00:00:00,Tottenham Hotspur,Stoke City,1,2
4037,England,England Premier League,2014/2015,2014-11-09 00:00:00,West Bromwich Albion,Newcastle United,0,2
4039,England,England Premier League,2014/2015,2014-11-22 00:00:00,Arsenal,Manchester United,1,2
4041,England,England Premier League,2014/2015,2014-11-22 00:00:00,Chelsea,West Bromwich Albion,2,0
4043,England,England Premier League,2014/2015,2014-11-22 00:00:00,Everton,West Ham United,2,1
4045,England,England Premier League,2014/2015,2014-11-22 00:00:00,Leicester City,Sunderland,0,0
4046,England,England Premier League,2014/2015,2014-11-22 00:00:00,Manchester City,Swansea City,2,1
4047,England,England Premier League,2014/2015,2014-11-22 00:00:00,Newcastle United,Queens Park Rangers,1,0
4048,England,England Premier League,2014/2015,2014-11-22 00:00:00,Stoke City,Burnley,1,2
4042,England,England Premier League,2014/2015,2014-11-23 00:00:00,Crystal Palace,Liverpool,3,1
4044,England,England Premier League,2014/2015,2014-11-23 00:00:00,Hull City,Tottenham Hotspur,1,2
4040,England,England Premier League,2014/2015,2014-11-24 00:00:00,Aston Villa,Southampton,1,1
4049,England,England Premier League,2014/2015,2014-11-29 00:00:00,Burnley,Aston Villa,1,1
4050,England,England Premier League,2014/2015,2014-11-29 00:00:00,Liverpool,Stoke City,1,0
4051,England,England Premier League,2014/2015,2014-11-29 00:00:00,Manchester United,Hull City,3,0
4052,England,England Premier League,2014/2015,2014-11-29 00:00:00,Queens Park Rangers,Leicester City,3,2
4054,England,England Premier League,2014/2015,2014-11-29 00:00:00,Sunderland,Chelsea,0,0
4055,England,England Premier League,2014/2015,2014-11-29 00:00:00,Swansea City,Crystal Palace,1,1
4057,England,England Premier League,2014/2015,2014-11-29 00:00:00,West Bromwich Albion,Arsenal,0,1
4058,England,England Premier League,2014/2015,2014-11-29 00:00:00,West Ham United,Newcastle United,1,0
4053,England,England Premier League,2014/2015,2014-11-30 00:00:00,Southampton,Manchester City,0,3
4056,England,England Premier League,2014/2015,2014-11-30 00:00:00,Tottenham Hotspur,Everton,2,1
4060,England,England Premier League,2014/2015,2014-12-02 00:00:00,Burnley,Newcastle United,1,1
4061,England,England Premier League,2014/2015,2014-12-02 00:00:00,Leicester City,Liverpool,1,3
4062,England,England Premier League,2014/2015,2014-12-02 00:00:00,Manchester United,Stoke City,2,1
4063,England,England Premier League,2014/2015,2014-12-02 00:00:00,Swansea City,Queens Park Rangers,2,0
4064,England,England Premier League,2014/2015,2014-12-02 00:00:00,Crystal Palace,Aston Villa,0,1
4065,England,England Premier League,2014/2015,2014-12-02 00:00:00,West Bromwich Albion,West Ham United,1,2
4059,England,England Premier League,2014/2015,2014-12-03 00:00:00,Arsenal,Southampton,1,0
4066,England,England Premier League,2014/2015,2014-12-03 00:00:00,Chelsea,Tottenham Hotspur,3,0
4067,England,England Premier League,2014/2015,2014-12-03 00:00:00,Everton,Hull City,1,1
4068,England,England Premier League,2014/2015,2014-12-03 00:00:00,Sunderland,Manchester City,1,4
4070,England,England Premier League,2014/2015,2014-12-06 00:00:00,Hull City,West Bromwich Albion,0,0
4071,England,England Premier League,2014/2015,2014-12-06 00:00:00,Liverpool,Sunderland,0,0
4072,England,England Premier League,2014/2015,2014-12-06 00:00:00,Manchester City,Everton,1,0
4073,England,England Premier League,2014/2015,2014-12-06 00:00:00,Newcastle United,Chelsea,2,1
4074,England,England Premier League,2014/2015,2014-12-06 00:00:00,Queens Park Rangers,Burnley,2,0
4076,England,England Premier League,2014/2015,2014-12-06 00:00:00,Stoke City,Arsenal,3,2
4077,England,England Premier League,2014/2015,2014-12-06 00:00:00,Tottenham Hotspur,Crystal Palace,0,0
4069,England,England Premier League,2014/2015,2014-12-07 00:00:00,Aston Villa,Leicester City,2,1
4078,England,England Premier League,2014/2015,2014-12-07 00:00:00,West Ham United,Swansea City,3,1
4075,England,England Premier League,2014/2015,2014-12-08 00:00:00,Southampton,Manchester United,1,2
4079,England,England Premier League,2014/2015,2014-12-13 00:00:00,Arsenal,Newcastle United,4,1
4080,England,England Premier League,2014/2015,2014-12-13 00:00:00,Burnley,Southampton,1,0
4081,England,England Premier League,2014/2015,2014-12-13 00:00:00,Chelsea,Hull City,2,0
4082,England,England Premier League,2014/2015,2014-12-13 00:00:00,Crystal Palace,Stoke City,1,1
4084,England,England Premier League,2014/2015,2014-12-13 00:00:00,Leicester City,Manchester City,0,1
4086,England,England Premier League,2014/2015,2014-12-13 00:00:00,Sunderland,West Ham United,1,1
4088,England,England Premier League,2014/2015,2014-12-13 00:00:00,West Bromwich Albion,Aston Villa,1,0
4085,England,England Premier League,2014/2015,2014-12-14 00:00:00,Manchester United,Liverpool,3,0
4087,England,England Premier League,2014/2015,2014-12-14 00:00:00,Swansea City,Tottenham Hotspur,1,2
4083,England,England Premier League,2014/2015,2014-12-15 00:00:00,Everton,Queens Park Rangers,3,1
4089,England,England Premier League,2014/2015,2014-12-20 00:00:00,Aston Villa,Manchester United,1,1
4090,England,England Premier League,2014/2015,2014-12-20 00:00:00,Hull City,Swansea City,0,1
4092,England,England Premier League,2014/2015,2014-12-20 00:00:00,Manchester City,Crystal Palace,3,0
4094,England,England Premier League,2014/2015,2014-12-20 00:00:00,Queens Park Rangers,West Bromwich Albion,3,2
4095,England,England Premier League,2014/2015,2014-12-20 00:00:00,Southampton,Everton,3,0
4097,England,England Premier League,2014/2015,2014-12-20 00:00:00,Tottenham Hotspur,Burnley,2,1
4098,England,England Premier League,2014/2015,2014-12-20 00:00:00,West Ham United,Leicester City,2,0
4091,England,England Premier League,2014/2015,2014-12-21 00:00:00,Liverpool,Arsenal,2,2
4093,England,England Premier League,2014/2015,2014-12-21 00:00:00,Newcastle United,Sunderland,0,1
4096,England,England Premier League,2014/2015,2014-12-22 00:00:00,Stoke City,Chelsea,0,2
4099,England,England Premier League,2014/2015,2014-12-26 00:00:00,Arsenal,Queens Park Rangers,2,1
4100,England,England Premier League,2014/2015,2014-12-26 00:00:00,Burnley,Liverpool,0,1
4101,England,England Premier League,2014/2015,2014-12-26 00:00:00,Chelsea,West Ham United,2,0
4102,England,England Premier League,2014/2015,2014-12-26 00:00:00,Crystal Palace,Southampton,1,3
4103,England,England Premier League,2014/2015,2014-12-26 00:00:00,Everton,Stoke City,0,1
4104,England,England Premier League,2014/2015,2014-12-26 00:00:00,Leicester City,Tottenham Hotspur,1,2
4105,England,England Premier League,2014/2015,2014-12-26 00:00:00,Manchester United,Newcastle United,3,1
4106,England,England Premier League,2014/2015,2014-12-26 00:00:00,Sunderland,Hull City,1,3
4107,England,England Premier League,2014/2015,2014-12-26 00:00:00,Swansea City,Aston Villa,1,0
4108,England,England Premier League,2014/2015,2014-12-26 00:00:00,West Bromwich Albion,Manchester City,1,3
4109,England,England Premier League,2014/2015,2014-12-28 00:00:00,Aston Villa,Sunderland,0,0
4110,England,England Premier League,2014/2015,2014-12-28 00:00:00,Hull City,Leicester City,0,1
4112,England,England Premier League,2014/2015,2014-12-28 00:00:00,Manchester City,Burnley,2,2
4113,England,England Premier League,2014/2015,2014-12-28 00:00:00,Newcastle United,Everton,3,2
4114,England,England Premier League,2014/2015,2014-12-28 00:00:00,Queens Park Rangers,Crystal Palace,0,0
4115,England,England Premier League,2014/2015,2014-12-28 00:00:00,Southampton,Chelsea,1,1
4116,England,England Premier League,2014/2015,2014-12-28 00:00:00,Stoke City,West Bromwich Albion,2,0
4117,England,England Premier League,2014/2015,2014-12-28 00:00:00,Tottenham Hotspur,Manchester United,0,0
4118,England,England Premier League,2014/2015,2014-12-28 00:00:00,West Ham United,Arsenal,1,2
4111,England,England Premier League,2014/2015,2014-12-29 00:00:00,Liverpool,Swansea City,4,1
4129,England,England Premier League,2014/2015,2015-01-01 00:00:00,Aston Villa,Crystal Palace,0,0
4130,England,England Premier League,2014/2015,2015-01-01 00:00:00,Hull City,Everton,2,0
4131,England,England Premier League,2014/2015,2015-01-01 00:00:00,Liverpool,Leicester City,2,2
4132,England,England Premier League,2014/2015,2015-01-01 00:00:00,Manchester City,Sunderland,3,2
4133,England,England Premier League,2014/2015,2015-01-01 00:00:00,Newcastle United,Burnley,3,3
4134,England,England Premier League,2014/2015,2015-01-01 00:00:00,Queens Park Rangers,Swansea City,1,1
4135,England,England Premier League,2014/2015,2015-01-01 00:00:00,Southampton,Arsenal,2,0
4136,England,England Premier League,2014/2015,2015-01-01 00:00:00,Stoke City,Manchester United,1,1
4137,England,England Premier League,2014/2015,2015-01-01 00:00:00,Tottenham Hotspur,Chelsea,5,3
4138,England,England Premier League,2014/2015,2015-01-01 00:00:00,West Ham United,West Bromwich Albion,1,1
4140,England,England Premier League,2014/2015,2015-01-10 00:00:00,Burnley,Queens Park Rangers,2,1
4141,England,England Premier League,2014/2015,2015-01-10 00:00:00,Chelsea,Newcastle United,2,0
4142,England,England Premier League,2014/2015,2015-01-10 00:00:00,Crystal Palace,Tottenham Hotspur,2,1
4143,England,England Premier League,2014/2015,2015-01-10 00:00:00,Everton,Manchester City,1,1
4144,England,England Premier League,2014/2015,2015-01-10 00:00:00,Leicester City,Aston Villa,1,0
4146,England,England Premier League,2014/2015,2015-01-10 00:00:00,Sunderland,Liverpool,0,1
4147,England,England Premier League,2014/2015,2015-01-10 00:00:00,Swansea City,West Ham United,1,1
4148,England,England Premier League,2014/2015,2015-01-10 00:00:00,West Bromwich Albion,Hull City,1,0
4139,England,England Premier League,2014/2015,2015-01-11 00:00:00,Arsenal,Stoke City,3,0
4145,England,England Premier League,2014/2015,2015-01-11 00:00:00,Manchester United,Southampton,0,1
4149,England,England Premier League,2014/2015,2015-01-17 00:00:00,Aston Villa,Liverpool,0,2
4150,England,England Premier League,2014/2015,2015-01-17 00:00:00,Burnley,Crystal Palace,2,3
4152,England,England Premier League,2014/2015,2015-01-17 00:00:00,Leicester City,Stoke City,0,1
4154,England,England Premier League,2014/2015,2015-01-17 00:00:00,Newcastle United,Southampton,1,2
4155,England,England Premier League,2014/2015,2015-01-17 00:00:00,Queens Park Rangers,Manchester United,0,2
4156,England,England Premier League,2014/2015,2015-01-17 00:00:00,Swansea City,Chelsea,0,5
4157,England,England Premier League,2014/2015,2015-01-17 00:00:00,Tottenham Hotspur,Sunderland,2,1
4153,England,England Premier League,2014/2015,2015-01-18 00:00:00,Manchester City,Arsenal,0,2
4158,England,England Premier League,2014/2015,2015-01-18 00:00:00,West Ham United,Hull City,3,0
4151,England,England Premier League,2014/2015,2015-01-19 00:00:00,Everton,West Bromwich Albion,0,0
4160,England,England Premier League,2014/2015,2015-01-31 00:00:00,Chelsea,Manchester City,1,1
4161,England,England Premier League,2014/2015,2015-01-31 00:00:00,Crystal Palace,Everton,0,1
4162,England,England Premier League,2014/2015,2015-01-31 00:00:00,Hull City,Newcastle United,0,3
4163,England,England Premier League,2014/2015,2015-01-31 00:00:00,Liverpool,West Ham United,2,0
4164,England,England Premier League,2014/2015,2015-01-31 00:00:00,Manchester United,Leicester City,3,1
4166,England,England Premier League,2014/2015,2015-01-31 00:00:00,Stoke City,Queens Park Rangers,3,1
4167,England,England Premier League,2014/2015,2015-01-31 00:00:00,Sunderland,Burnley,2,0
4168,England,England Premier League,2014/2015,2015-01-31 00:00:00,West Bromwich Albion,Tottenham Hotspur,0,3
4159,England,England Premier League,2014/2015,2015-02-01 00:00:00,Arsenal,Aston Villa,5,0
4165,England,England Premier League,2014/2015,2015-02-01 00:00:00,Southampton,Swansea City,0,1
4169,England,England Premier League,2014/2015,2015-02-07 00:00:00,Aston Villa,Chelsea,1,2
4171,England,England Premier League,2014/2015,2015-02-07 00:00:00,Everton,Liverpool,0,0
4172,England,England Premier League,2014/2015,2015-02-07 00:00:00,Leicester City,Crystal Palace,0,1
4173,England,England Premier League,2014/2015,2015-02-07 00:00:00,Manchester City,Hull City,1,1
4175,England,England Premier League,2014/2015,2015-02-07 00:00:00,Queens Park Rangers,Southampton,0,1
4176,England,England Premier League,2014/2015,2015-02-07 00:00:00,Swansea City,Sunderland,1,1
4177,England,England Premier League,2014/2015,2015-02-07 00:00:00,Tottenham Hotspur,Arsenal,2,1
4170,England,England Premier League,2014/2015,2015-02-08 00:00:00,Burnley,West Bromwich Albion,2,2
4174,England,England Premier League,2014/2015,2015-02-08 00:00:00,Newcastle United,Stoke City,1,1
4178,England,England Premier League,2014/2015,2015-02-08 00:00:00,West Ham United,Manchester United,1,1
4179,England,England Premier League,2014/2015,2015-02-10 00:00:00,Arsenal,Leicester City,2,1
4180,England,England Premier League,2014/2015,2015-02-10 00:00:00,Hull City,Aston Villa,2,0
4184,England,England Premier League,2014/2015,2015-02-10 00:00:00,Liverpool,Tottenham Hotspur,3,2
4188,England,England Premier League,2014/2015,2015-02-10 00:00:00,Sunderland,Queens Park Rangers,0,2
4181,England,England Premier League,2014/2015,2015-02-11 00:00:00,Manchester United,Burnley,3,1
4182,England,England Premier League,2014/2015,2015-02-11 00:00:00,Southampton,West Ham United,0,0
4183,England,England Premier League,2014/2015,2015-02-11 00:00:00,Crystal Palace,Newcastle United,1,1
4185,England,England Premier League,2014/2015,2015-02-11 00:00:00,West Bromwich Albion,Swansea City,2,0
4186,England,England Premier League,2014/2015,2015-02-11 00:00:00,Chelsea,Everton,1,0
4187,England,England Premier League,2014/2015,2015-02-11 00:00:00,Stoke City,Manchester City,1,4
4189,England,England Premier League,2014/2015,2015-02-21 00:00:00,Aston Villa,Stoke City,1,2
4190,England,England Premier League,2014/2015,2015-02-21 00:00:00,Chelsea,Burnley,1,1
4191,England,England Premier League,2014/2015,2015-02-21 00:00:00,Crystal Palace,Arsenal,1,2
4193,England,England Premier League,2014/2015,2015-02-21 00:00:00,Hull City,Queens Park Rangers,2,1
4194,England,England Premier League,2014/2015,2015-02-21 00:00:00,Manchester City,Newcastle United,5,0
4196,England,England Premier League,2014/2015,2015-02-21 00:00:00,Sunderland,West Bromwich Albion,0,0
4197,England,England Premier League,2014/2015,2015-02-21 00:00:00,Swansea City,Manchester United,2,1
4192,England,England Premier League,2014/2015,2015-02-22 00:00:00,Everton,Leicester City,2,2
4195,England,England Premier League,2014/2015,2015-02-22 00:00:00,Southampton,Liverpool,0,2
4198,England,England Premier League,2014/2015,2015-02-22 00:00:00,Tottenham Hotspur,West Ham United,2,2
4200,England,England Premier League,2014/2015,2015-02-28 00:00:00,Burnley,Swansea City,0,1
4203,England,England Premier League,2014/2015,2015-02-28 00:00:00,Manchester United,Sunderland,2,0
4204,England,England Premier League,2014/2015,2015-02-28 00:00:00,Newcastle United,Aston Villa,1,0
4206,England,England Premier League,2014/2015,2015-02-28 00:00:00,Stoke City,Hull City,1,0
4207,England,England Premier League,2014/2015,2015-02-28 00:00:00,West Bromwich Albion,Southampton,1,0
4208,England,England Premier League,2014/2015,2015-02-28 00:00:00,West Ham United,Crystal Palace,1,3
4199,England,England Premier League,2014/2015,2015-03-01 00:00:00,Arsenal,Everton,2,0
4202,England,England Premier League,2014/2015,2015-03-01 00:00:00,Liverpool,Manchester City,2,1
4209,England,England Premier League,2014/2015,2015-03-03 00:00:00,Aston Villa,West Bromwich Albion,2,1
4210,England,England Premier League,2014/2015,2015-03-03 00:00:00,Hull City,Sunderland,1,1
4212,England,England Premier League,2014/2015,2015-03-03 00:00:00,Southampton,Crystal Palace,1,0
4211,England,England Premier League,2014/2015,2015-03-04 00:00:00,Queens Park Rangers,Arsenal,1,2
4213,England,England Premier League,2014/2015,2015-03-04 00:00:00,West Ham United,Chelsea,0,1
4214,England,England Premier League,2014/2015,2015-03-04 00:00:00,Liverpool,Burnley,2,0
4215,England,England Premier League,2014/2015,2015-03-04 00:00:00,Manchester City,Leicester City,2,0
4216,England,England Premier League,2014/2015,2015-03-04 00:00:00,Newcastle United,Manchester United,0,1
4217,England,England Premier League,2014/2015,2015-03-04 00:00:00,Stoke City,Everton,2,0
4218,England,England Premier League,2014/2015,2015-03-04 00:00:00,Tottenham Hotspur,Swansea City,3,2
4205,England,England Premier League,2014/2015,2015-03-07 00:00:00,Queens Park Rangers,Tottenham Hotspur,1,2
4219,England,England Premier League,2014/2015,2015-03-14 00:00:00,Arsenal,West Ham United,3,0
4220,England,England Premier League,2014/2015,2015-03-14 00:00:00,Burnley,Manchester City,1,0
4222,England,England Premier League,2014/2015,2015-03-14 00:00:00,Crystal Palace,Queens Park Rangers,3,1
4224,England,England Premier League,2014/2015,2015-03-14 00:00:00,Leicester City,Hull City,0,0
4226,England,England Premier League,2014/2015,2015-03-14 00:00:00,Sunderland,Aston Villa,0,4
4228,England,England Premier League,2014/2015,2015-03-14 00:00:00,West Bromwich Albion,Stoke City,1,0
4221,England,England Premier League,2014/2015,2015-03-15 00:00:00,Chelsea,Southampton,1,1
4223,England,England Premier League,2014/2015,2015-03-15 00:00:00,Everton,Newcastle United,3,0
4225,England,England Premier League,2014/2015,2015-03-15 00:00:00,Manchester United,Tottenham Hotspur,3,0
4227,England,England Premier League,2014/2015,2015-03-16 00:00:00,Swansea City,Liverpool,0,1
4239,England,England Premier League,2014/2015,2015-03-21 00:00:00,Aston Villa,Swansea City,0,1
4242,England,England Premier League,2014/2015,2015-03-21 00:00:00,Manchester City,West Bromwich Albion,3,0
4243,England,England Premier League,2014/2015,2015-03-21 00:00:00,Newcastle United,Arsenal,1,2
4245,England,England Premier League,2014/2015,2015-03-21 00:00:00,Southampton,Burnley,2,0
4246,England,England Premier League,2014/2015,2015-03-21 00:00:00,Stoke City,Crystal Palace,1,2
4247,England,England Premier League,2014/2015,2015-03-21 00:00:00,Tottenham Hotspur,Leicester City,4,3
4248,England,England Premier League,2014/2015,2015-03-21 00:00:00,West Ham United,Sunderland,1,0
4240,England,England Premier League,2014/2015,2015-03-22 00:00:00,Hull City,Chelsea,2,3
4241,England,England Premier League,2014/2015,2015-03-22 00:00:00,Liverpool,Manchester United,1,2
4244,England,England Premier League,2014/2015,2015-03-22 00:00:00,Queens Park Rangers,Everton,1,2
4249,England,England Premier League,2014/2015,2015-04-04 00:00:00,Arsenal,Liverpool,4,1
4251,England,England Premier League,2014/2015,2015-04-04 00:00:00,Chelsea,Stoke City,2,1
4253,England,England Premier League,2014/2015,2015-04-04 00:00:00,Everton,Southampton,1,0
4254,England,England Premier League,2014/2015,2015-04-04 00:00:00,Leicester City,West Ham United,2,1
4255,England,England Premier League,2014/2015,2015-04-04 00:00:00,Manchester United,Aston Villa,3,1
4257,England,England Premier League,2014/2015,2015-04-04 00:00:00,Swansea City,Hull City,3,1
4258,England,England Premier League,2014/2015,2015-04-04 00:00:00,West Bromwich Albion,Queens Park Rangers,1,4
4250,England,England Premier League,2014/2015,2015-04-05 00:00:00,Burnley,Tottenham Hotspur,0,0
4256,England,England Premier League,2014/2015,2015-04-05 00:00:00,Sunderland,Newcastle United,1,0
4252,England,England Premier League,2014/2015,2015-04-06 00:00:00,Crystal Palace,Manchester City,2,1
4270,England,England Premier League,2014/2015,2015-04-07 00:00:00,Aston Villa,Queens Park Rangers,3,3
4259,England,England Premier League,2014/2015,2015-04-11 00:00:00,Burnley,Arsenal,0,1
4263,England,England Premier League,2014/2015,2015-04-11 00:00:00,Southampton,Hull City,2,0
4264,England,England Premier League,2014/2015,2015-04-11 00:00:00,Sunderland,Crystal Palace,1,4
4265,England,England Premier League,2014/2015,2015-04-11 00:00:00,Swansea City,Everton,1,1
4266,England,England Premier League,2014/2015,2015-04-11 00:00:00,Tottenham Hotspur,Aston Villa,0,1
4267,England,England Premier League,2014/2015,2015-04-11 00:00:00,West Bromwich Albion,Leicester City,2,3
4268,England,England Premier League,2014/2015,2015-04-11 00:00:00,West Ham United,Stoke City,1,1
4261,England,England Premier League,2014/2015,2015-04-12 00:00:00,Manchester United,Manchester City,4,2
4262,England,England Premier League,2014/2015,2015-04-12 00:00:00,Queens Park Rangers,Chelsea,0,1
4260,England,England Premier League,2014/2015,2015-04-13 00:00:00,Liverpool,Newcastle United,2,0
4271,England,England Premier League,2014/2015,2015-04-18 00:00:00,Chelsea,Manchester United,1,0
4272,England,England Premier League,2014/2015,2015-04-18 00:00:00,Crystal Palace,West Bromwich Albion,0,2
4273,England,England Premier League,2014/2015,2015-04-18 00:00:00,Everton,Burnley,1,0
4275,England,England Premier League,2014/2015,2015-04-18 00:00:00,Leicester City,Swansea City,2,0
4278,England,England Premier League,2014/2015,2015-04-18 00:00:00,Stoke City,Southampton,2,1
4276,England,England Premier League,2014/2015,2015-04-19 00:00:00,Manchester City,West Ham United,2,0
4277,England,England Premier League,2014/2015,2015-04-19 00:00:00,Newcastle United,Tottenham Hotspur,1,3
4280,England,England Premier League,2014/2015,2015-04-25 00:00:00,Burnley,Leicester City,0,1
4281,England,England Premier League,2014/2015,2015-04-25 00:00:00,Crystal Palace,Hull City,0,2
4283,England,England Premier League,2014/2015,2015-04-25 00:00:00,Manchester City,Aston Villa,3,2
4284,England,England Premier League,2014/2015,2015-04-25 00:00:00,Newcastle United,Swansea City,2,3
4285,England,England Premier League,2014/2015,2015-04-25 00:00:00,Queens Park Rangers,West Ham United,0,0
4286,England,England Premier League,2014/2015,2015-04-25 00:00:00,Southampton,Tottenham Hotspur,2,2
4287,England,England Premier League,2014/2015,2015-04-25 00:00:00,Stoke City,Sunderland,1,1
4288,England,England Premier League,2014/2015,2015-04-25 00:00:00,West Bromwich Albion,Liverpool,0,0
4279,England,England Premier League,2014/2015,2015-04-26 00:00:00,Arsenal,Chelsea,0,0
4282,England,England Premier League,2014/2015,2015-04-26 00:00:00,Everton,Manchester United,3,0
4274,England,England Premier League,2014/2015,2015-04-28 00:00:00,Hull City,Liverpool,1,0
4201,England,England Premier League,2014/2015,2015-04-29 00:00:00,Leicester City,Chelsea,1,3
4289,England,England Premier League,2014/2015,2015-05-02 00:00:00,Aston Villa,Everton,3,2
4292,England,England Premier League,2014/2015,2015-05-02 00:00:00,Leicester City,Newcastle United,3,0
4293,England,England Premier League,2014/2015,2015-05-02 00:00:00,Liverpool,Queens Park Rangers,2,1
4294,England,England Premier League,2014/2015,2015-05-02 00:00:00,Manchester United,West Bromwich Albion,0,1
4295,England,England Premier League,2014/2015,2015-05-02 00:00:00,Sunderland,Southampton,2,1
4296,England,England Premier League,2014/2015,2015-05-02 00:00:00,Swansea City,Stoke City,2,0
4298,England,England Premier League,2014/2015,2015-05-02 00:00:00,West Ham United,Burnley,1,0
4290,England,England Premier League,2014/2015,2015-05-03 00:00:00,Chelsea,Crystal Palace,1,0
4297,England,England Premier League,2014/2015,2015-05-03 00:00:00,Tottenham Hotspur,Manchester City,0,1
4291,England,England Premier League,2014/2015,2015-05-04 00:00:00,Hull City,Arsenal,1,3
4300,England,England Premier League,2014/2015,2015-05-09 00:00:00,Aston Villa,West Ham United,1,0
4302,England,England Premier League,2014/2015,2015-05-09 00:00:00,Crystal Palace,Manchester United,1,2
4303,England,England Premier League,2014/2015,2015-05-09 00:00:00,Everton,Sunderland,0,2
4304,England,England Premier League,2014/2015,2015-05-09 00:00:00,Hull City,Burnley,0,1
4305,England,England Premier League,2014/2015,2015-05-09 00:00:00,Leicester City,Southampton,2,0
4307,England,England Premier League,2014/2015,2015-05-09 00:00:00,Newcastle United,West Bromwich Albion,1,1
4308,England,England Premier League,2014/2015,2015-05-09 00:00:00,Stoke City,Tottenham Hotspur,3,0
4301,England,England Premier League,2014/2015,2015-05-10 00:00:00,Chelsea,Liverpool,1,1
4306,England,England Premier League,2014/2015,2015-05-10 00:00:00,Manchester City,Queens Park Rangers,6,0
4299,England,England Premier League,2014/2015,2015-05-11 00:00:00,Arsenal,Swansea City,0,1
4309,England,England Premier League,2014/2015,2015-05-16 00:00:00,Burnley,Stoke City,0,0
4310,England,England Premier League,2014/2015,2015-05-16 00:00:00,Liverpool,Crystal Palace,1,3
4312,England,England Premier League,2014/2015,2015-05-16 00:00:00,Queens Park Rangers,Newcastle United,2,1
4313,England,England Premier League,2014/2015,2015-05-16 00:00:00,Southampton,Aston Villa,6,1
4314,England,England Premier League,2014/2015,2015-05-16 00:00:00,Sunderland,Leicester City,0,0
4316,England,England Premier League,2014/2015,2015-05-16 00:00:00,Tottenham Hotspur,Hull City,2,0
4318,England,England Premier League,2014/2015,2015-05-16 00:00:00,West Ham United,Everton,1,2
4311,England,England Premier League,2014/2015,2015-05-17 00:00:00,Manchester United,Arsenal,1,1
4315,England,England Premier League,2014/2015,2015-05-17 00:00:00,Swansea City,Manchester City,2,4
4317,England,England Premier League,2014/2015,2015-05-18 00:00:00,West Bromwich Albion,Chelsea,3,0
4269,England,England Premier League,2014/2015,2015-05-20 00:00:00,Arsenal,Sunderland,0,0
4319,England,England Premier League,2014/2015,2015-05-24 00:00:00,Arsenal,West Bromwich Albion,4,1
4320,England,England Premier League,2014/2015,2015-05-24 00:00:00,Aston Villa,Burnley,0,1
4321,England,England Premier League,2014/2015,2015-05-24 00:00:00,Chelsea,Sunderland,3,1
4322,England,England Premier League,2014/2015,2015-05-24 00:00:00,Crystal Palace,Swansea City,1,0
4323,England,England Premier League,2014/2015,2015-05-24 00:00:00,Everton,Tottenham Hotspur,0,1
4324,England,England Premier League,2014/2015,2015-05-24 00:00:00,Hull City,Manchester United,0,0
4325,England,England Premier League,2014/2015,2015-05-24 00:00:00,Leicester City,Queens Park Rangers,5,1
4326,England,England Premier League,2014/2015,2015-05-24 00:00:00,Manchester City,Southampton,2,0
4327,England,England Premier League,2014/2015,2015-05-24 00:00:00,Newcastle United,West Ham United,2,0
4328,England,England Premier League,2014/2015,2015-05-24 00:00:00,Stoke City,Liverpool,6,1
4390,England,England Premier League,2015/2016,2015-08-08 00:00:00,Bournemouth,Aston Villa,0,1
4391,England,England Premier League,2015/2016,2015-08-08 00:00:00,Chelsea,Swansea City,2,2
4392,England,England Premier League,2015/2016,2015-08-08 00:00:00,Everton,Watford,2,2
4393,England,England Premier League,2015/2016,2015-08-08 00:00:00,Leicester City,Sunderland,4,2
4394,England,England Premier League,2015/2016,2015-08-08 00:00:00,Manchester United,Tottenham Hotspur,1,0
4396,England,England Premier League,2015/2016,2015-08-08 00:00:00,Norwich City,Crystal Palace,1,3
4389,England,England Premier League,2015/2016,2015-08-09 00:00:00,Arsenal,West Ham United,0,2
4395,England,England Premier League,2015/2016,2015-08-09 00:00:00,Newcastle United,Southampton,2,2
4397,England,England Premier League,2015/2016,2015-08-09 00:00:00,Stoke City,Liverpool,0,1
4398,England,England Premier League,2015/2016,2015-08-10 00:00:00,West Bromwich Albion,Manchester City,0,3
4499,England,England Premier League,2015/2016,2015-08-14 00:00:00,Aston Villa,Manchester United,0,1
4503,England,England Premier League,2015/2016,2015-08-15 00:00:00,Southampton,Everton,0,3
4504,England,England Premier League,2015/2016,2015-08-15 00:00:00,Sunderland,Norwich City,1,3
4505,England,England Premier League,2015/2016,2015-08-15 00:00:00,Swansea City,Newcastle United,2,0
4506,England,England Premier League,2015/2016,2015-08-15 00:00:00,Tottenham Hotspur,Stoke City,2,2
4507,England,England Premier League,2015/2016,2015-08-15 00:00:00,Watford,West Bromwich Albion,0,0
4508,England,England Premier League,2015/2016,2015-08-15 00:00:00,West Ham United,Leicester City,1,2
4500,England,England Premier League,2015/2016,2015-08-16 00:00:00,Crystal Palace,Arsenal,1,2
4502,England,England Premier League,2015/2016,2015-08-16 00:00:00,Manchester City,Chelsea,3,0
4501,England,England Premier League,2015/2016,2015-08-17 00:00:00,Liverpool,Bournemouth,1,0
4610,England,England Premier League,2015/2016,2015-08-22 00:00:00,Crystal Palace,Aston Villa,2,1
4612,England,England Premier League,2015/2016,2015-08-22 00:00:00,Leicester City,Tottenham Hotspur,1,1
4613,England,England Premier League,2015/2016,2015-08-22 00:00:00,Manchester United,Newcastle United,0,0
4614,England,England Premier League,2015/2016,2015-08-22 00:00:00,Norwich City,Stoke City,1,1
4615,England,England Premier League,2015/2016,2015-08-22 00:00:00,Sunderland,Swansea City,1,1
4618,England,England Premier League,2015/2016,2015-08-22 00:00:00,West Ham United,Bournemouth,3,4
4611,England,England Premier League,2015/2016,2015-08-23 00:00:00,Everton,Manchester City,0,2
4616,England,England Premier League,2015/2016,2015-08-23 00:00:00,Watford,Southampton,0,0
4617,England,England Premier League,2015/2016,2015-08-23 00:00:00,West Bromwich Albion,Chelsea,2,3
4609,England,England Premier League,2015/2016,2015-08-24 00:00:00,Arsenal,Liverpool,0,0
4709,England,England Premier League,2015/2016,2015-08-29 00:00:00,Aston Villa,Sunderland,2,2
4710,England,England Premier League,2015/2016,2015-08-29 00:00:00,Bournemouth,Leicester City,1,1
4711,England,England Premier League,2015/2016,2015-08-29 00:00:00,Chelsea,Crystal Palace,1,2
4712,England,England Premier League,2015/2016,2015-08-29 00:00:00,Liverpool,West Ham United,0,3
4713,England,England Premier League,2015/2016,2015-08-29 00:00:00,Manchester City,Watford,2,0
4714,England,England Premier League,2015/2016,2015-08-29 00:00:00,Newcastle United,Arsenal,0,1
4716,England,England Premier League,2015/2016,2015-08-29 00:00:00,Stoke City,West Bromwich Albion,0,1
4718,England,England Premier League,2015/2016,2015-08-29 00:00:00,Tottenham Hotspur,Everton,0,0
4715,England,England Premier League,2015/2016,2015-08-30 00:00:00,Southampton,Norwich City,3,0
4717,England,England Premier League,2015/2016,2015-08-30 00:00:00,Swansea City,Manchester United,2,1
4719,England,England Premier League,2015/2016,2015-09-12 00:00:00,Arsenal,Stoke City,2,0
4720,England,England Premier League,2015/2016,2015-09-12 00:00:00,Crystal Palace,Manchester City,0,1
4721,England,England Premier League,2015/2016,2015-09-12 00:00:00,Everton,Chelsea,3,1
4723,England,England Premier League,2015/2016,2015-09-12 00:00:00,Manchester United,Liverpool,3,1
4724,England,England Premier League,2015/2016,2015-09-12 00:00:00,Norwich City,Bournemouth,3,1
4726,England,England Premier League,2015/2016,2015-09-12 00:00:00,Watford,Swansea City,1,0
4727,England,England Premier League,2015/2016,2015-09-12 00:00:00,West Bromwich Albion,Southampton,0,0
4722,England,England Premier League,2015/2016,2015-09-13 00:00:00,Leicester City,Aston Villa,3,2
4725,England,England Premier League,2015/2016,2015-09-13 00:00:00,Sunderland,Tottenham Hotspur,0,1
4728,England,England Premier League,2015/2016,2015-09-14 00:00:00,West Ham United,Newcastle United,2,0
4729,England,England Premier League,2015/2016,2015-09-19 00:00:00,Aston Villa,West Bromwich Albion,0,1
4730,England,England Premier League,2015/2016,2015-09-19 00:00:00,Bournemouth,Sunderland,2,0
4731,England,England Premier League,2015/2016,2015-09-19 00:00:00,Chelsea,Arsenal,2,0
4733,England,England Premier League,2015/2016,2015-09-19 00:00:00,Manchester City,West Ham United,1,2
4734,England,England Premier League,2015/2016,2015-09-19 00:00:00,Newcastle United,Watford,1,2
4736,England,England Premier League,2015/2016,2015-09-19 00:00:00,Stoke City,Leicester City,2,2
4737,England,England Premier League,2015/2016,2015-09-19 00:00:00,Swansea City,Everton,0,0
4732,England,England Premier League,2015/2016,2015-09-20 00:00:00,Liverpool,Norwich City,1,1
4735,England,England Premier League,2015/2016,2015-09-20 00:00:00,Southampton,Manchester United,2,3
4738,England,England Premier League,2015/2016,2015-09-20 00:00:00,Tottenham Hotspur,Crystal Palace,1,0
4739,England,England Premier League,2015/2016,2015-09-26 00:00:00,Leicester City,Arsenal,2,5
4740,England,England Premier League,2015/2016,2015-09-26 00:00:00,Liverpool,Aston Villa,3,2
4741,England,England Premier League,2015/2016,2015-09-26 00:00:00,Manchester United,Sunderland,3,0
4742,England,England Premier League,2015/2016,2015-09-26 00:00:00,Newcastle United,Chelsea,2,2
4743,England,England Premier League,2015/2016,2015-09-26 00:00:00,Southampton,Swansea City,3,1
4744,England,England Premier League,2015/2016,2015-09-26 00:00:00,Stoke City,Bournemouth,2,1
4745,England,England Premier League,2015/2016,2015-09-26 00:00:00,Tottenham Hotspur,Manchester City,4,1
4748,England,England Premier League,2015/2016,2015-09-26 00:00:00,West Ham United,Norwich City,2,2
4746,England,England Premier League,2015/2016,2015-09-27 00:00:00,Watford,Crystal Palace,0,1
4747,England,England Premier League,2015/2016,2015-09-28 00:00:00,West Bromwich Albion,Everton,2,3
4750,England,England Premier League,2015/2016,2015-10-03 00:00:00,Aston Villa,Stoke City,0,1
4751,England,England Premier League,2015/2016,2015-10-03 00:00:00,Bournemouth,Watford,1,1
4752,England,England Premier League,2015/2016,2015-10-03 00:00:00,Chelsea,Southampton,1,3
4753,England,England Premier League,2015/2016,2015-10-03 00:00:00,Crystal Palace,West Bromwich Albion,2,0
4755,England,England Premier League,2015/2016,2015-10-03 00:00:00,Manchester City,Newcastle United,6,1
4756,England,England Premier League,2015/2016,2015-10-03 00:00:00,Norwich City,Leicester City,1,2
4757,England,England Premier League,2015/2016,2015-10-03 00:00:00,Sunderland,West Ham United,2,2
4749,England,England Premier League,2015/2016,2015-10-04 00:00:00,Arsenal,Manchester United,3,0
4754,England,England Premier League,2015/2016,2015-10-04 00:00:00,Everton,Liverpool,1,1
4758,England,England Premier League,2015/2016,2015-10-04 00:00:00,Swansea City,Tottenham Hotspur,2,2
4759,England,England Premier League,2015/2016,2015-10-17 00:00:00,Chelsea,Aston Villa,2,0
4760,England,England Premier League,2015/2016,2015-10-17 00:00:00,Crystal Palace,West Ham United,1,3
4761,England,England Premier League,2015/2016,2015-10-17 00:00:00,Everton,Manchester United,0,3
4762,England,England Premier League,2015/2016,2015-10-17 00:00:00,Manchester City,Bournemouth,5,1
4764,England,England Premier League,2015/2016,2015-10-17 00:00:00,Southampton,Leicester City,2,2
4766,England,England Premier League,2015/2016,2015-10-17 00:00:00,Tottenham Hotspur,Liverpool,0,0
4767,England,England Premier League,2015/2016,2015-10-17 00:00:00,Watford,Arsenal,0,3
4768,England,England Premier League,2015/2016,2015-10-17 00:00:00,West Bromwich Albion,Sunderland,1,0
4763,England,England Premier League,2015/2016,2015-10-18 00:00:00,Newcastle United,Norwich City,6,2
4765,England,England Premier League,2015/2016,2015-10-19 00:00:00,Swansea City,Stoke City,0,1
4399,England,England Premier League,2015/2016,2015-10-24 00:00:00,Arsenal,Everton,2,1
4400,England,England Premier League,2015/2016,2015-10-24 00:00:00,Aston Villa,Swansea City,1,2
4402,England,England Premier League,2015/2016,2015-10-24 00:00:00,Leicester City,Crystal Palace,1,0
4405,England,England Premier League,2015/2016,2015-10-24 00:00:00,Norwich City,West Bromwich Albion,0,1
4406,England,England Premier League,2015/2016,2015-10-24 00:00:00,Stoke City,Watford,0,2
4408,England,England Premier League,2015/2016,2015-10-24 00:00:00,West Ham United,Chelsea,2,1
4401,England,England Premier League,2015/2016,2015-10-25 00:00:00,Bournemouth,Tottenham Hotspur,1,5
4403,England,England Premier League,2015/2016,2015-10-25 00:00:00,Liverpool,Southampton,1,1
4404,England,England Premier League,2015/2016,2015-10-25 00:00:00,Manchester United,Manchester City,0,0
4407,England,England Premier League,2015/2016,2015-10-25 00:00:00,Sunderland,Newcastle United,3,0
4409,England,England Premier League,2015/2016,2015-10-31 00:00:00,Chelsea,Liverpool,1,3
4410,England,England Premier League,2015/2016,2015-10-31 00:00:00,Crystal Palace,Manchester United,0,0
4412,England,England Premier League,2015/2016,2015-10-31 00:00:00,Manchester City,Norwich City,2,1
4413,England,England Premier League,2015/2016,2015-10-31 00:00:00,Newcastle United,Stoke City,0,0
4415,England,England Premier League,2015/2016,2015-10-31 00:00:00,Swansea City,Arsenal,0,3
4417,England,England Premier League,2015/2016,2015-10-31 00:00:00,Watford,West Ham United,2,0
4418,England,England Premier League,2015/2016,2015-10-31 00:00:00,West Bromwich Albion,Leicester City,2,3
4411,England,England Premier League,2015/2016,2015-11-01 00:00:00,Everton,Sunderland,6,2
4414,England,England Premier League,2015/2016,2015-11-01 00:00:00,Southampton,Bournemouth,2,0
4416,England,England Premier League,2015/2016,2015-11-02 00:00:00,Tottenham Hotspur,Aston Villa,3,1
4421,England,England Premier League,2015/2016,2015-11-07 00:00:00,Bournemouth,Newcastle United,0,1
4422,England,England Premier League,2015/2016,2015-11-07 00:00:00,Leicester City,Watford,2,1
4424,England,England Premier League,2015/2016,2015-11-07 00:00:00,Manchester United,West Bromwich Albion,2,0
4425,England,England Premier League,2015/2016,2015-11-07 00:00:00,Norwich City,Swansea City,1,0
4426,England,England Premier League,2015/2016,2015-11-07 00:00:00,Stoke City,Chelsea,1,0
4427,England,England Premier League,2015/2016,2015-11-07 00:00:00,Sunderland,Southampton,0,1
4428,England,England Premier League,2015/2016,2015-11-07 00:00:00,West Ham United,Everton,1,1
4419,England,England Premier League,2015/2016,2015-11-08 00:00:00,Arsenal,Tottenham Hotspur,1,1
4420,England,England Premier League,2015/2016,2015-11-08 00:00:00,Aston Villa,Manchester City,0,0
4423,England,England Premier League,2015/2016,2015-11-08 00:00:00,Liverpool,Crystal Palace,1,2
4429,England,England Premier League,2015/2016,2015-11-21 00:00:00,Chelsea,Norwich City,1,0
4431,England,England Premier League,2015/2016,2015-11-21 00:00:00,Everton,Aston Villa,4,0
4432,England,England Premier League,2015/2016,2015-11-21 00:00:00,Manchester City,Liverpool,1,4
4433,England,England Premier League,2015/2016,2015-11-21 00:00:00,Newcastle United,Leicester City,0,3
4434,England,England Premier League,2015/2016,2015-11-21 00:00:00,Southampton,Stoke City,0,1
4435,England,England Premier League,2015/2016,2015-11-21 00:00:00,Swansea City,Bournemouth,2,2
4437,England,England Premier League,2015/2016,2015-11-21 00:00:00,Watford,Manchester United,1,2
4438,England,England Premier League,2015/2016,2015-11-21 00:00:00,West Bromwich Albion,Arsenal,2,1
4436,England,England Premier League,2015/2016,2015-11-22 00:00:00,Tottenham Hotspur,West Ham United,4,1
4430,England,England Premier League,2015/2016,2015-11-23 00:00:00,Crystal Palace,Sunderland,0,1
4439,England,England Premier League,2015/2016,2015-11-28 00:00:00,Aston Villa,Watford,2,3
4440,England,England Premier League,2015/2016,2015-11-28 00:00:00,Bournemouth,Everton,3,3
4441,England,England Premier League,2015/2016,2015-11-28 00:00:00,Crystal Palace,Newcastle United,5,1
4442,England,England Premier League,2015/2016,2015-11-28 00:00:00,Leicester City,Manchester United,1,1
4444,England,England Premier League,2015/2016,2015-11-28 00:00:00,Manchester City,Southampton,3,1
4446,England,England Premier League,2015/2016,2015-11-28 00:00:00,Sunderland,Stoke City,2,0
4443,England,England Premier League,2015/2016,2015-11-29 00:00:00,Liverpool,Swansea City,1,0
4445,England,England Premier League,2015/2016,2015-11-29 00:00:00,Norwich City,Arsenal,1,1
4447,England,England Premier League,2015/2016,2015-11-29 00:00:00,Tottenham Hotspur,Chelsea,0,0
4448,England,England Premier League,2015/2016,2015-11-29 00:00:00,West Ham United,West Bromwich Albion,1,1
4449,England,England Premier League,2015/2016,2015-12-05 00:00:00,Arsenal,Sunderland,3,1
4450,England,England Premier League,2015/2016,2015-12-05 00:00:00,Chelsea,Bournemouth,0,1
4452,England,England Premier League,2015/2016,2015-12-05 00:00:00,Manchester United,West Ham United,0,0
4454,England,England Premier League,2015/2016,2015-12-05 00:00:00,Southampton,Aston Villa,1,1
4455,England,England Premier League,2015/2016,2015-12-05 00:00:00,Stoke City,Manchester City,2,0
4456,England,England Premier League,2015/2016,2015-12-05 00:00:00,Swansea City,Leicester City,0,3
4457,England,England Premier League,2015/2016,2015-12-05 00:00:00,Watford,Norwich City,2,0
4458,England,England Premier League,2015/2016,2015-12-05 00:00:00,West Bromwich Albion,Tottenham Hotspur,1,1
4453,England,England Premier League,2015/2016,2015-12-06 00:00:00,Newcastle United,Liverpool,2,0
4451,England,England Premier League,2015/2016,2015-12-07 00:00:00,Everton,Crystal Palace,1,1
4460,England,England Premier League,2015/2016,2015-12-12 00:00:00,Bournemouth,Manchester United,2,1
4461,England,England Premier League,2015/2016,2015-12-12 00:00:00,Crystal Palace,Southampton,1,0
4464,England,England Premier League,2015/2016,2015-12-12 00:00:00,Manchester City,Swansea City,2,1
4465,England,England Premier League,2015/2016,2015-12-12 00:00:00,Norwich City,Everton,1,1
4466,England,England Premier League,2015/2016,2015-12-12 00:00:00,Sunderland,Watford,0,1
4468,England,England Premier League,2015/2016,2015-12-12 00:00:00,West Ham United,Stoke City,0,0
4459,England,England Premier League,2015/2016,2015-12-13 00:00:00,Aston Villa,Arsenal,0,2
4463,England,England Premier League,2015/2016,2015-12-13 00:00:00,Liverpool,West Bromwich Albion,2,2
4467,England,England Premier League,2015/2016,2015-12-13 00:00:00,Tottenham Hotspur,Newcastle United,1,2
4462,England,England Premier League,2015/2016,2015-12-14 00:00:00,Leicester City,Chelsea,2,1
4470,England,England Premier League,2015/2016,2015-12-19 00:00:00,Chelsea,Sunderland,3,1
4471,England,England Premier League,2015/2016,2015-12-19 00:00:00,Everton,Leicester City,2,3
4472,England,England Premier League,2015/2016,2015-12-19 00:00:00,Manchester United,Norwich City,1,2
4473,England,England Premier League,2015/2016,2015-12-19 00:00:00,Newcastle United,Aston Villa,1,1
4474,England,England Premier League,2015/2016,2015-12-19 00:00:00,Southampton,Tottenham Hotspur,0,2
4475,England,England Premier League,2015/2016,2015-12-19 00:00:00,Stoke City,Crystal Palace,1,2
4478,England,England Premier League,2015/2016,2015-12-19 00:00:00,West Bromwich Albion,Bournemouth,1,2
4476,England,England Premier League,2015/2016,2015-12-20 00:00:00,Swansea City,West Ham United,0,0
4477,England,England Premier League,2015/2016,2015-12-20 00:00:00,Watford,Liverpool,3,0
4469,England,England Premier League,2015/2016,2015-12-21 00:00:00,Arsenal,Manchester City,2,1
4479,England,England Premier League,2015/2016,2015-12-26 00:00:00,Aston Villa,West Ham United,1,1
4480,England,England Premier League,2015/2016,2015-12-26 00:00:00,Bournemouth,Crystal Palace,0,0
4481,England,England Premier League,2015/2016,2015-12-26 00:00:00,Chelsea,Watford,2,2
4482,England,England Premier League,2015/2016,2015-12-26 00:00:00,Liverpool,Leicester City,1,0
4483,England,England Premier League,2015/2016,2015-12-26 00:00:00,Manchester City,Sunderland,4,1
4484,England,England Premier League,2015/2016,2015-12-26 00:00:00,Newcastle United,Everton,0,1
4485,England,England Premier League,2015/2016,2015-12-26 00:00:00,Southampton,Arsenal,4,0
4486,England,England Premier League,2015/2016,2015-12-26 00:00:00,Stoke City,Manchester United,2,0
4487,England,England Premier League,2015/2016,2015-12-26 00:00:00,Swansea City,West Bromwich Albion,1,0
4488,England,England Premier League,2015/2016,2015-12-26 00:00:00,Tottenham Hotspur,Norwich City,3,0
4489,England,England Premier League,2015/2016,2015-12-28 00:00:00,Arsenal,Bournemouth,2,0
4490,England,England Premier League,2015/2016,2015-12-28 00:00:00,Crystal Palace,Swansea City,0,0
4491,England,England Premier League,2015/2016,2015-12-28 00:00:00,Everton,Stoke City,3,4
4493,England,England Premier League,2015/2016,2015-12-28 00:00:00,Manchester United,Chelsea,0,0
4494,England,England Premier League,2015/2016,2015-12-28 00:00:00,Norwich City,Aston Villa,2,0
4496,England,England Premier League,2015/2016,2015-12-28 00:00:00,Watford,Tottenham Hotspur,1,2
4497,England,England Premier League,2015/2016,2015-12-28 00:00:00,West Bromwich Albion,Newcastle United,1,0
4498,England,England Premier League,2015/2016,2015-12-28 00:00:00,West Ham United,Southampton,2,1
4492,England,England Premier League,2015/2016,2015-12-29 00:00:00,Leicester City,Manchester City,0,0
4495,England,England Premier League,2015/2016,2015-12-30 00:00:00,Sunderland,Liverpool,0,1
4509,England,England Premier League,2015/2016,2016-01-02 00:00:00,Arsenal,Newcastle United,1,0
4512,England,England Premier League,2015/2016,2016-01-02 00:00:00,Leicester City,Bournemouth,0,0
4513,England,England Premier League,2015/2016,2016-01-02 00:00:00,Manchester United,Swansea City,2,1
4514,England,England Premier League,2015/2016,2016-01-02 00:00:00,Norwich City,Southampton,1,0
4515,England,England Premier League,2015/2016,2016-01-02 00:00:00,Sunderland,Aston Villa,3,1
4516,England,England Premier League,2015/2016,2016-01-02 00:00:00,Watford,Manchester City,1,2
4517,England,England Premier League,2015/2016,2016-01-02 00:00:00,West Bromwich Albion,Stoke City,2,1
4518,England,England Premier League,2015/2016,2016-01-02 00:00:00,West Ham United,Liverpool,2,0
4510,England,England Premier League,2015/2016,2016-01-03 00:00:00,Crystal Palace,Chelsea,0,3
4511,England,England Premier League,2015/2016,2016-01-03 00:00:00,Everton,Tottenham Hotspur,1,1
4519,England,England Premier League,2015/2016,2016-01-12 00:00:00,Aston Villa,Crystal Palace,1,0
4520,England,England Premier League,2015/2016,2016-01-12 00:00:00,Bournemouth,West Ham United,1,3
4525,England,England Premier League,2015/2016,2016-01-12 00:00:00,Newcastle United,Manchester United,3,3
4521,England,England Premier League,2015/2016,2016-01-13 00:00:00,Swansea City,Sunderland,2,4
4522,England,England Premier League,2015/2016,2016-01-13 00:00:00,Liverpool,Arsenal,3,3
4523,England,England Premier League,2015/2016,2016-01-13 00:00:00,Chelsea,West Bromwich Albion,2,2
4524,England,England Premier League,2015/2016,2016-01-13 00:00:00,Manchester City,Everton,0,0
4526,England,England Premier League,2015/2016,2016-01-13 00:00:00,Southampton,Watford,2,0
4527,England,England Premier League,2015/2016,2016-01-13 00:00:00,Stoke City,Norwich City,3,1
4528,England,England Premier League,2015/2016,2016-01-13 00:00:00,Tottenham Hotspur,Leicester City,0,1
4529,England,England Premier League,2015/2016,2016-01-16 00:00:00,Aston Villa,Leicester City,1,1
4530,England,England Premier League,2015/2016,2016-01-16 00:00:00,Bournemouth,Norwich City,3,0
4531,England,England Premier League,2015/2016,2016-01-16 00:00:00,Chelsea,Everton,3,3
4533,England,England Premier League,2015/2016,2016-01-16 00:00:00,Manchester City,Crystal Palace,4,0
4534,England,England Premier League,2015/2016,2016-01-16 00:00:00,Newcastle United,West Ham United,2,1
4535,England,England Premier League,2015/2016,2016-01-16 00:00:00,Southampton,West Bromwich Albion,3,0
4538,England,England Premier League,2015/2016,2016-01-16 00:00:00,Tottenham Hotspur,Sunderland,4,1
4532,England,England Premier League,2015/2016,2016-01-17 00:00:00,Liverpool,Manchester United,0,1
4536,England,England Premier League,2015/2016,2016-01-17 00:00:00,Stoke City,Arsenal,0,0
4537,England,England Premier League,2015/2016,2016-01-18 00:00:00,Swansea City,Watford,1,0
4540,England,England Premier League,2015/2016,2016-01-23 00:00:00,Crystal Palace,Tottenham Hotspur,1,3
4542,England,England Premier League,2015/2016,2016-01-23 00:00:00,Leicester City,Stoke City,3,0
4543,England,England Premier League,2015/2016,2016-01-23 00:00:00,Manchester United,Southampton,0,1
4544,England,England Premier League,2015/2016,2016-01-23 00:00:00,Norwich City,Liverpool,4,5
4545,England,England Premier League,2015/2016,2016-01-23 00:00:00,Sunderland,Bournemouth,1,1
4546,England,England Premier League,2015/2016,2016-01-23 00:00:00,Watford,Newcastle United,2,1
4547,England,England Premier League,2015/2016,2016-01-23 00:00:00,West Bromwich Albion,Aston Villa,0,0
4548,England,England Premier League,2015/2016,2016-01-23 00:00:00,West Ham United,Manchester City,2,2
4539,England,England Premier League,2015/2016,2016-01-24 00:00:00,Arsenal,Chelsea,0,1
4541,England,England Premier League,2015/2016,2016-01-24 00:00:00,Everton,Swansea City,1,2
4549,England,England Premier League,2015/2016,2016-02-02 00:00:00,Arsenal,Southampton,0,0
4550,England,England Premier League,2015/2016,2016-02-02 00:00:00,Leicester City,Liverpool,2,0
4551,England,England Premier League,2015/2016,2016-02-02 00:00:00,Norwich City,Tottenham Hotspur,0,3
4552,England,England Premier League,2015/2016,2016-02-02 00:00:00,Sunderland,Manchester City,0,1
4554,England,England Premier League,2015/2016,2016-02-02 00:00:00,West Ham United,Aston Villa,2,0
4555,England,England Premier League,2015/2016,2016-02-02 00:00:00,Crystal Palace,Bournemouth,1,2
4556,England,England Premier League,2015/2016,2016-02-02 00:00:00,Manchester United,Stoke City,3,0
4557,England,England Premier League,2015/2016,2016-02-02 00:00:00,West Bromwich Albion,Swansea City,1,1
4553,England,England Premier League,2015/2016,2016-02-03 00:00:00,Watford,Chelsea,0,0
4558,England,England Premier League,2015/2016,2016-02-03 00:00:00,Everton,Newcastle United,3,0
4559,England,England Premier League,2015/2016,2016-02-06 00:00:00,Aston Villa,Norwich City,2,0
4562,England,England Premier League,2015/2016,2016-02-06 00:00:00,Liverpool,Sunderland,2,2
4563,England,England Premier League,2015/2016,2016-02-06 00:00:00,Manchester City,Leicester City,1,3
4564,England,England Premier League,2015/2016,2016-02-06 00:00:00,Newcastle United,West Bromwich Albion,1,0
4565,England,England Premier League,2015/2016,2016-02-06 00:00:00,Southampton,West Ham United,1,0
4566,England,England Premier League,2015/2016,2016-02-06 00:00:00,Stoke City,Everton,0,3
4567,England,England Premier League,2015/2016,2016-02-06 00:00:00,Swansea City,Crystal Palace,1,1
4568,England,England Premier League,2015/2016,2016-02-06 00:00:00,Tottenham Hotspur,Watford,1,0
4560,England,England Premier League,2015/2016,2016-02-07 00:00:00,Bournemouth,Arsenal,0,2
4561,England,England Premier League,2015/2016,2016-02-07 00:00:00,Chelsea,Manchester United,1,1
4571,England,England Premier League,2015/2016,2016-02-13 00:00:00,Bournemouth,Stoke City,1,3
4572,England,England Premier League,2015/2016,2016-02-13 00:00:00,Chelsea,Newcastle United,5,1
4573,England,England Premier League,2015/2016,2016-02-13 00:00:00,Crystal Palace,Watford,1,2
4574,England,England Premier League,2015/2016,2016-02-13 00:00:00,Everton,West Bromwich Albion,0,1
4576,England,England Premier League,2015/2016,2016-02-13 00:00:00,Norwich City,West Ham United,2,2
4577,England,England Premier League,2015/2016,2016-02-13 00:00:00,Sunderland,Manchester United,2,1
4578,England,England Premier League,2015/2016,2016-02-13 00:00:00,Swansea City,Southampton,0,1
4569,England,England Premier League,2015/2016,2016-02-14 00:00:00,Arsenal,Leicester City,2,1
4570,England,England Premier League,2015/2016,2016-02-14 00:00:00,Aston Villa,Liverpool,0,6
4575,England,England Premier League,2015/2016,2016-02-14 00:00:00,Manchester City,Tottenham Hotspur,1,2
4579,England,England Premier League,2015/2016,2016-02-27 00:00:00,Leicester City,Norwich City,1,0
4583,England,England Premier League,2015/2016,2016-02-27 00:00:00,Southampton,Chelsea,1,2
4584,England,England Premier League,2015/2016,2016-02-27 00:00:00,Stoke City,Aston Villa,2,1
4586,England,England Premier League,2015/2016,2016-02-27 00:00:00,Watford,Bournemouth,0,0
4587,England,England Premier League,2015/2016,2016-02-27 00:00:00,West Bromwich Albion,Crystal Palace,3,2
4588,England,England Premier League,2015/2016,2016-02-27 00:00:00,West Ham United,Sunderland,1,0
4581,England,England Premier League,2015/2016,2016-02-28 00:00:00,Manchester United,Arsenal,3,2
4585,England,England Premier League,2015/2016,2016-02-28 00:00:00,Tottenham Hotspur,Swansea City,2,1
4590,England,England Premier League,2015/2016,2016-03-01 00:00:00,Aston Villa,Everton,1,3
4591,England,England Premier League,2015/2016,2016-03-01 00:00:00,Bournemouth,Southampton,2,0
4592,England,England Premier League,2015/2016,2016-03-01 00:00:00,Leicester City,West Bromwich Albion,2,2
4593,England,England Premier League,2015/2016,2016-03-01 00:00:00,Norwich City,Chelsea,1,2
4594,England,England Premier League,2015/2016,2016-03-01 00:00:00,Sunderland,Crystal Palace,2,2
4589,England,England Premier League,2015/2016,2016-03-02 00:00:00,Arsenal,Swansea City,1,2
4595,England,England Premier League,2015/2016,2016-03-02 00:00:00,West Ham United,Tottenham Hotspur,1,0
4596,England,England Premier League,2015/2016,2016-03-02 00:00:00,Liverpool,Manchester City,3,0
4597,England,England Premier League,2015/2016,2016-03-02 00:00:00,Manchester United,Watford,1,0
4598,England,England Premier League,2015/2016,2016-03-02 00:00:00,Stoke City,Newcastle United,1,0
4599,England,England Premier League,2015/2016,2016-03-05 00:00:00,Chelsea,Stoke City,1,1
4601,England,England Premier League,2015/2016,2016-03-05 00:00:00,Everton,West Ham United,2,3
4602,England,England Premier League,2015/2016,2016-03-05 00:00:00,Manchester City,Aston Villa,4,0
4603,England,England Premier League,2015/2016,2016-03-05 00:00:00,Newcastle United,Bournemouth,1,3
4604,England,England Premier League,2015/2016,2016-03-05 00:00:00,Southampton,Sunderland,1,1
4605,England,England Premier League,2015/2016,2016-03-05 00:00:00,Swansea City,Norwich City,1,0
4606,England,England Premier League,2015/2016,2016-03-05 00:00:00,Tottenham Hotspur,Arsenal,2,2
4607,England,England Premier League,2015/2016,2016-03-05 00:00:00,Watford,Leicester City,0,1
4600,England,England Premier League,2015/2016,2016-03-06 00:00:00,Crystal Palace,Liverpool,1,2
4608,England,England Premier League,2015/2016,2016-03-06 00:00:00,West Bromwich Albion,Manchester United,1,0
4621,England,England Premier League,2015/2016,2016-03-12 00:00:00,Bournemouth,Swansea City,3,2
4625,England,England Premier League,2015/2016,2016-03-12 00:00:00,Norwich City,Manchester City,0,0
4626,England,England Premier League,2015/2016,2016-03-12 00:00:00,Stoke City,Southampton,1,2
4620,England,England Premier League,2015/2016,2016-03-13 00:00:00,Aston Villa,Tottenham Hotspur,0,2
4622,England,England Premier League,2015/2016,2016-03-14 00:00:00,Leicester City,Newcastle United,1,0
4629,England,England Premier League,2015/2016,2016-03-19 00:00:00,Chelsea,West Ham United,2,2
4630,England,England Premier League,2015/2016,2016-03-19 00:00:00,Crystal Palace,Leicester City,0,1
4631,England,England Premier League,2015/2016,2016-03-19 00:00:00,Everton,Arsenal,0,2
4635,England,England Premier League,2015/2016,2016-03-19 00:00:00,Swansea City,Aston Villa,1,0
4637,England,England Premier League,2015/2016,2016-03-19 00:00:00,Watford,Stoke City,1,2
4638,England,England Premier League,2015/2016,2016-03-19 00:00:00,West Bromwich Albion,Norwich City,0,1
4632,England,England Premier League,2015/2016,2016-03-20 00:00:00,Manchester City,Manchester United,0,1
4633,England,England Premier League,2015/2016,2016-03-20 00:00:00,Newcastle United,Sunderland,1,1
4634,England,England Premier League,2015/2016,2016-03-20 00:00:00,Southampton,Liverpool,3,2
4636,England,England Premier League,2015/2016,2016-03-20 00:00:00,Tottenham Hotspur,Bournemouth,3,0
4639,England,England Premier League,2015/2016,2016-04-02 00:00:00,Arsenal,Watford,4,0
4640,England,England Premier League,2015/2016,2016-04-02 00:00:00,Aston Villa,Chelsea,0,4
4641,England,England Premier League,2015/2016,2016-04-02 00:00:00,Bournemouth,Manchester City,0,4
4643,England,England Premier League,2015/2016,2016-04-02 00:00:00,Liverpool,Tottenham Hotspur,1,1
4645,England,England Premier League,2015/2016,2016-04-02 00:00:00,Norwich City,Newcastle United,3,2
4646,England,England Premier League,2015/2016,2016-04-02 00:00:00,Stoke City,Swansea City,2,2
4647,England,England Premier League,2015/2016,2016-04-02 00:00:00,Sunderland,West Bromwich Albion,0,0
4648,England,England Premier League,2015/2016,2016-04-02 00:00:00,West Ham United,Crystal Palace,2,2
4642,England,England Premier League,2015/2016,2016-04-03 00:00:00,Leicester City,Southampton,1,0
4644,England,England Premier League,2015/2016,2016-04-03 00:00:00,Manchester United,Everton,1,0
4649,England,England Premier League,2015/2016,2016-04-09 00:00:00,Aston Villa,Bournemouth,1,2
4650,England,England Premier League,2015/2016,2016-04-09 00:00:00,Crystal Palace,Norwich City,1,0
4652,England,England Premier League,2015/2016,2016-04-09 00:00:00,Manchester City,West Bromwich Albion,2,1
4653,England,England Premier League,2015/2016,2016-04-09 00:00:00,Southampton,Newcastle United,3,1
4655,England,England Premier League,2015/2016,2016-04-09 00:00:00,Swansea City,Chelsea,1,0
4657,England,England Premier League,2015/2016,2016-04-09 00:00:00,Watford,Everton,1,1
4658,England,England Premier League,2015/2016,2016-04-09 00:00:00,West Ham United,Arsenal,3,3
4651,England,England Premier League,2015/2016,2016-04-10 00:00:00,Liverpool,Stoke City,4,1
4654,England,England Premier League,2015/2016,2016-04-10 00:00:00,Sunderland,Leicester City,0,2
4656,England,England Premier League,2015/2016,2016-04-10 00:00:00,Tottenham Hotspur,Manchester United,3,0
4671,England,England Premier League,2015/2016,2016-04-13 00:00:00,Crystal Palace,Everton,0,0
4661,England,England Premier League,2015/2016,2016-04-16 00:00:00,Chelsea,Manchester City,0,3
4662,England,England Premier League,2015/2016,2016-04-16 00:00:00,Everton,Southampton,1,1
4664,England,England Premier League,2015/2016,2016-04-16 00:00:00,Manchester United,Aston Villa,1,0
4665,England,England Premier League,2015/2016,2016-04-16 00:00:00,Newcastle United,Swansea City,3,0
4666,England,England Premier League,2015/2016,2016-04-16 00:00:00,Norwich City,Sunderland,0,3
4668,England,England Premier League,2015/2016,2016-04-16 00:00:00,West Bromwich Albion,Watford,0,1
4659,England,England Premier League,2015/2016,2016-04-17 00:00:00,Arsenal,Crystal Palace,1,1
4660,England,England Premier League,2015/2016,2016-04-17 00:00:00,Bournemouth,Liverpool,1,2
4663,England,England Premier League,2015/2016,2016-04-17 00:00:00,Leicester City,West Ham United,2,2
4667,England,England Premier League,2015/2016,2016-04-18 00:00:00,Stoke City,Tottenham Hotspur,0,4
4582,England,England Premier League,2015/2016,2016-04-19 00:00:00,Newcastle United,Manchester City,1,1
4580,England,England Premier League,2015/2016,2016-04-20 00:00:00,Liverpool,Everton,4,0
4624,England,England Premier League,2015/2016,2016-04-20 00:00:00,Manchester United,Crystal Palace,2,0
4628,England,England Premier League,2015/2016,2016-04-20 00:00:00,West Ham United,Watford,3,1
4619,England,England Premier League,2015/2016,2016-04-21 00:00:00,Arsenal,West Bromwich Albion,2,0
4669,England,England Premier League,2015/2016,2016-04-23 00:00:00,Aston Villa,Southampton,2,4
4670,England,England Premier League,2015/2016,2016-04-23 00:00:00,Bournemouth,Chelsea,1,4
4673,England,England Premier League,2015/2016,2016-04-23 00:00:00,Liverpool,Newcastle United,2,2
4674,England,England Premier League,2015/2016,2016-04-23 00:00:00,Manchester City,Stoke City,4,0
4672,England,England Premier League,2015/2016,2016-04-24 00:00:00,Leicester City,Swansea City,4,0
4676,England,England Premier League,2015/2016,2016-04-24 00:00:00,Sunderland,Arsenal,0,0
4677,England,England Premier League,2015/2016,2016-04-25 00:00:00,Tottenham Hotspur,West Bromwich Albion,1,1
4679,England,England Premier League,2015/2016,2016-04-30 00:00:00,Arsenal,Norwich City,1,0
4681,England,England Premier League,2015/2016,2016-04-30 00:00:00,Everton,Bournemouth,2,1
4683,England,England Premier League,2015/2016,2016-04-30 00:00:00,Newcastle United,Crystal Palace,1,0
4685,England,England Premier League,2015/2016,2016-04-30 00:00:00,Stoke City,Sunderland,1,1
4687,England,England Premier League,2015/2016,2016-04-30 00:00:00,Watford,Aston Villa,3,2
4688,England,England Premier League,2015/2016,2016-04-30 00:00:00,West Bromwich Albion,West Ham United,0,3
4682,England,England Premier League,2015/2016,2016-05-01 00:00:00,Manchester United,Leicester City,1,1
4684,England,England Premier League,2015/2016,2016-05-01 00:00:00,Southampton,Manchester City,4,2
4686,England,England Premier League,2015/2016,2016-05-01 00:00:00,Swansea City,Liverpool,3,1
4680,England,England Premier League,2015/2016,2016-05-02 00:00:00,Chelsea,Tottenham Hotspur,2,2
4689,England,England Premier League,2015/2016,2016-05-07 00:00:00,Aston Villa,Newcastle United,0,0
4690,England,England Premier League,2015/2016,2016-05-07 00:00:00,Bournemouth,West Bromwich Albion,1,1
4691,England,England Premier League,2015/2016,2016-05-07 00:00:00,Crystal Palace,Stoke City,2,1
4692,England,England Premier League,2015/2016,2016-05-07 00:00:00,Leicester City,Everton,3,1
4695,England,England Premier League,2015/2016,2016-05-07 00:00:00,Norwich City,Manchester United,0,1
4696,England,England Premier League,2015/2016,2016-05-07 00:00:00,Sunderland,Chelsea,3,2
4698,England,England Premier League,2015/2016,2016-05-07 00:00:00,West Ham United,Swansea City,1,4
4693,England,England Premier League,2015/2016,2016-05-08 00:00:00,Liverpool,Watford,2,0
4694,England,England Premier League,2015/2016,2016-05-08 00:00:00,Manchester City,Arsenal,2,2
4697,England,England Premier League,2015/2016,2016-05-08 00:00:00,Tottenham Hotspur,Southampton,1,2
4678,England,England Premier League,2015/2016,2016-05-10 00:00:00,West Ham United,Manchester United,3,2
4623,England,England Premier League,2015/2016,2016-05-11 00:00:00,Liverpool,Chelsea,1,1
4627,England,England Premier League,2015/2016,2016-05-11 00:00:00,Sunderland,Everton,3,0
4675,England,England Premier League,2015/2016,2016-05-11 00:00:00,Norwich City,Watford,4,2
4699,England,England Premier League,2015/2016,2016-05-15 00:00:00,Arsenal,Aston Villa,4,0
4700,England,England Premier League,2015/2016,2016-05-15 00:00:00,Chelsea,Leicester City,1,1
4701,England,England Premier League,2015/2016,2016-05-15 00:00:00,Everton,Norwich City,3,0
4703,England,England Premier League,2015/2016,2016-05-15 00:00:00,Newcastle United,Tottenham Hotspur,5,1
4704,England,England Premier League,2015/2016,2016-05-15 00:00:00,Southampton,Crystal Palace,4,1
4705,England,England Premier League,2015/2016,2016-05-15 00:00:00,Stoke City,West Ham United,2,1
4706,England,England Premier League,2015/2016,2016-05-15 00:00:00,Swansea City,Manchester City,1,1
4707,England,England Premier League,2015/2016,2016-05-15 00:00:00,Watford,Sunderland,2,2
4708,England,England Premier League,2015/2016,2016-05-15 00:00:00,West Bromwich Albion,Liverpool,1,1
4702,England,England Premier League,2015/2016,2016-05-17 00:00:00,Manchester United,Bournemouth,3,1
